airport_name,airport_code,ga_terminal_name,state,longitude,latitude,terminal_count,match_status,year,rank,domestic_inbound,domestic_outbound,domestic_passengers,international_inbound,international_outbound,international_passengers,total_inbound,total_outbound,total_passengers,domestic_aircraft_movements,international_aircraft_movements,total_aircraft_movements,passengers_per_aircraft_movement,international_share
TOTAL AUSTRALIA,,,,,,,,1985,,14097448,14097448,28194896,2646731,2553642,5200373,16744179,16651090,33395269,850380,41891,892271,37.43,0.15572
TOTAL AUSTRALIA,,,,,,,,1986,,14831080,14831080,29662160,2973834,2844603,5818437,17804914,17675683,35480597,855394,48218,903612,39.27,0.16399
TOTAL AUSTRALIA,,,,,,,,1987,,15601526,15601526,31203052,3436278,3278154,6714432,19037804,18879680,37917484,859826,53464,913290,41.52,0.17708
TOTAL AUSTRALIA,,,,,,,,1988,,16859253,16859253,33718506,3955119,3811663,7766782,20814372,20670916,41485288,900960,60134,961094,43.16,0.18722
TOTAL AUSTRALIA,,,,,,,,1989,,12555685,12555685,25111370,4015692,3915411,7931103,16571377,16471096,33042473,772640,67005,839645,39.35,0.24003
TOTAL AUSTRALIA,,,,,,,,1990,,15200051,15200051,30400102,4303048,4219177,8522225,19503099,19419228,38922327,830384,72357,902741,43.12,0.21895
TOTAL AUSTRALIA,,,,,,,,1991,,19205741,19205741,38411482,4354044,4298533,8652577,23559785,23504274,47064059,939642,74018,1013660,46.43,0.18385
TOTAL AUSTRALIA,,,,,,,,1992,,20185381,20185381,40370762,4670465,4637463,9307928,24855846,24822844,49678690,1017584,80990,1098574,45.22,0.18736
TOTAL AUSTRALIA,,,,,,,,1993,,21602443,21602443,43204886,5127845,5050440,10178285,26730288,26652883,53383171,1055024,87168,1142192,46.74,0.19066
TOTAL AUSTRALIA,,,,,,,,1994,,24146413,24146413,48292826,5591850,5521750,11113600,29738263,29668163,59406426,1100046,87956,1188002,50.01,0.18708
TOTAL AUSTRALIA,,,,,,,,1995,,25957728,25957728,51915456,6081266,5981942,12063208,32038994,31939670,63978664,1141886,94967,1236853,51.73,0.18855
TOTAL AUSTRALIA,,,,,,,,1996,,27231827,27231827,54463654,6691018,6576169,13267187,33922845,33807996,67730841,1177582,102323,1279905,52.92,0.19588
TOTAL AUSTRALIA,,,,,,,,1997,,27510075,27510075,55020150,7074238,7000617,14074855,34584313,34510692,69095005,1163446,105202,1268648,54.46,0.2037
TOTAL AUSTRALIA,,,,,,,,1998,,27866610,27866610,55733220,7153314,7083991,14237305,35019924,34950601,69970525,1169026,106138,1275164,54.87,0.20348
TOTAL AUSTRALIA,,,,,,,,1999,,28815847,28815847,57631694,7542323,7444240,14986563,36358170,36260087,72618257,1175224,105154,1280378,56.72,0.20637
TOTAL AUSTRALIA,,,,,,,,2000,,30832150,30832150,61664300,8264740,8222934,16487674,39096890,39055084,78151974,1211560,111854,1323414,59.05,0.21097
TOTAL AUSTRALIA,,,,,,,,2001,,31186813,31186813,62373626,8449152,8350563,16799715,39635965,39537376,79173341,1127854,109712,1237566,63.98,0.21219
TOTAL AUSTRALIA,,,,,,,,2002,,29703395,29703395,59406790,8371767,8310606,16682373,38075162,38014001,76089163,957422,105285,1062707,71.6,0.21925
TOTAL AUSTRALIA,,,,,,,,2003,,32707777,32707777,65415554,8263130,8187601,16450731,40970907,40895378,81866285,956174,108564,1064738,76.89,0.20095
TOTAL AUSTRALIA,,,,,,,,2004,,37430457,37430457,74860914,9707573,9663477,19371050,47138030,47093934,94231964,1047268,127966,1175234,80.18,0.20557
TOTAL AUSTRALIA,,,,,,,,2005,,40369710,40369710,80739420,10503173,10375226,20878399,50872883,50744936,101617819,1083182,134323,1217505,83.46,0.20546
TOTAL AUSTRALIA,,,,,,,,2006,,43301781,43301781,86603562,10842804,10644280,21487084,54144585,53946061,108090646,1077804,131550,1209354,89.38,0.19879
TOTAL AUSTRALIA,,,,,,,,2007,,46385310,46385310,92770620,11476806,11298873,22775679,57862116,57684183,115546299,1090756,134530,1225286,94.3,0.19711
TOTAL AUSTRALIA,,,,,,,,2008,,49498145,49498145,98996290,11886410,11585620,23472030,61384555,61083765,122468320,1136004,143342,1279346,95.73,0.19166
TOTAL AUSTRALIA,,,,,,,,2009,,49516242,49516242,99032484,12307119,12099781,24406900,61823361,61616023,123439384,1110606,149267,1259873,97.98,0.19772
TOTAL AUSTRALIA,,,,,,,,2010,,52974442,52974442,105948884,13429400,13360915,26790315,66403842,66335357,132739199,1199722,157764,1357486,97.78,0.20183
TOTAL AUSTRALIA,,,,,,,,2011,,53471690,53471690,106943380,14151843,14003166,28155009,67623533,67474856,135098389,1211112,163548,1374660,98.28,0.2084
TOTAL AUSTRALIA,,,,,,,,2012,,55684072,55684072,111368144,14913333,14695659,29608992,70597405,70379731,140977136,1263724,167098,1430822,98.53,0.21003
TOTAL AUSTRALIA,,,,,,,,2013,,56792491,56792491,113584982,15781860,15562656,31344516,72574351,72355147,144929498,1285390,175939,1461329,99.18,0.21627
TOTAL AUSTRALIA,,,,,,,,2014,,57004384,57004384,114008768,16645812,16487276,33133088,73650196,73491660,147141856,1267322,181595,1448917,101.55,0.22518
TOTAL AUSTRALIA,,,,,,,,2015,,57145993,57145993,114291986,17517506,17349143,34866649,74663499,74495136,149158635,1273846,179772,1453618,102.61,0.23376
TOTAL AUSTRALIA,,,,,,,,2016,,58618872,58618872,117237744,18913689,18703064,37616753,77532561,77321936,154854497,1287340,193607,1480947,104.56,0.24292
TOTAL AUSTRALIA,,,,,,,,2017,,59576167,59576167,119152334,19931301,19684406,39615707,79507468,79260573,158768041,1276420,201186,1477606,107.45,0.24952
TOTAL AUSTRALIA,,,,,,,,2018,,60629589,60629589,121259178,20889591,20685722,41575313,81519180,81315311,162834491,1258280,210355,1468635,110.87,0.25532
TOTAL AUSTRALIA,,,,,,,,2019,,60904230,60904230,121808460,21350917,21157538,42508455,82255147,82061768,164316915,1271136,211669,1482805,110.81,0.2587
TOTAL AUSTRALIA,,,,,,,,2020,,19263429,19263429,38526858,4827135,4475069,9302204,24090564,23738498,47829062,564872,78276,643148,74.37,0.19449
TOTAL AUSTRALIA,,,,,,,,2021,,23337814,23337814,46675628,702775,852586,1555361,24040589,24190400,48230989,733144,54234,787378,61.26,0.03225
TOTAL AUSTRALIA,,,,,,,,2022,,49716569,49716569,99433138,9643740,9435018,19078758,59360309,59151587,118511896,1111652,113401,1225053,96.74,0.16099
TOTAL AUSTRALIA,,,,,,,,2023,,56824860,56824860,113649720,18094368,17683672,35778040,74919228,74508532,149427760,1220448,184243,1404691,106.38,0.23943
TOTAL AUSTRALIA,,,,,,,,2024,,58879880,58879880,117759760,20785907,20571918,41357825,79665787,79451798,159117585,1225152,208424,1433576,110.99,0.25992
TOTAL AUSTRALIA,,,,,,,,2025,,59890789,59890789,119781578,22542939,22298364,44841303,82433728,82189153,164622881,1201648,222356,1424004,115.61,0.27239
ADELAIDE,ADL,Adelaide,South Australia,138.537544,-34.938622,1,normalised_exact,1985,4,957880,953867,1911747,55353,52681,108034,1013233,1006548,2019781,47024,886,47910,42.16,0.05349
ADELAIDE,ADL,Adelaide,South Australia,138.537544,-34.938622,1,normalised_exact,1986,4,991011,987422,1978433,70273,66298,136571,1061284,1053720,2115004,52596,1671,54267,38.97,0.06457
ADELAIDE,ADL,Adelaide,South Australia,138.537544,-34.938622,1,normalised_exact,1987,5,1004223,1004620,2008843,71765,67927,139692,1075988,1072547,2148535,45971,1636,47607,45.13,0.06502
ADELAIDE,ADL,Adelaide,South Australia,138.537544,-34.938622,1,normalised_exact,1988,4,1082379,1081872,2164251,72473,68411,140884,1154852,1150283,2305135,47250,1627,48877,47.16,0.06112
ADELAIDE,ADL,Adelaide,South Australia,138.537544,-34.938622,1,normalised_exact,1989,5,864156,870896,1735052,75625,71553,147178,939781,942449,1882230,43337,1965,45302,41.55,0.07819
ADELAIDE,ADL,Adelaide,South Australia,138.537544,-34.938622,1,normalised_exact,1990,5,1050530,1057316,2107846,92869,88528,181397,1143399,1145844,2289243,43238,2204,45442,50.38,0.07924
ADELAIDE,ADL,Adelaide,South Australia,138.537544,-34.938622,1,normalised_exact,1991,5,1312333,1317683,2630016,96960,95124,192084,1409293,1412807,2822100,51525,2311,53836,52.42,0.06806
ADELAIDE,ADL,Adelaide,South Australia,138.537544,-34.938622,1,normalised_exact,1992,4,1363408,1366447,2729855,103932,100531,204463,1467340,1466978,2934318,55213,2372,57585,50.96,0.06968
ADELAIDE,ADL,Adelaide,South Australia,138.537544,-34.938622,1,normalised_exact,1993,5,1452121,1457774,2909895,112290,104129,216419,1564411,1561903,3126314,56371,2267,58638,53.32,0.06922
ADELAIDE,ADL,Adelaide,South Australia,138.537544,-34.938622,1,normalised_exact,1994,5,1578541,1596209,3174750,111407,102949,214356,1689948,1699158,3389106,58955,2292,61247,55.34,0.06325
ADELAIDE,ADL,Adelaide,South Australia,138.537544,-34.938622,1,normalised_exact,1995,5,1704117,1715577,3419694,107676,99945,207621,1811793,1815522,3627315,63337,2135,65472,55.4,0.05724
ADELAIDE,ADL,Adelaide,South Australia,138.537544,-34.938622,1,normalised_exact,1996,5,1777723,1782106,3559829,103704,102159,205863,1881427,1884265,3765692,65830,2167,67997,55.38,0.05467
ADELAIDE,ADL,Adelaide,South Australia,138.537544,-34.938622,1,normalised_exact,1997,5,1815098,1821304,3636402,105895,102995,208890,1920993,1924299,3845292,68655,2034,70689,54.4,0.05432
ADELAIDE,ADL,Adelaide,South Australia,138.537544,-34.938622,1,normalised_exact,1998,5,1893971,1895487,3789458,112689,110346,223035,2006660,2005833,4012493,71392,2043,73435,54.64,0.05559
ADELAIDE,ADL,Adelaide,South Australia,138.537544,-34.938622,1,normalised_exact,1999,5,1925483,1935427,3860910,123513,117501,241014,2048996,2052928,4101924,70192,1951,72143,56.86,0.05876
ADELAIDE,ADL,Adelaide,South Australia,138.537544,-34.938622,1,normalised_exact,2000,5,1983734,1979425,3963159,139535,130564,270099,2123269,2109989,4233258,69338,1921,71259,59.41,0.0638
ADELAIDE,ADL,Adelaide,South Australia,138.537544,-34.938622,1,normalised_exact,2001,5,2088198,2094282,4182480,124361,117483,241844,2212559,2211765,4424324,70196,1816,72012,61.44,0.05466
ADELAIDE,ADL,Adelaide,South Australia,138.537544,-34.938622,1,normalised_exact,2002,5,1996080,1998230,3994310,115448,108903,224351,2111528,2107133,4218661,64543,1703,66246,63.68,0.05318
ADELAIDE,ADL,Adelaide,South Australia,138.537544,-34.938622,1,normalised_exact,2003,5,2188997,2195098,4384095,107577,99272,206849,2296574,2294370,4590944,63435,1773,65208,70.4,0.04506
ADELAIDE,ADL,Adelaide,South Australia,138.537544,-34.938622,1,normalised_exact,2004,5,2415418,2424467,4839885,147055,139028,286083,2562473,2563495,5125968,67304,1990,69294,73.97,0.05581
ADELAIDE,ADL,Adelaide,South Australia,138.537544,-34.938622,1,normalised_exact,2005,5,2621067,2640610,5261677,172571,161727,334298,2793638,2802337,5595975,68352,2339,70691,79.16,0.05974
ADELAIDE,ADL,Adelaide,South Australia,138.537544,-34.938622,1,normalised_exact,2006,5,2793335,2798978,5592313,209029,191460,400489,3002364,2990438,5992802,68544,2845,71389,83.95,0.06683
ADELAIDE,ADL,Adelaide,South Australia,138.537544,-34.938622,1,normalised_exact,2007,5,2946819,2959610,5906429,234751,220398,455149,3181570,3180008,6361578,71392,3048,74440,85.46,0.07155
ADELAIDE,ADL,Adelaide,South Australia,138.537544,-34.938622,1,normalised_exact,2008,5,3127058,3143311,6270369,249375,230304,479679,3376433,3373615,6750048,71437,3324,74761,90.29,0.07106
ADELAIDE,ADL,Adelaide,South Australia,138.537544,-34.938622,1,normalised_exact,2009,5,3164872,3175476,6340348,257754,243645,501399,3422626,3419121,6841747,69484,3521,73005,93.72,0.07329
ADELAIDE,ADL,Adelaide,South Australia,138.537544,-34.938622,1,normalised_exact,2010,5,3374644,3383607,6758251,273337,259055,532392,3647981,3642662,7290643,74086,3285,77371,94.23,0.07302
ADELAIDE,ADL,Adelaide,South Australia,138.537544,-34.938622,1,normalised_exact,2011,5,3221062,3217272,6438334,296137,286936,583073,3517199,3504208,7021407,70031,3455,73486,95.55,0.08304
ADELAIDE,ADL,Adelaide,South Australia,138.537544,-34.938622,1,normalised_exact,2012,5,3208500,3208315,6416815,330842,319235,650077,3539342,3527550,7066892,69958,4046,74004,95.49,0.09199
ADELAIDE,ADL,Adelaide,South Australia,138.537544,-34.938622,1,normalised_exact,2013,5,3285242,3289047,6574289,406878,392707,799585,3692120,3681754,7373874,71061,4710,75771,97.32,0.10843
ADELAIDE,ADL,Adelaide,South Australia,138.537544,-34.938622,1,normalised_exact,2014,5,3364494,3367105,6731599,488795,478470,967265,3853289,3845575,7698864,72728,5348,78076,98.61,0.12564
ADELAIDE,ADL,Adelaide,South Australia,138.537544,-34.938622,1,normalised_exact,2015,5,3402848,3396933,6799781,438120,433268,871388,3840968,3830201,7671169,74114,4292,78406,97.84,0.11359
ADELAIDE,ADL,Adelaide,South Australia,138.537544,-34.938622,1,normalised_exact,2016,5,3502850,3493144,6995994,460538,463641,924179,3963388,3956785,7920173,74378,4658,79036,100.21,0.11669
ADELAIDE,ADL,Adelaide,South Australia,138.537544,-34.938622,1,normalised_exact,2017,5,3577907,3571052,7148959,484696,478279,962975,4062603,4049331,8111934,73252,4766,78018,103.98,0.11871
ADELAIDE,ADL,Adelaide,South Australia,138.537544,-34.938622,1,normalised_exact,2018,5,3662255,3658087,7320342,515561,510400,1025961,4177816,4168487,8346303,73122,4975,78097,106.87,0.12292
ADELAIDE,ADL,Adelaide,South Australia,138.537544,-34.938622,1,normalised_exact,2019,5,3692959,3694620,7387579,569488,559104,1128592,4262447,4253724,8516171,73766,5433,79199,107.53,0.13252
ADELAIDE,ADL,Adelaide,South Australia,138.537544,-34.938622,1,normalised_exact,2020,5,1174590,1177819,2352409,135001,105958,240959,1309591,1283777,2593368,31600,1568,33168,78.19,0.09291
ADELAIDE,ADL,Adelaide,South Australia,138.537544,-34.938622,1,normalised_exact,2021,5,1510627,1517980,3028607,22140,13548,35688,1532767,1531528,3064295,42814,977,43791,69.98,0.01165
ADELAIDE,ADL,Adelaide,South Australia,138.537544,-34.938622,1,normalised_exact,2022,5,3015324,2991535,6006859,202603,207374,409977,3217927,3198909,6416836,62238,2769,65007,98.71,0.06389
ADELAIDE,ADL,Adelaide,South Australia,138.537544,-34.938622,1,normalised_exact,2023,5,3561187,3555185,7116372,449165,431949,881114,4010352,3987134,7997486,70796,5543,76339,104.76,0.11017
ADELAIDE,ADL,Adelaide,South Australia,138.537544,-34.938622,1,normalised_exact,2024,5,3694044,3693149,7387193,490963,473480,964443,4185007,4166629,8351636,70442,5194,75636,110.42,0.11548
ADELAIDE,ADL,Adelaide,South Australia,138.537544,-34.938622,1,normalised_exact,2025,5,3744869,3736347,7481216,581542,573907,1155449,4326411,4310254,8636665,68736,6180,74916,115.28,0.13378
ALBANY,ALH,Albany,Western Australia,117.803521,-34.944963,1,normalised_exact,1985,,6330,6313,12643,0,0,0,6330,6313,12643,1192,0,1192,10.61,0.0
ALBANY,ALH,Albany,Western Australia,117.803521,-34.944963,1,normalised_exact,1986,,7298,7152,14450,0,0,0,7298,7152,14450,1248,0,1248,11.58,0.0
ALBANY,ALH,Albany,Western Australia,117.803521,-34.944963,1,normalised_exact,1987,,7601,7497,15098,0,0,0,7601,7497,15098,1261,0,1261,11.97,0.0
ALBANY,ALH,Albany,Western Australia,117.803521,-34.944963,1,normalised_exact,1988,,7729,7764,15493,0,0,0,7729,7764,15493,1246,0,1246,12.43,0.0
ALBANY,ALH,Albany,Western Australia,117.803521,-34.944963,1,normalised_exact,1989,,7173,7223,14396,0,0,0,7173,7223,14396,1242,0,1242,11.59,0.0
ALBANY,ALH,Albany,Western Australia,117.803521,-34.944963,1,normalised_exact,1990,,7428,7390,14818,0,0,0,7428,7390,14818,1184,0,1184,12.52,0.0
ALBANY,ALH,Albany,Western Australia,117.803521,-34.944963,1,normalised_exact,1991,,7434,7159,14593,0,0,0,7434,7159,14593,1228,0,1228,11.88,0.0
ALBANY,ALH,Albany,Western Australia,117.803521,-34.944963,1,normalised_exact,1992,,7485,7526,15011,0,0,0,7485,7526,15011,1228,0,1228,12.22,0.0
ALBANY,ALH,Albany,Western Australia,117.803521,-34.944963,1,normalised_exact,1993,,8192,8032,16224,0,0,0,8192,8032,16224,1232,0,1232,13.17,0.0
ALBANY,ALH,Albany,Western Australia,117.803521,-34.944963,1,normalised_exact,1994,,9492,9464,18956,0,0,0,9492,9464,18956,1282,0,1282,14.79,0.0
ALBANY,ALH,Albany,Western Australia,117.803521,-34.944963,1,normalised_exact,1995,,12176,12008,24184,0,0,0,12176,12008,24184,1274,0,1274,18.98,0.0
ALBANY,ALH,Albany,Western Australia,117.803521,-34.944963,1,normalised_exact,1996,,15007,14986,29993,0,0,0,15007,14986,29993,1265,0,1265,23.71,0.0
ALBANY,ALH,Albany,Western Australia,117.803521,-34.944963,1,normalised_exact,1997,,16225,15843,32068,0,0,0,16225,15843,32068,1234,0,1234,25.99,0.0
ALBANY,ALH,Albany,Western Australia,117.803521,-34.944963,1,normalised_exact,1998,,17543,17296,34839,0,0,0,17543,17296,34839,1230,0,1230,28.32,0.0
ALBANY,ALH,Albany,Western Australia,117.803521,-34.944963,1,normalised_exact,1999,,19973,19931,39904,0,0,0,19973,19931,39904,1316,0,1316,30.32,0.0
ALBANY,ALH,Albany,Western Australia,117.803521,-34.944963,1,normalised_exact,2000,,22150,21872,44022,0,0,0,22150,21872,44022,1556,0,1556,28.29,0.0
ALBANY,ALH,Albany,Western Australia,117.803521,-34.944963,1,normalised_exact,2001,,18883,18915,37798,0,0,0,18883,18915,37798,1358,0,1358,27.83,0.0
ALBANY,ALH,Albany,Western Australia,117.803521,-34.944963,1,normalised_exact,2002,,16837,16991,33828,0,0,0,16837,16991,33828,1353,0,1353,25.0,0.0
ALBANY,ALH,Albany,Western Australia,117.803521,-34.944963,1,normalised_exact,2003,,17622,17620,35242,0,0,0,17622,17620,35242,1340,0,1340,26.3,0.0
ALBANY,ALH,Albany,Western Australia,117.803521,-34.944963,1,normalised_exact,2004,,20548,20330,40878,0,0,0,20548,20330,40878,1372,0,1372,29.79,0.0
ALBANY,ALH,Albany,Western Australia,117.803521,-34.944963,1,normalised_exact,2005,,22681,22939,45620,0,0,0,22681,22939,45620,1477,0,1477,30.89,0.0
ALBANY,ALH,Albany,Western Australia,117.803521,-34.944963,1,normalised_exact,2006,55,25820,25884,51704,0,0,0,25820,25884,51704,1609,0,1609,32.13,0.0
ALBANY,ALH,Albany,Western Australia,117.803521,-34.944963,1,normalised_exact,2007,56,27243,27395,54638,0,0,0,27243,27395,54638,1723,0,1723,31.71,0.0
ALBANY,ALH,Albany,Western Australia,117.803521,-34.944963,1,normalised_exact,2008,58,28406,28435,56841,0,0,0,28406,28435,56841,1876,0,1876,30.3,0.0
ALBANY,ALH,Albany,Western Australia,117.803521,-34.944963,1,normalised_exact,2009,58,25016,25365,50381,0,0,0,25016,25365,50381,1742,0,1742,28.92,0.0
ALBANY,ALH,Albany,Western Australia,117.803521,-34.944963,1,normalised_exact,2010,55,27289,27113,54402,0,0,0,27289,27113,54402,1788,0,1788,30.43,0.0
ALBANY,ALH,Albany,Western Australia,117.803521,-34.944963,1,normalised_exact,2011,59,29274,29089,58363,0,0,0,29274,29089,58363,1903,0,1903,30.67,0.0
ALBANY,ALH,Albany,Western Australia,117.803521,-34.944963,1,normalised_exact,2012,58,29502,29496,58998,0,0,0,29502,29496,58998,1999,0,1999,29.51,0.0
ALBANY,ALH,Albany,Western Australia,117.803521,-34.944963,1,normalised_exact,2013,57,29380,29523,58903,0,0,0,29380,29523,58903,1991,0,1991,29.58,0.0
ALBANY,ALH,Albany,Western Australia,117.803521,-34.944963,1,normalised_exact,2014,56,29996,30059,60055,0,0,0,29996,30059,60055,1982,0,1982,30.3,0.0
ALBANY,ALH,Albany,Western Australia,117.803521,-34.944963,1,normalised_exact,2015,59,26791,26766,53557,0,0,0,26791,26766,53557,1529,0,1529,35.03,0.0
ALBANY,ALH,Albany,Western Australia,117.803521,-34.944963,1,normalised_exact,2016,58,27069,27338,54407,0,0,0,27069,27338,54407,2222,0,2222,24.49,0.0
ALBANY,ALH,Albany,Western Australia,117.803521,-34.944963,1,normalised_exact,2017,61,28117,28444,56561,0,0,0,28117,28444,56561,2326,0,2326,24.32,0.0
ALBANY,ALH,Albany,Western Australia,117.803521,-34.944963,1,normalised_exact,2018,60,30109,30524,60633,0,0,0,30109,30524,60633,2329,0,2329,26.03,0.0
ALBANY,ALH,Albany,Western Australia,117.803521,-34.944963,1,normalised_exact,2019,57,31038,31203,62241,0,0,0,31038,31203,62241,2342,0,2342,26.58,0.0
ALBANY,ALH,Albany,Western Australia,117.803521,-34.944963,1,normalised_exact,2020,,16500,16960,33460,0,0,0,16500,16960,33460,1342,0,1342,24.93,0.0
ALBANY,ALH,Albany,Western Australia,117.803521,-34.944963,1,normalised_exact,2021,,23920,24495,48415,0,0,0,23920,24495,48415,1814,0,1814,26.69,0.0
ALBANY,ALH,Albany,Western Australia,117.803521,-34.944963,1,normalised_exact,2022,56,27523,27894,55417,0,0,0,27523,27894,55417,1931,0,1931,28.7,0.0
ALBANY,ALH,Albany,Western Australia,117.803521,-34.944963,1,normalised_exact,2023,57,31362,31864,63226,0,0,0,31362,31864,63226,2353,0,2353,26.87,0.0
ALBANY,ALH,Albany,Western Australia,117.803521,-34.944963,1,normalised_exact,2024,57,33316,33800,67116,0,0,0,33316,33800,67116,2448,0,2448,27.42,0.0
ALBANY,ALH,Albany,Western Australia,117.803521,-34.944963,1,normalised_exact,2025,57,32872,33117,65989,0,0,0,32872,33117,65989,2407,0,2407,27.42,0.0
ALBURY,ABX,Albury,New South Wales,146.954549,-36.069329,1,normalised_exact,1985,15,133837,132536,266373,0,0,0,133837,132536,266373,10994,0,10994,24.23,0.0
ALBURY,ABX,Albury,New South Wales,146.954549,-36.069329,1,normalised_exact,1986,16,140242,139806,280048,0,0,0,140242,139806,280048,11818,0,11818,23.7,0.0
ALBURY,ABX,Albury,New South Wales,146.954549,-36.069329,1,normalised_exact,1987,16,129544,128137,257681,0,0,0,129544,128137,257681,11688,0,11688,22.05,0.0
ALBURY,ABX,Albury,New South Wales,146.954549,-36.069329,1,normalised_exact,1988,17,100096,99269,199365,0,0,0,100096,99269,199365,10110,0,10110,19.72,0.0
ALBURY,ABX,Albury,New South Wales,146.954549,-36.069329,1,normalised_exact,1989,19,56835,56776,113611,0,0,0,56835,56776,113611,7896,0,7896,14.39,0.0
ALBURY,ABX,Albury,New South Wales,146.954549,-36.069329,1,normalised_exact,1990,24,47392,46707,94099,0,0,0,47392,46707,94099,7702,0,7702,12.22,0.0
ALBURY,ABX,Albury,New South Wales,146.954549,-36.069329,1,normalised_exact,1991,23,54748,55298,110046,0,0,0,54748,55298,110046,8451,0,8451,13.02,0.0
ALBURY,ABX,Albury,New South Wales,146.954549,-36.069329,1,normalised_exact,1992,23,59819,58559,118378,0,0,0,59819,58559,118378,8671,0,8671,13.65,0.0
ALBURY,ABX,Albury,New South Wales,146.954549,-36.069329,1,normalised_exact,1993,22,62158,62801,124959,0,0,0,62158,62801,124959,11005,0,11005,11.35,0.0
ALBURY,ABX,Albury,New South Wales,146.954549,-36.069329,1,normalised_exact,1994,23,71409,71862,143271,0,0,0,71409,71862,143271,12563,0,12563,11.4,0.0
ALBURY,ABX,Albury,New South Wales,146.954549,-36.069329,1,normalised_exact,1995,23,74539,73971,148510,0,0,0,74539,73971,148510,12993,0,12993,11.43,0.0
ALBURY,ABX,Albury,New South Wales,146.954549,-36.069329,1,normalised_exact,1996,23,75765,76325,152090,0,0,0,75765,76325,152090,12204,0,12204,12.46,0.0
ALBURY,ABX,Albury,New South Wales,146.954549,-36.069329,1,normalised_exact,1997,23,78085,78540,156625,0,0,0,78085,78540,156625,11571,0,11571,13.54,0.0
ALBURY,ABX,Albury,New South Wales,146.954549,-36.069329,1,normalised_exact,1998,23,78407,78379,156786,0,0,0,78407,78379,156786,11380,0,11380,13.78,0.0
ALBURY,ABX,Albury,New South Wales,146.954549,-36.069329,1,normalised_exact,1999,25,78589,78993,157582,0,0,0,78589,78993,157582,11523,0,11523,13.68,0.0
ALBURY,ABX,Albury,New South Wales,146.954549,-36.069329,1,normalised_exact,2000,24,83572,83623,167195,0,0,0,83572,83623,167195,12190,0,12190,13.72,0.0
ALBURY,ABX,Albury,New South Wales,146.954549,-36.069329,1,normalised_exact,2001,24,72600,71884,144484,0,0,0,72600,71884,144484,10599,0,10599,13.63,0.0
ALBURY,ABX,Albury,New South Wales,146.954549,-36.069329,1,normalised_exact,2002,25,62926,62043,124969,0,0,0,62926,62043,124969,7152,0,7152,17.47,0.0
ALBURY,ABX,Albury,New South Wales,146.954549,-36.069329,1,normalised_exact,2003,24,70889,70981,141870,0,0,0,70889,70981,141870,8141,0,8141,17.43,0.0
ALBURY,ABX,Albury,New South Wales,146.954549,-36.069329,1,normalised_exact,2004,24,88308,88592,176900,0,0,0,88308,88592,176900,8560,0,8560,20.67,0.0
ALBURY,ABX,Albury,New South Wales,146.954549,-36.069329,1,normalised_exact,2005,26,95424,95348,190772,0,0,0,95424,95348,190772,8574,0,8574,22.25,0.0
ALBURY,ABX,Albury,New South Wales,146.954549,-36.069329,1,normalised_exact,2006,25,102111,102355,204466,0,0,0,102111,102355,204466,8794,0,8794,23.25,0.0
ALBURY,ABX,Albury,New South Wales,146.954549,-36.069329,1,normalised_exact,2007,26,109138,110874,220012,0,0,0,109138,110874,220012,8945,0,8945,24.6,0.0
ALBURY,ABX,Albury,New South Wales,146.954549,-36.069329,1,normalised_exact,2008,24,140183,138131,278314,0,0,0,140183,138131,278314,9887,0,9887,28.15,0.0
ALBURY,ABX,Albury,New South Wales,146.954549,-36.069329,1,normalised_exact,2009,24,141601,140600,282201,0,0,0,141601,140600,282201,9332,0,9332,30.24,0.0
ALBURY,ABX,Albury,New South Wales,146.954549,-36.069329,1,normalised_exact,2010,24,146339,145460,291799,0,0,0,146339,145460,291799,9300,0,9300,31.38,0.0
ALBURY,ABX,Albury,New South Wales,146.954549,-36.069329,1,normalised_exact,2011,26,140033,140438,280471,0,0,0,140033,140438,280471,9237,0,9237,30.36,0.0
ALBURY,ABX,Albury,New South Wales,146.954549,-36.069329,1,normalised_exact,2012,29,137996,138766,276762,0,0,0,137996,138766,276762,8470,0,8470,32.68,0.0
ALBURY,ABX,Albury,New South Wales,146.954549,-36.069329,1,normalised_exact,2013,27,129103,130343,259446,0,0,0,129103,130343,259446,8213,0,8213,31.59,0.0
ALBURY,ABX,Albury,New South Wales,146.954549,-36.069329,1,normalised_exact,2014,29,123256,124551,247807,0,0,0,123256,124551,247807,7939,0,7939,31.21,0.0
ALBURY,ABX,Albury,New South Wales,146.954549,-36.069329,1,normalised_exact,2015,28,119487,119967,239454,0,0,0,119487,119967,239454,7595,0,7595,31.53,0.0
ALBURY,ABX,Albury,New South Wales,146.954549,-36.069329,1,normalised_exact,2016,28,125564,125790,251354,0,0,0,125564,125790,251354,7999,0,7999,31.42,0.0
ALBURY,ABX,Albury,New South Wales,146.954549,-36.069329,1,normalised_exact,2017,28,132538,133054,265592,0,0,0,132538,133054,265592,8554,0,8554,31.05,0.0
ALBURY,ABX,Albury,New South Wales,146.954549,-36.069329,1,normalised_exact,2018,28,128157,129177,257334,0,0,0,128157,129177,257334,7743,0,7743,33.23,0.0
ALBURY,ABX,Albury,New South Wales,146.954549,-36.069329,1,normalised_exact,2019,28,125760,126741,252501,0,0,0,125760,126741,252501,7742,0,7742,32.61,0.0
ALBURY,ABX,Albury,New South Wales,146.954549,-36.069329,1,normalised_exact,2020,34,31696,32106,63802,0,0,0,31696,32106,63802,2809,0,2809,22.71,0.0
ALBURY,ABX,Albury,New South Wales,146.954549,-36.069329,1,normalised_exact,2021,39,36748,37355,74103,0,0,0,36748,37355,74103,3078,0,3078,24.08,0.0
ALBURY,ABX,Albury,New South Wales,146.954549,-36.069329,1,normalised_exact,2022,29,103553,104400,207953,0,0,0,103553,104400,207953,6229,0,6229,33.38,0.0
ALBURY,ABX,Albury,New South Wales,146.954549,-36.069329,1,normalised_exact,2023,28,129788,128865,258653,0,0,0,129788,128865,258653,6619,0,6619,39.08,0.0
ALBURY,ABX,Albury,New South Wales,146.954549,-36.069329,1,normalised_exact,2024,28,127102,125948,253050,0,0,0,127102,125948,253050,5688,0,5688,44.49,0.0
ALBURY,ABX,Albury,New South Wales,146.954549,-36.069329,1,normalised_exact,2025,30,112017,111341,223358,0,0,0,112017,111341,223358,5028,0,5028,44.42,0.0
ALICE SPRINGS,ASP,Alice Springs,Northern Territory,133.903062,-23.801906,1,normalised_exact,1985,12,246496,247102,493598,0,0,0,246496,247102,493598,6974,0,6974,70.78,0.0
ALICE SPRINGS,ASP,Alice Springs,Northern Territory,133.903062,-23.801906,1,normalised_exact,1986,10,300054,298834,598888,0,0,0,300054,298834,598888,8197,0,8197,73.06,0.0
ALICE SPRINGS,ASP,Alice Springs,Northern Territory,133.903062,-23.801906,1,normalised_exact,1987,10,342412,346651,689063,0,0,0,342412,346651,689063,10106,0,10106,68.18,0.0
ALICE SPRINGS,ASP,Alice Springs,Northern Territory,133.903062,-23.801906,1,normalised_exact,1988,10,364014,366656,730670,0,0,0,364014,366656,730670,9659,0,9659,75.65,0.0
ALICE SPRINGS,ASP,Alice Springs,Northern Territory,133.903062,-23.801906,1,normalised_exact,1989,10,249855,251325,501180,0,0,0,249855,251325,501180,6709,0,6709,74.7,0.0
ALICE SPRINGS,ASP,Alice Springs,Northern Territory,133.903062,-23.801906,1,normalised_exact,1990,9,328047,330009,658056,0,0,0,328047,330009,658056,9092,0,9092,72.38,0.0
ALICE SPRINGS,ASP,Alice Springs,Northern Territory,133.903062,-23.801906,1,normalised_exact,1991,9,355306,357022,712328,0,0,0,355306,357022,712328,10113,0,10113,70.44,0.0
ALICE SPRINGS,ASP,Alice Springs,Northern Territory,133.903062,-23.801906,1,normalised_exact,1992,9,368621,371848,740469,0,0,0,368621,371848,740469,10647,0,10647,69.55,0.0
ALICE SPRINGS,ASP,Alice Springs,Northern Territory,133.903062,-23.801906,1,normalised_exact,1993,9,424882,430264,855146,0,0,0,424882,430264,855146,12081,0,12081,70.78,0.0
ALICE SPRINGS,ASP,Alice Springs,Northern Territory,133.903062,-23.801906,1,normalised_exact,1994,9,461370,471679,933049,0,0,0,461370,471679,933049,13375,0,13375,69.76,0.0
ALICE SPRINGS,ASP,Alice Springs,Northern Territory,133.903062,-23.801906,1,normalised_exact,1995,9,447523,461249,908772,0,0,0,447523,461249,908772,13628,0,13628,66.68,0.0
ALICE SPRINGS,ASP,Alice Springs,Northern Territory,133.903062,-23.801906,1,normalised_exact,1996,11,407053,416644,823697,0,0,0,407053,416644,823697,13008,0,13008,63.32,0.0
ALICE SPRINGS,ASP,Alice Springs,Northern Territory,133.903062,-23.801906,1,normalised_exact,1997,11,387807,394722,782529,0,0,0,387807,394722,782529,13260,0,13260,59.01,0.0
ALICE SPRINGS,ASP,Alice Springs,Northern Territory,133.903062,-23.801906,1,normalised_exact,1998,11,393923,402098,796021,0,0,0,393923,402098,796021,13009,0,13009,61.19,0.0
ALICE SPRINGS,ASP,Alice Springs,Northern Territory,133.903062,-23.801906,1,normalised_exact,1999,11,390960,399665,790625,0,0,0,390960,399665,790625,12587,0,12587,62.81,0.0
ALICE SPRINGS,ASP,Alice Springs,Northern Territory,133.903062,-23.801906,1,normalised_exact,2000,11,375679,383595,759274,0,0,0,375679,383595,759274,11929,0,11929,63.65,0.0
ALICE SPRINGS,ASP,Alice Springs,Northern Territory,133.903062,-23.801906,1,normalised_exact,2001,12,314744,320971,635715,0,0,0,314744,320971,635715,10053,0,10053,63.24,0.0
ALICE SPRINGS,ASP,Alice Springs,Northern Territory,133.903062,-23.801906,1,normalised_exact,2002,13,274176,280058,554234,0,0,0,274176,280058,554234,7370,0,7370,75.2,0.0
ALICE SPRINGS,ASP,Alice Springs,Northern Territory,133.903062,-23.801906,1,normalised_exact,2003,13,290275,296142,586417,0,0,0,290275,296142,586417,7882,0,7882,74.4,0.0
ALICE SPRINGS,ASP,Alice Springs,Northern Territory,133.903062,-23.801906,1,normalised_exact,2004,13,301381,308527,609908,0,0,0,301381,308527,609908,7536,0,7536,80.93,0.0
ALICE SPRINGS,ASP,Alice Springs,Northern Territory,133.903062,-23.801906,1,normalised_exact,2005,16,294444,304636,599080,0,0,0,294444,304636,599080,7255,0,7255,82.57,0.0
ALICE SPRINGS,ASP,Alice Springs,Northern Territory,133.903062,-23.801906,1,normalised_exact,2006,16,303755,315134,618889,0,0,0,303755,315134,618889,6735,0,6735,91.89,0.0
ALICE SPRINGS,ASP,Alice Springs,Northern Territory,133.903062,-23.801906,1,normalised_exact,2007,17,307563,315962,623525,0,0,0,307563,315962,623525,6150,0,6150,101.39,0.0
ALICE SPRINGS,ASP,Alice Springs,Northern Territory,133.903062,-23.801906,1,normalised_exact,2008,17,322350,328530,650880,0,0,0,322350,328530,650880,6623,0,6623,98.28,0.0
ALICE SPRINGS,ASP,Alice Springs,Northern Territory,133.903062,-23.801906,1,normalised_exact,2009,17,334149,340752,674901,0,0,0,334149,340752,674901,6648,0,6648,101.52,0.0
ALICE SPRINGS,ASP,Alice Springs,Northern Territory,133.903062,-23.801906,1,normalised_exact,2010,17,330580,338264,668844,0,0,0,330580,338264,668844,6864,0,6864,97.44,0.0
ALICE SPRINGS,ASP,Alice Springs,Northern Territory,133.903062,-23.801906,1,normalised_exact,2011,18,296213,302536,598749,0,0,0,296213,302536,598749,6670,0,6670,89.77,0.0
ALICE SPRINGS,ASP,Alice Springs,Northern Territory,133.903062,-23.801906,1,normalised_exact,2012,18,287664,292088,579752,0,0,0,287664,292088,579752,6459,0,6459,89.76,0.0
ALICE SPRINGS,ASP,Alice Springs,Northern Territory,133.903062,-23.801906,1,normalised_exact,2013,18,325402,329843,655245,0,0,0,325402,329843,655245,6959,0,6959,94.16,0.0
ALICE SPRINGS,ASP,Alice Springs,Northern Territory,133.903062,-23.801906,1,normalised_exact,2014,18,309321,311748,621069,0,0,0,309321,311748,621069,6770,0,6770,91.74,0.0
ALICE SPRINGS,ASP,Alice Springs,Northern Territory,133.903062,-23.801906,1,normalised_exact,2015,18,293873,299637,593510,0,0,0,293873,299637,593510,6808,0,6808,87.18,0.0
ALICE SPRINGS,ASP,Alice Springs,Northern Territory,133.903062,-23.801906,1,normalised_exact,2016,16,304462,307712,612174,0,0,0,304462,307712,612174,7223,0,7223,84.75,0.0
ALICE SPRINGS,ASP,Alice Springs,Northern Territory,133.903062,-23.801906,1,normalised_exact,2017,16,307899,310595,618494,0,0,0,307899,310595,618494,7250,0,7250,85.31,0.0
ALICE SPRINGS,ASP,Alice Springs,Northern Territory,133.903062,-23.801906,1,normalised_exact,2018,16,308370,313042,621412,0,0,0,308370,313042,621412,7580,0,7580,81.98,0.0
ALICE SPRINGS,ASP,Alice Springs,Northern Territory,133.903062,-23.801906,1,normalised_exact,2019,17,274482,280062,554544,0,0,0,274482,280062,554544,6510,0,6510,85.18,0.0
ALICE SPRINGS,ASP,Alice Springs,Northern Territory,133.903062,-23.801906,1,normalised_exact,2020,21,105602,103631,209233,0,0,0,105602,103631,209233,3404,0,3404,61.47,0.0
ALICE SPRINGS,ASP,Alice Springs,Northern Territory,133.903062,-23.801906,1,normalised_exact,2021,24,128474,131074,259548,0,0,0,128474,131074,259548,4645,0,4645,55.88,0.0
ALICE SPRINGS,ASP,Alice Springs,Northern Territory,133.903062,-23.801906,1,normalised_exact,2022,23,172306,171885,344191,0,0,0,172306,171885,344191,4579,0,4579,75.17,0.0
ALICE SPRINGS,ASP,Alice Springs,Northern Territory,133.903062,-23.801906,1,normalised_exact,2023,25,178920,175149,354069,0,0,0,178920,175149,354069,4967,0,4967,71.28,0.0
ALICE SPRINGS,ASP,Alice Springs,Northern Territory,133.903062,-23.801906,1,normalised_exact,2024,24,186608,185176,371784,0,0,0,186608,185176,371784,5361,0,5361,69.35,0.0
ALICE SPRINGS,ASP,Alice Springs,Northern Territory,133.903062,-23.801906,1,normalised_exact,2025,25,179144,176062,355206,0,0,0,179144,176062,355206,5305,0,5305,66.96,0.0
ARMIDALE,ARM,Armidale,New South Wales,151.614987,-30.53216,1,normalised_exact,1985,35,36907,36972,73879,0,0,0,36907,36972,73879,5366,0,5366,13.77,0.0
ARMIDALE,ARM,Armidale,New South Wales,151.614987,-30.53216,1,normalised_exact,1986,32,41100,40245,81345,0,0,0,41100,40245,81345,5688,0,5688,14.3,0.0
ARMIDALE,ARM,Armidale,New South Wales,151.614987,-30.53216,1,normalised_exact,1987,28,44464,44133,88597,0,0,0,44464,44133,88597,5933,0,5933,14.93,0.0
ARMIDALE,ARM,Armidale,New South Wales,151.614987,-30.53216,1,normalised_exact,1988,32,39352,39069,78421,0,0,0,39352,39069,78421,4986,0,4986,15.73,0.0
ARMIDALE,ARM,Armidale,New South Wales,151.614987,-30.53216,1,normalised_exact,1989,,23031,22499,45530,0,0,0,23031,22499,45530,4191,0,4191,10.86,0.0
ARMIDALE,ARM,Armidale,New South Wales,151.614987,-30.53216,1,normalised_exact,1990,,24836,24608,49444,0,0,0,24836,24608,49444,4354,0,4354,11.36,0.0
ARMIDALE,ARM,Armidale,New South Wales,151.614987,-30.53216,1,normalised_exact,1991,42,25140,24942,50082,0,0,0,25140,24942,50082,5790,0,5790,8.65,0.0
ARMIDALE,ARM,Armidale,New South Wales,151.614987,-30.53216,1,normalised_exact,1992,44,25985,25960,51945,0,0,0,25985,25960,51945,4932,0,4932,10.53,0.0
ARMIDALE,ARM,Armidale,New South Wales,151.614987,-30.53216,1,normalised_exact,1993,42,29336,29190,58526,0,0,0,29336,29190,58526,8114,0,8114,7.21,0.0
ARMIDALE,ARM,Armidale,New South Wales,151.614987,-30.53216,1,normalised_exact,1994,43,32863,32809,65672,0,0,0,32863,32809,65672,6597,0,6597,9.95,0.0
ARMIDALE,ARM,Armidale,New South Wales,151.614987,-30.53216,1,normalised_exact,1995,43,33367,33067,66434,0,0,0,33367,33067,66434,6635,0,6635,10.01,0.0
ARMIDALE,ARM,Armidale,New South Wales,151.614987,-30.53216,1,normalised_exact,1996,43,32341,31901,64242,0,0,0,32341,31901,64242,6738,0,6738,9.53,0.0
ARMIDALE,ARM,Armidale,New South Wales,151.614987,-30.53216,1,normalised_exact,1997,44,32581,32375,64956,0,0,0,32581,32375,64956,6189,0,6189,10.5,0.0
ARMIDALE,ARM,Armidale,New South Wales,151.614987,-30.53216,1,normalised_exact,1998,43,34260,34172,68432,0,0,0,34260,34172,68432,6434,0,6434,10.64,0.0
ARMIDALE,ARM,Armidale,New South Wales,151.614987,-30.53216,1,normalised_exact,1999,44,32969,33141,66110,0,0,0,32969,33141,66110,6819,0,6819,9.69,0.0
ARMIDALE,ARM,Armidale,New South Wales,151.614987,-30.53216,1,normalised_exact,2000,42,37468,37257,74725,0,0,0,37468,37257,74725,7137,0,7137,10.47,0.0
ARMIDALE,ARM,Armidale,New South Wales,151.614987,-30.53216,1,normalised_exact,2001,41,34723,34487,69210,0,0,0,34723,34487,69210,7146,0,7146,9.69,0.0
ARMIDALE,ARM,Armidale,New South Wales,151.614987,-30.53216,1,normalised_exact,2002,42,29634,29471,59105,0,0,0,29634,29471,59105,5200,0,5200,11.37,0.0
ARMIDALE,ARM,Armidale,New South Wales,151.614987,-30.53216,1,normalised_exact,2003,45,30385,30254,60639,0,0,0,30385,30254,60639,3477,0,3477,17.44,0.0
ARMIDALE,ARM,Armidale,New South Wales,151.614987,-30.53216,1,normalised_exact,2004,42,36698,36999,73697,0,0,0,36698,36999,73697,4344,0,4344,16.97,0.0
ARMIDALE,ARM,Armidale,New South Wales,151.614987,-30.53216,1,normalised_exact,2005,38,48802,48570,97372,0,0,0,48802,48570,97372,5834,0,5834,16.69,0.0
ARMIDALE,ARM,Armidale,New South Wales,151.614987,-30.53216,1,normalised_exact,2006,42,47031,47469,94500,0,0,0,47031,47469,94500,4292,0,4292,22.02,0.0
ARMIDALE,ARM,Armidale,New South Wales,151.614987,-30.53216,1,normalised_exact,2007,45,44667,45457,90124,0,0,0,44667,45457,90124,2979,0,2979,30.25,0.0
ARMIDALE,ARM,Armidale,New South Wales,151.614987,-30.53216,1,normalised_exact,2008,45,47363,47525,94888,0,0,0,47363,47525,94888,2849,0,2849,33.31,0.0
ARMIDALE,ARM,Armidale,New South Wales,151.614987,-30.53216,1,normalised_exact,2009,43,49017,48845,97862,0,0,0,49017,48845,97862,2500,0,2500,39.14,0.0
ARMIDALE,ARM,Armidale,New South Wales,151.614987,-30.53216,1,normalised_exact,2010,43,52400,52253,104653,0,0,0,52400,52253,104653,3005,0,3005,34.83,0.0
ARMIDALE,ARM,Armidale,New South Wales,151.614987,-30.53216,1,normalised_exact,2011,43,52317,52122,104439,0,0,0,52317,52122,104439,3282,0,3282,31.82,0.0
ARMIDALE,ARM,Armidale,New South Wales,151.614987,-30.53216,1,normalised_exact,2012,45,53910,53478,107388,0,0,0,53910,53478,107388,3349,0,3349,32.07,0.0
ARMIDALE,ARM,Armidale,New South Wales,151.614987,-30.53216,1,normalised_exact,2013,46,53829,54197,108026,0,0,0,53829,54197,108026,3140,0,3140,34.4,0.0
ARMIDALE,ARM,Armidale,New South Wales,151.614987,-30.53216,1,normalised_exact,2014,45,61550,61824,123374,0,0,0,61550,61824,123374,4542,0,4542,27.16,0.0
ARMIDALE,ARM,Armidale,New South Wales,151.614987,-30.53216,1,normalised_exact,2015,44,62728,62607,125335,0,0,0,62728,62607,125335,4882,0,4882,25.67,0.0
ARMIDALE,ARM,Armidale,New South Wales,151.614987,-30.53216,1,normalised_exact,2016,42,64206,64653,128859,0,0,0,64206,64653,128859,4653,0,4653,27.69,0.0
ARMIDALE,ARM,Armidale,New South Wales,151.614987,-30.53216,1,normalised_exact,2017,43,66068,66176,132244,0,0,0,66068,66176,132244,4927,0,4927,26.84,0.0
ARMIDALE,ARM,Armidale,New South Wales,151.614987,-30.53216,1,normalised_exact,2018,42,64566,64070,128636,0,0,0,64566,64070,128636,4937,0,4937,26.06,0.0
ARMIDALE,ARM,Armidale,New South Wales,151.614987,-30.53216,1,normalised_exact,2019,42,66582,65939,132521,0,0,0,66582,65939,132521,5024,0,5024,26.38,0.0
ARMIDALE,ARM,Armidale,New South Wales,151.614987,-30.53216,1,normalised_exact,2020,,17862,17806,35668,0,0,0,17862,17806,35668,1684,0,1684,21.18,0.0
ARMIDALE,ARM,Armidale,New South Wales,151.614987,-30.53216,1,normalised_exact,2021,,20114,20561,40675,0,0,0,20114,20561,40675,2232,0,2232,18.22,0.0
ARMIDALE,ARM,Armidale,New South Wales,151.614987,-30.53216,1,normalised_exact,2022,41,48627,49471,98098,0,0,0,48627,49471,98098,4095,0,4095,23.96,0.0
ARMIDALE,ARM,Armidale,New South Wales,151.614987,-30.53216,1,normalised_exact,2023,42,55335,54897,110232,0,0,0,55335,54897,110232,3984,0,3984,27.67,0.0
ARMIDALE,ARM,Armidale,New South Wales,151.614987,-30.53216,1,normalised_exact,2024,46,51757,51815,103572,0,0,0,51757,51815,103572,2756,0,2756,37.58,0.0
ARMIDALE,ARM,Armidale,New South Wales,151.614987,-30.53216,1,normalised_exact,2025,45,51776,51778,103554,0,0,0,51776,51778,103554,2563,0,2563,40.4,0.0
AURUKUN,,,,,,,unmatched,1985,,2122,2075,4197,0,0,0,2122,2075,4197,626,0,626,6.7,0.0
AURUKUN,,,,,,,unmatched,1986,,2160,2079,4239,0,0,0,2160,2079,4239,722,0,722,5.87,0.0
AURUKUN,,,,,,,unmatched,1987,,1262,1156,2418,0,0,0,1262,1156,2418,488,0,488,4.95,0.0
AURUKUN,,,,,,,unmatched,1990,,295,297,592,0,0,0,295,297,592,231,0,231,2.56,0.0
AURUKUN,,,,,,,unmatched,1991,,1085,1025,2110,0,0,0,1085,1025,2110,436,0,436,4.84,0.0
AURUKUN,,,,,,,unmatched,1992,,1074,898,1972,0,0,0,1074,898,1972,347,0,347,5.68,0.0
AURUKUN,,,,,,,unmatched,1993,,877,764,1641,0,0,0,877,764,1641,244,0,244,6.73,0.0
AURUKUN,,,,,,,unmatched,1996,,500,500,1000,0,0,0,500,500,1000,208,0,208,4.81,0.0
AURUKUN,,,,,,,unmatched,1997,,1055,995,2050,0,0,0,1055,995,2050,433,0,433,4.73,0.0
AURUKUN,,,,,,,unmatched,1998,,1087,1003,2090,0,0,0,1087,1003,2090,430,0,430,4.86,0.0
AURUKUN,,,,,,,unmatched,1999,,1059,1028,2087,0,0,0,1059,1028,2087,390,0,390,5.35,0.0
AURUKUN,,,,,,,unmatched,2000,,925,830,1755,0,0,0,925,830,1755,380,0,380,4.62,0.0
AURUKUN,,,,,,,unmatched,2001,,1086,1005,2091,0,0,0,1086,1005,2091,394,0,394,5.31,0.0
AURUKUN,,,,,,,unmatched,2002,,1229,1100,2329,0,0,0,1229,1100,2329,432,0,432,5.39,0.0
AURUKUN,,,,,,,unmatched,2003,,1333,1185,2518,0,0,0,1333,1185,2518,456,0,456,5.52,0.0
AURUKUN,,,,,,,unmatched,2004,,1327,1212,2539,0,0,0,1327,1212,2539,444,0,444,5.72,0.0
AURUKUN,,,,,,,unmatched,2005,,1629,1587,3216,0,0,0,1629,1587,3216,556,0,556,5.78,0.0
AURUKUN,,,,,,,unmatched,2006,,1720,1603,3323,0,0,0,1720,1603,3323,602,0,602,5.52,0.0
AURUKUN,,,,,,,unmatched,2007,,1644,1592,3236,0,0,0,1644,1592,3236,514,0,514,6.3,0.0
AURUKUN,,,,,,,unmatched,2008,,3550,3613,7163,0,0,0,3550,3613,7163,416,0,416,17.22,0.0
AURUKUN,,,,,,,unmatched,2009,,4042,4159,8201,0,0,0,4042,4159,8201,468,0,468,17.52,0.0
AURUKUN,,,,,,,unmatched,2010,,3894,3962,7856,0,0,0,3894,3962,7856,524,0,524,14.99,0.0
AURUKUN,,,,,,,unmatched,2011,,3112,3100,6212,0,0,0,3112,3100,6212,514,0,514,12.09,0.0
AURUKUN,,,,,,,unmatched,2012,,3206,3087,6293,0,0,0,3206,3087,6293,518,0,518,12.15,0.0
AURUKUN,,,,,,,unmatched,2013,,3114,2968,6082,0,0,0,3114,2968,6082,509,0,509,11.95,0.0
AURUKUN,,,,,,,unmatched,2014,,2947,2936,5883,0,0,0,2947,2936,5883,524,0,524,11.23,0.0
AURUKUN,,,,,,,unmatched,2015,,2426,2462,4888,0,0,0,2426,2462,4888,558,0,558,8.76,0.0
AURUKUN,,,,,,,unmatched,2016,,3430,3344,6774,0,0,0,3430,3344,6774,742,0,742,9.13,0.0
AURUKUN,,,,,,,unmatched,2017,,5874,5848,11722,0,0,0,5874,5848,11722,843,0,843,13.91,0.0
AURUKUN,,,,,,,unmatched,2018,,7220,7129,14349,0,0,0,7220,7129,14349,748,0,748,19.18,0.0
AURUKUN,,,,,,,unmatched,2019,,7340,7216,14556,0,0,0,7340,7216,14556,708,0,708,20.56,0.0
AURUKUN,,,,,,,unmatched,2020,,5051,4947,9998,0,0,0,5051,4947,9998,540,0,540,18.51,0.0
AURUKUN,,,,,,,unmatched,2021,,6020,5946,11966,0,0,0,6020,5946,11966,642,0,642,18.64,0.0
AURUKUN,,,,,,,unmatched,2022,,6408,6385,12793,0,0,0,6408,6385,12793,685,0,685,18.68,0.0
AURUKUN,,,,,,,unmatched,2023,,6510,6304,12814,0,0,0,6510,6304,12814,651,0,651,19.68,0.0
AURUKUN,,,,,,,unmatched,2024,,7639,7541,15180,0,0,0,7639,7541,15180,848,0,848,17.9,0.0
AURUKUN,,,,,,,unmatched,2025,,7693,7648,15341,0,0,0,7693,7648,15341,839,0,839,18.28,0.0
AYERS ROCK,AYQ,Ayers Rock,Northern Territory,130.976729,-25.190777,1,normalised_exact,1985,34,35753,38364,74117,0,0,0,35753,38364,74117,2186,0,2186,33.91,0.0
AYERS ROCK,AYQ,Ayers Rock,Northern Territory,130.976729,-25.190777,1,normalised_exact,1986,23,47432,50189,97621,0,0,0,47432,50189,97621,2601,0,2601,37.53,0.0
AYERS ROCK,AYQ,Ayers Rock,Northern Territory,130.976729,-25.190777,1,normalised_exact,1987,22,62774,64996,127770,0,0,0,62774,64996,127770,3238,0,3238,39.46,0.0
AYERS ROCK,AYQ,Ayers Rock,Northern Territory,130.976729,-25.190777,1,normalised_exact,1988,24,53734,56000,109734,0,0,0,53734,56000,109734,3097,0,3097,35.43,0.0
AYERS ROCK,AYQ,Ayers Rock,Northern Territory,130.976729,-25.190777,1,normalised_exact,1989,32,28800,29005,57805,0,0,0,28800,29005,57805,1662,0,1662,34.78,0.0
AYERS ROCK,AYQ,Ayers Rock,Northern Territory,130.976729,-25.190777,1,normalised_exact,1990,27,43396,44442,87838,0,0,0,43396,44442,87838,2582,0,2582,34.02,0.0
AYERS ROCK,AYQ,Ayers Rock,Northern Territory,130.976729,-25.190777,1,normalised_exact,1991,20,62259,65161,127420,0,0,0,62259,65161,127420,2480,0,2480,51.38,0.0
AYERS ROCK,AYQ,Ayers Rock,Northern Territory,130.976729,-25.190777,1,normalised_exact,1992,18,78783,80999,159782,0,0,0,78783,80999,159782,2719,0,2719,58.76,0.0
AYERS ROCK,AYQ,Ayers Rock,Northern Territory,130.976729,-25.190777,1,normalised_exact,1993,17,109693,110620,220313,0,0,0,109693,110620,220313,4214,0,4214,52.28,0.0
AYERS ROCK,AYQ,Ayers Rock,Northern Territory,130.976729,-25.190777,1,normalised_exact,1994,16,135513,133656,269169,0,0,0,135513,133656,269169,5428,0,5428,49.59,0.0
AYERS ROCK,AYQ,Ayers Rock,Northern Territory,130.976729,-25.190777,1,normalised_exact,1995,16,152097,146887,298984,0,0,0,152097,146887,298984,6258,0,6258,47.78,0.0
AYERS ROCK,AYQ,Ayers Rock,Northern Territory,130.976729,-25.190777,1,normalised_exact,1996,14,183504,181930,365434,0,0,0,183504,181930,365434,7670,0,7670,47.64,0.0
AYERS ROCK,AYQ,Ayers Rock,Northern Territory,130.976729,-25.190777,1,normalised_exact,1997,14,203894,203581,407475,0,0,0,203894,203581,407475,8291,0,8291,49.15,0.0
AYERS ROCK,AYQ,Ayers Rock,Northern Territory,130.976729,-25.190777,1,normalised_exact,1998,14,198851,197903,396754,0,0,0,198851,197903,396754,7434,0,7434,53.37,0.0
AYERS ROCK,AYQ,Ayers Rock,Northern Territory,130.976729,-25.190777,1,normalised_exact,1999,14,216186,216273,432459,0,0,0,216186,216273,432459,7819,0,7819,55.31,0.0
AYERS ROCK,AYQ,Ayers Rock,Northern Territory,130.976729,-25.190777,1,normalised_exact,2000,14,224111,225836,449947,0,0,0,224111,225836,449947,7584,0,7584,59.33,0.0
AYERS ROCK,AYQ,Ayers Rock,Northern Territory,130.976729,-25.190777,1,normalised_exact,2001,14,199622,200085,399707,0,0,0,199622,200085,399707,6372,0,6372,62.73,0.0
AYERS ROCK,AYQ,Ayers Rock,Northern Territory,130.976729,-25.190777,1,normalised_exact,2002,14,184278,184892,369170,0,0,0,184278,184892,369170,4315,0,4315,85.56,0.0
AYERS ROCK,AYQ,Ayers Rock,Northern Territory,130.976729,-25.190777,1,normalised_exact,2003,17,164874,164262,329136,0,0,0,164874,164262,329136,4044,0,4044,81.39,0.0
AYERS ROCK,AYQ,Ayers Rock,Northern Territory,130.976729,-25.190777,1,normalised_exact,2004,19,173000,172175,345175,0,0,0,173000,172175,345175,4297,0,4297,80.33,0.0
AYERS ROCK,AYQ,Ayers Rock,Northern Territory,130.976729,-25.190777,1,normalised_exact,2005,19,188137,187177,375314,0,0,0,188137,187177,375314,4345,0,4345,86.38,0.0
AYERS ROCK,AYQ,Ayers Rock,Northern Territory,130.976729,-25.190777,1,normalised_exact,2006,19,193957,189676,383633,0,0,0,193957,189676,383633,4567,0,4567,84.0,0.0
AYERS ROCK,AYQ,Ayers Rock,Northern Territory,130.976729,-25.190777,1,normalised_exact,2007,19,190059,187940,377999,0,0,0,190059,187940,377999,4305,0,4305,87.8,0.0
AYERS ROCK,AYQ,Ayers Rock,Northern Territory,130.976729,-25.190777,1,normalised_exact,2008,21,168657,169620,338277,0,0,0,168657,169620,338277,4194,0,4194,80.66,0.0
AYERS ROCK,AYQ,Ayers Rock,Northern Territory,130.976729,-25.190777,1,normalised_exact,2009,23,147040,148415,295455,0,0,0,147040,148415,295455,3610,0,3610,81.84,0.0
AYERS ROCK,AYQ,Ayers Rock,Northern Territory,130.976729,-25.190777,1,normalised_exact,2010,23,147113,146696,293809,0,0,0,147113,146696,293809,3708,0,3708,79.24,0.0
AYERS ROCK,AYQ,Ayers Rock,Northern Territory,130.976729,-25.190777,1,normalised_exact,2011,24,149558,148852,298410,0,0,0,149558,148852,298410,4036,0,4036,73.94,0.0
AYERS ROCK,AYQ,Ayers Rock,Northern Territory,130.976729,-25.190777,1,normalised_exact,2012,27,141478,144124,285602,0,0,0,141478,144124,285602,3687,0,3687,77.46,0.0
AYERS ROCK,AYQ,Ayers Rock,Northern Territory,130.976729,-25.190777,1,normalised_exact,2013,31,115553,117841,233394,0,0,0,115553,117841,233394,2737,0,2737,85.27,0.0
AYERS ROCK,AYQ,Ayers Rock,Northern Territory,130.976729,-25.190777,1,normalised_exact,2014,26,136268,139067,275335,0,0,0,136268,139067,275335,2966,0,2966,92.83,0.0
AYERS ROCK,AYQ,Ayers Rock,Northern Territory,130.976729,-25.190777,1,normalised_exact,2015,27,158271,158505,316776,0,0,0,158271,158505,316776,3263,0,3263,97.08,0.0
AYERS ROCK,AYQ,Ayers Rock,Northern Territory,130.976729,-25.190777,1,normalised_exact,2016,24,178243,181163,359406,0,0,0,178243,181163,359406,3304,0,3304,108.78,0.0
AYERS ROCK,AYQ,Ayers Rock,Northern Territory,130.976729,-25.190777,1,normalised_exact,2017,24,181772,184192,365964,0,0,0,181772,184192,365964,3321,0,3321,110.2,0.0
AYERS ROCK,AYQ,Ayers Rock,Northern Territory,130.976729,-25.190777,1,normalised_exact,2018,22,207359,208957,416316,0,0,0,207359,208957,416316,3581,0,3581,116.26,0.0
AYERS ROCK,AYQ,Ayers Rock,Northern Territory,130.976729,-25.190777,1,normalised_exact,2019,19,244502,245086,489588,0,0,0,244502,245086,489588,4100,0,4100,119.41,0.0
AYERS ROCK,AYQ,Ayers Rock,Northern Territory,130.976729,-25.190777,1,normalised_exact,2020,31,44828,47599,92427,0,0,0,44828,47599,92427,1078,0,1078,85.74,0.0
AYERS ROCK,AYQ,Ayers Rock,Northern Territory,130.976729,-25.190777,1,normalised_exact,2021,43,34965,35244,70209,0,0,0,34965,35244,70209,700,0,700,100.3,0.0
AYERS ROCK,AYQ,Ayers Rock,Northern Territory,130.976729,-25.190777,1,normalised_exact,2022,30,102247,105622,207869,0,0,0,102247,105622,207869,1763,0,1763,117.91,0.0
AYERS ROCK,AYQ,Ayers Rock,Northern Territory,130.976729,-25.190777,1,normalised_exact,2023,27,128308,134889,263197,0,0,0,128308,134889,263197,2042,0,2042,128.89,0.0
AYERS ROCK,AYQ,Ayers Rock,Northern Territory,130.976729,-25.190777,1,normalised_exact,2024,26,155178,162044,317222,0,0,0,155178,162044,317222,2711,0,2711,117.01,0.0
AYERS ROCK,AYQ,Ayers Rock,Northern Territory,130.976729,-25.190777,1,normalised_exact,2025,26,173041,179539,352580,0,0,0,173041,179539,352580,2776,0,2776,127.01,0.0
BALLINA,BNK,Ballina,New South Wales,153.556273,-28.837454,1,normalised_exact,1986,,521,404,925,0,0,0,521,404,925,24,0,24,38.54,0.0
BALLINA,BNK,Ballina,New South Wales,153.556273,-28.837454,1,normalised_exact,1987,,13256,10423,23679,0,0,0,13256,10423,23679,2064,0,2064,11.47,0.0
BALLINA,BNK,Ballina,New South Wales,153.556273,-28.837454,1,normalised_exact,1988,,16825,13374,30199,0,0,0,16825,13374,30199,4040,0,4040,7.47,0.0
BALLINA,BNK,Ballina,New South Wales,153.556273,-28.837454,1,normalised_exact,1989,,11132,9510,20642,0,0,0,11132,9510,20642,5331,0,5331,3.87,0.0
BALLINA,BNK,Ballina,New South Wales,153.556273,-28.837454,1,normalised_exact,1990,38,26838,23468,50306,0,0,0,26838,23468,50306,5076,0,5076,9.91,0.0
BALLINA,BNK,Ballina,New South Wales,153.556273,-28.837454,1,normalised_exact,1991,38,27474,27010,54484,0,0,0,27474,27010,54484,7294,0,7294,7.47,0.0
BALLINA,BNK,Ballina,New South Wales,153.556273,-28.837454,1,normalised_exact,1992,37,33230,32633,65863,0,0,0,33230,32633,65863,3689,0,3689,17.85,0.0
BALLINA,BNK,Ballina,New South Wales,153.556273,-28.837454,1,normalised_exact,1993,40,32077,32093,64170,0,0,0,32077,32093,64170,1696,0,1696,37.84,0.0
BALLINA,BNK,Ballina,New South Wales,153.556273,-28.837454,1,normalised_exact,1994,41,36242,36746,72988,0,0,0,36242,36746,72988,1801,0,1801,40.53,0.0
BALLINA,BNK,Ballina,New South Wales,153.556273,-28.837454,1,normalised_exact,1995,39,38361,37915,76276,0,0,0,38361,37915,76276,2396,0,2396,31.83,0.0
BALLINA,BNK,Ballina,New South Wales,153.556273,-28.837454,1,normalised_exact,1996,37,42100,40609,82709,0,0,0,42100,40609,82709,2349,0,2349,35.21,0.0
BALLINA,BNK,Ballina,New South Wales,153.556273,-28.837454,1,normalised_exact,1997,35,47051,46898,93949,0,0,0,47051,46898,93949,2602,0,2602,36.11,0.0
BALLINA,BNK,Ballina,New South Wales,153.556273,-28.837454,1,normalised_exact,1998,34,49186,49372,98558,0,0,0,49186,49372,98558,2659,0,2659,37.07,0.0
BALLINA,BNK,Ballina,New South Wales,153.556273,-28.837454,1,normalised_exact,1999,32,53256,53600,106856,0,0,0,53256,53600,106856,3286,0,3286,32.52,0.0
BALLINA,BNK,Ballina,New South Wales,153.556273,-28.837454,1,normalised_exact,2000,34,49319,49405,98724,0,0,0,49319,49405,98724,5269,0,5269,18.74,0.0
BALLINA,BNK,Ballina,New South Wales,153.556273,-28.837454,1,normalised_exact,2001,33,45378,45645,91023,0,0,0,45378,45645,91023,5158,0,5158,17.65,0.0
BALLINA,BNK,Ballina,New South Wales,153.556273,-28.837454,1,normalised_exact,2002,33,42630,42931,85561,0,0,0,42630,42931,85561,6044,0,6044,14.16,0.0
BALLINA,BNK,Ballina,New South Wales,153.556273,-28.837454,1,normalised_exact,2003,37,39933,40405,80338,0,0,0,39933,40405,80338,5583,0,5583,14.39,0.0
BALLINA,BNK,Ballina,New South Wales,153.556273,-28.837454,1,normalised_exact,2004,29,68593,69487,138080,0,0,0,68593,69487,138080,4495,0,4495,30.72,0.0
BALLINA,BNK,Ballina,New South Wales,153.556273,-28.837454,1,normalised_exact,2005,24,113117,114534,227651,0,0,0,113117,114534,227651,4574,0,4574,49.77,0.0
BALLINA,BNK,Ballina,New South Wales,153.556273,-28.837454,1,normalised_exact,2006,22,154035,156229,310264,0,0,0,154035,156229,310264,4400,0,4400,70.51,0.0
BALLINA,BNK,Ballina,New South Wales,153.556273,-28.837454,1,normalised_exact,2007,23,158320,159433,317753,0,0,0,158320,159433,317753,4324,0,4324,73.49,0.0
BALLINA,BNK,Ballina,New South Wales,153.556273,-28.837454,1,normalised_exact,2008,23,159495,159560,319055,0,0,0,159495,159560,319055,4093,0,4093,77.95,0.0
BALLINA,BNK,Ballina,New South Wales,153.556273,-28.837454,1,normalised_exact,2009,22,158338,159976,318314,0,0,0,158338,159976,318314,3912,0,3912,81.37,0.0
BALLINA,BNK,Ballina,New South Wales,153.556273,-28.837454,1,normalised_exact,2010,25,134287,134602,268889,0,0,0,134287,134602,268889,3720,0,3720,72.28,0.0
BALLINA,BNK,Ballina,New South Wales,153.556273,-28.837454,1,normalised_exact,2011,23,154145,156354,310499,0,0,0,154145,156354,310499,3760,0,3760,82.58,0.0
BALLINA,BNK,Ballina,New South Wales,153.556273,-28.837454,1,normalised_exact,2012,24,172140,173871,346011,0,0,0,172140,173871,346011,4238,0,4238,81.64,0.0
BALLINA,BNK,Ballina,New South Wales,153.556273,-28.837454,1,normalised_exact,2013,25,190200,192147,382347,0,0,0,190200,192147,382347,4535,0,4535,84.31,0.0
BALLINA,BNK,Ballina,New South Wales,153.556273,-28.837454,1,normalised_exact,2014,22,205441,208754,414195,0,0,0,205441,208754,414195,4378,0,4378,94.61,0.0
BALLINA,BNK,Ballina,New South Wales,153.556273,-28.837454,1,normalised_exact,2015,20,226242,228656,454898,0,0,0,226242,228656,454898,4243,0,4243,107.21,0.0
BALLINA,BNK,Ballina,New South Wales,153.556273,-28.837454,1,normalised_exact,2016,20,244310,243613,487923,0,0,0,244310,243613,487923,4495,0,4495,108.55,0.0
BALLINA,BNK,Ballina,New South Wales,153.556273,-28.837454,1,normalised_exact,2017,18,254601,254978,509579,0,0,0,254601,254978,509579,4605,0,4605,110.66,0.0
BALLINA,BNK,Ballina,New South Wales,153.556273,-28.837454,1,normalised_exact,2018,18,268933,269247,538180,0,0,0,268933,269247,538180,4586,0,4586,117.35,0.0
BALLINA,BNK,Ballina,New South Wales,153.556273,-28.837454,1,normalised_exact,2019,18,267147,266132,533279,0,0,0,267147,266132,533279,4487,0,4487,118.85,0.0
BALLINA,BNK,Ballina,New South Wales,153.556273,-28.837454,1,normalised_exact,2020,14,206164,201113,407277,0,0,0,206164,201113,407277,4049,0,4049,100.59,0.0
BALLINA,BNK,Ballina,New South Wales,153.556273,-28.837454,1,normalised_exact,2021,15,265102,259582,524684,0,0,0,265102,259582,524684,6030,0,6030,87.01,0.0
BALLINA,BNK,Ballina,New South Wales,153.556273,-28.837454,1,normalised_exact,2022,16,316667,322646,639313,0,0,0,316667,322646,639313,6831,0,6831,93.59,0.0
BALLINA,BNK,Ballina,New South Wales,153.556273,-28.837454,1,normalised_exact,2023,16,319511,319669,639180,0,0,0,319511,319669,639180,5781,0,5781,110.57,0.0
BALLINA,BNK,Ballina,New South Wales,153.556273,-28.837454,1,normalised_exact,2024,17,313489,314731,628220,0,0,0,313489,314731,628220,4874,0,4874,128.89,0.0
BALLINA,BNK,Ballina,New South Wales,153.556273,-28.837454,1,normalised_exact,2025,18,289650,289153,578803,0,0,0,289650,289153,578803,4172,0,4172,138.74,0.0
BAMAGA,,,,,,,unmatched,1985,,2411,2475,4886,0,0,0,2411,2475,4886,410,0,410,11.92,0.0
BAMAGA,,,,,,,unmatched,1986,,3145,3607,6752,0,0,0,3145,3607,6752,513,0,513,13.16,0.0
BAMAGA,,,,,,,unmatched,1987,,3988,3964,7952,0,0,0,3988,3964,7952,665,0,665,11.96,0.0
BAMAGA,,,,,,,unmatched,1988,,4395,4479,8874,0,0,0,4395,4479,8874,1445,0,1445,6.14,0.0
BAMAGA,,,,,,,unmatched,1989,,4178,4252,8430,0,0,0,4178,4252,8430,1565,0,1565,5.39,0.0
BAMAGA,,,,,,,unmatched,1990,,1870,2427,4297,0,0,0,1870,2427,4297,736,0,736,5.84,0.0
BAMAGA,,,,,,,unmatched,1991,,4373,4540,8913,0,0,0,4373,4540,8913,2212,0,2212,4.03,0.0
BAMAGA,,,,,,,unmatched,1992,,5553,5819,11372,0,0,0,5553,5819,11372,2918,0,2918,3.9,0.0
BAMAGA,,,,,,,unmatched,1993,,4495,4577,9072,0,0,0,4495,4577,9072,1936,0,1936,4.69,0.0
BAMAGA,,,,,,,unmatched,1994,,4360,4743,9103,0,0,0,4360,4743,9103,1564,0,1564,5.82,0.0
BAMAGA,,,,,,,unmatched,1995,,4195,4918,9113,0,0,0,4195,4918,9113,1494,0,1494,6.1,0.0
BAMAGA,,,,,,,unmatched,1996,,3213,3357,6570,0,0,0,3213,3357,6570,1204,0,1204,5.46,0.0
BAMAGA,,,,,,,unmatched,1997,,4477,4633,9110,0,0,0,4477,4633,9110,962,0,962,9.47,0.0
BAMAGA,,,,,,,unmatched,1998,,5168,5462,10630,0,0,0,5168,5462,10630,1021,0,1021,10.41,0.0
BAMAGA,,,,,,,unmatched,1999,,5482,5699,11181,0,0,0,5482,5699,11181,1552,0,1552,7.2,0.0
BAMAGA,,,,,,,unmatched,2000,,4261,4641,8902,0,0,0,4261,4641,8902,855,0,855,10.41,0.0
BAMAGA,,,,,,,unmatched,2001,,2145,1965,4110,0,0,0,2145,1965,4110,311,0,311,13.22,0.0
BAMAGA,,,,,,,unmatched,2008,,5653,6009,11662,0,0,0,5653,6009,11662,596,0,596,19.57,0.0
BAMAGA,,,,,,,unmatched,2009,,5504,6381,11885,0,0,0,5504,6381,11885,723,0,723,16.44,0.0
BAMAGA,,,,,,,unmatched,2010,,7272,8204,15476,0,0,0,7272,8204,15476,810,0,810,19.11,0.0
BAMAGA,,,,,,,unmatched,2011,,6576,7089,13665,0,0,0,6576,7089,13665,622,0,622,21.97,0.0
BAMAGA,,,,,,,unmatched,2012,,5771,6397,12168,0,0,0,5771,6397,12168,614,0,614,19.82,0.0
BAMAGA,,,,,,,unmatched,2013,,5961,6171,12132,0,0,0,5961,6171,12132,515,0,515,23.56,0.0
BAMAGA,,,,,,,unmatched,2014,,5914,6315,12229,0,0,0,5914,6315,12229,516,0,516,23.7,0.0
BAMAGA,,,,,,,unmatched,2015,,4904,5477,10381,0,0,0,4904,5477,10381,884,0,884,11.74,0.0
BAMAGA,,,,,,,unmatched,2016,,6766,7379,14145,0,0,0,6766,7379,14145,1026,0,1026,13.79,0.0
BAMAGA,,,,,,,unmatched,2017,,8934,9439,18373,0,0,0,8934,9439,18373,1032,0,1032,17.8,0.0
BAMAGA,,,,,,,unmatched,2018,,10372,10949,21321,0,0,0,10372,10949,21321,1045,0,1045,20.4,0.0
BAMAGA,,,,,,,unmatched,2019,,10030,10801,20831,0,0,0,10030,10801,20831,1038,0,1038,20.07,0.0
BAMAGA,,,,,,,unmatched,2020,,4774,4980,9754,0,0,0,4774,4980,9754,497,0,497,19.63,0.0
BAMAGA,,,,,,,unmatched,2021,,8865,9603,18468,0,0,0,8865,9603,18468,1060,0,1060,17.42,0.0
BAMAGA,,,,,,,unmatched,2022,,10720,11852,22572,0,0,0,10720,11852,22572,1212,0,1212,18.62,0.0
BAMAGA,,,,,,,unmatched,2023,,9292,10075,19367,0,0,0,9292,10075,19367,877,0,877,22.08,0.0
BAMAGA,,,,,,,unmatched,2024,,10035,11399,21434,0,0,0,10035,11399,21434,949,0,949,22.59,0.0
BAMAGA,,,,,,,unmatched,2025,,10438,11914,22352,0,0,0,10438,11914,22352,1051,0,1051,21.27,0.0
BATHURST ISLAND,BHS,Bathurst,New South Wales,149.655038,-33.413787,1,verified_alias,1985,,5937,4659,10596,0,0,0,5937,4659,10596,2598,0,2598,4.08,0.0
BATHURST ISLAND,BHS,Bathurst,New South Wales,149.655038,-33.413787,1,verified_alias,1986,,4141,3800,7941,0,0,0,4141,3800,7941,2773,0,2773,2.86,0.0
BATHURST ISLAND,BHS,Bathurst,New South Wales,149.655038,-33.413787,1,verified_alias,1987,,5143,4350,9493,0,0,0,5143,4350,9493,2897,0,2897,3.28,0.0
BATHURST ISLAND,BHS,Bathurst,New South Wales,149.655038,-33.413787,1,verified_alias,1988,,6997,5328,12325,0,0,0,6997,5328,12325,2954,0,2954,4.17,0.0
BATHURST ISLAND,BHS,Bathurst,New South Wales,149.655038,-33.413787,1,verified_alias,1989,,1110,923,2033,0,0,0,1110,923,2033,737,0,737,2.76,0.0
BATHURST ISLAND,BHS,Bathurst,New South Wales,149.655038,-33.413787,1,verified_alias,1991,,856,833,1689,0,0,0,856,833,1689,396,0,396,4.27,0.0
BATHURST ISLAND,BHS,Bathurst,New South Wales,149.655038,-33.413787,1,verified_alias,1992,,4296,3758,8054,0,0,0,4296,3758,8054,3420,0,3420,2.35,0.0
BATHURST ISLAND,BHS,Bathurst,New South Wales,149.655038,-33.413787,1,verified_alias,1993,,4481,4027,8508,0,0,0,4481,4027,8508,3338,0,3338,2.55,0.0
BATHURST ISLAND,BHS,Bathurst,New South Wales,149.655038,-33.413787,1,verified_alias,1994,,3697,3413,7110,0,0,0,3697,3413,7110,2993,0,2993,2.38,0.0
BATHURST ISLAND,BHS,Bathurst,New South Wales,149.655038,-33.413787,1,verified_alias,1995,,2856,2856,5712,0,0,0,2856,2856,5712,3044,0,3044,1.88,0.0
BATHURST ISLAND,BHS,Bathurst,New South Wales,149.655038,-33.413787,1,verified_alias,1996,,5569,5569,11138,0,0,0,5569,5569,11138,3140,0,3140,3.55,0.0
BATHURST ISLAND,BHS,Bathurst,New South Wales,149.655038,-33.413787,1,verified_alias,1997,,5988,5988,11976,0,0,0,5988,5988,11976,3130,0,3130,3.83,0.0
BATHURST ISLAND,BHS,Bathurst,New South Wales,149.655038,-33.413787,1,verified_alias,1998,,6212,6212,12424,0,0,0,6212,6212,12424,2400,0,2400,5.18,0.0
BATHURST ISLAND,BHS,Bathurst,New South Wales,149.655038,-33.413787,1,verified_alias,1999,,6114,6114,12228,0,0,0,6114,6114,12228,2308,0,2308,5.3,0.0
BATHURST ISLAND,BHS,Bathurst,New South Wales,149.655038,-33.413787,1,verified_alias,2000,,3504,3422,6926,0,0,0,3504,3422,6926,1351,0,1351,5.13,0.0
BATHURST ISLAND,BHS,Bathurst,New South Wales,149.655038,-33.413787,1,verified_alias,2001,,1499,1259,2758,0,0,0,1499,1259,2758,626,0,626,4.41,0.0
BATHURST ISLAND,BHS,Bathurst,New South Wales,149.655038,-33.413787,1,verified_alias,2002,,7543,7543,15086,0,0,0,7543,7543,15086,2179,0,2179,6.92,0.0
BATHURST ISLAND,BHS,Bathurst,New South Wales,149.655038,-33.413787,1,verified_alias,2003,,7053,7053,14106,0,0,0,7053,7053,14106,2112,0,2112,6.68,0.0
BATHURST ISLAND,BHS,Bathurst,New South Wales,149.655038,-33.413787,1,verified_alias,2004,,0,0,0,0,0,0,0,0,0,16,0,16,0.0,
BATHURST ISLAND,BHS,Bathurst,New South Wales,149.655038,-33.413787,1,verified_alias,2008,,2004,1956,3960,0,0,0,2004,1956,3960,398,0,398,9.95,0.0
BATHURST ISLAND,BHS,Bathurst,New South Wales,149.655038,-33.413787,1,verified_alias,2009,,14027,13267,27294,0,0,0,14027,13267,27294,2807,0,2807,9.72,0.0
BATHURST ISLAND,BHS,Bathurst,New South Wales,149.655038,-33.413787,1,verified_alias,2010,,13549,12877,26426,0,0,0,13549,12877,26426,2485,0,2485,10.63,0.0
BATHURST ISLAND,BHS,Bathurst,New South Wales,149.655038,-33.413787,1,verified_alias,2011,,11304,10472,21776,0,0,0,11304,10472,21776,2528,0,2528,8.61,0.0
BATHURST ISLAND,BHS,Bathurst,New South Wales,149.655038,-33.413787,1,verified_alias,2012,,10018,9608,19626,0,0,0,10018,9608,19626,2376,0,2376,8.26,0.0
BATHURST ISLAND,BHS,Bathurst,New South Wales,149.655038,-33.413787,1,verified_alias,2013,,8951,8600,17551,0,0,0,8951,8600,17551,2276,0,2276,7.71,0.0
BATHURST ISLAND,BHS,Bathurst,New South Wales,149.655038,-33.413787,1,verified_alias,2014,,7779,7325,15104,0,0,0,7779,7325,15104,2361,0,2361,6.4,0.0
BATHURST ISLAND,BHS,Bathurst,New South Wales,149.655038,-33.413787,1,verified_alias,2015,,7403,7230,14633,0,0,0,7403,7230,14633,2243,0,2243,6.52,0.0
BATHURST ISLAND,BHS,Bathurst,New South Wales,149.655038,-33.413787,1,verified_alias,2016,,7278,7294,14572,0,0,0,7278,7294,14572,2723,0,2723,5.35,0.0
BATHURST ISLAND,BHS,Bathurst,New South Wales,149.655038,-33.413787,1,verified_alias,2017,,8500,8404,16904,0,0,0,8500,8404,16904,2784,0,2784,6.07,0.0
BATHURST ISLAND,BHS,Bathurst,New South Wales,149.655038,-33.413787,1,verified_alias,2018,,8421,8093,16514,0,0,0,8421,8093,16514,2676,0,2676,6.17,0.0
BATHURST ISLAND,BHS,Bathurst,New South Wales,149.655038,-33.413787,1,verified_alias,2019,,7620,7547,15167,0,0,0,7620,7547,15167,2532,0,2532,5.99,0.0
BATHURST ISLAND,BHS,Bathurst,New South Wales,149.655038,-33.413787,1,verified_alias,2020,,5768,5563,11331,0,0,0,5768,5563,11331,2299,0,2299,4.93,0.0
BATHURST ISLAND,BHS,Bathurst,New South Wales,149.655038,-33.413787,1,verified_alias,2021,,7092,6766,13858,0,0,0,7092,6766,13858,2619,0,2619,5.29,0.0
BATHURST ISLAND,BHS,Bathurst,New South Wales,149.655038,-33.413787,1,verified_alias,2022,,7046,6571,13617,0,0,0,7046,6571,13617,2267,0,2267,6.01,0.0
BATHURST ISLAND,BHS,Bathurst,New South Wales,149.655038,-33.413787,1,verified_alias,2023,,7882,7416,15298,0,0,0,7882,7416,15298,2454,0,2454,6.23,0.0
BATHURST ISLAND,BHS,Bathurst,New South Wales,149.655038,-33.413787,1,verified_alias,2024,,8677,8316,16993,0,0,0,8677,8316,16993,2542,0,2542,6.68,0.0
BATHURST ISLAND,BHS,Bathurst,New South Wales,149.655038,-33.413787,1,verified_alias,2025,,8267,8052,16319,0,0,0,8267,8052,16319,2557,0,2557,6.38,0.0
BENDIGO,BXG,Bendigo,Victoria,144.326261,-36.736971,1,normalised_exact,2019,,9756,9066,18822,0,0,0,9756,9066,18822,513,0,513,36.69,0.0
BENDIGO,BXG,Bendigo,Victoria,144.326261,-36.736971,1,normalised_exact,2020,,2991,2698,5689,0,0,0,2991,2698,5689,207,0,207,27.48,0.0
BENDIGO,BXG,Bendigo,Victoria,144.326261,-36.736971,1,normalised_exact,2021,,3330,3408,6738,0,0,0,3330,3408,6738,414,0,414,16.28,0.0
BENDIGO,BXG,Bendigo,Victoria,144.326261,-36.736971,1,normalised_exact,2022,,10288,10432,20720,0,0,0,10288,10432,20720,833,0,833,24.87,0.0
BENDIGO,BXG,Bendigo,Victoria,144.326261,-36.736971,1,normalised_exact,2023,,9538,9274,18812,0,0,0,9538,9274,18812,720,0,720,26.13,0.0
BENDIGO,BXG,Bendigo,Victoria,144.326261,-36.736971,1,normalised_exact,2024,,10670,10434,21104,0,0,0,10670,10434,21104,659,0,659,32.02,0.0
BENDIGO,BXG,Bendigo,Victoria,144.326261,-36.736971,1,normalised_exact,2025,,15076,14636,29712,0,0,0,15076,14636,29712,538,0,538,55.23,0.0
BRISBANE,BNE,Brisbane,Queensland,153.115012,-27.394336,2,normalised_exact,1985,3,1418790,1405570,2824360,251372,241094,492466,1670162,1646664,3316826,47833,4380,52213,63.52,0.14848
BRISBANE,BNE,Brisbane,Queensland,153.115012,-27.394336,2,normalised_exact,1986,3,1521259,1497692,3018951,295731,280932,576663,1816990,1778624,3595614,47717,5632,53349,67.4,0.16038
BRISBANE,BNE,Brisbane,Queensland,153.115012,-27.394336,2,normalised_exact,1987,3,1654044,1617657,3271701,356163,341290,697453,2010207,1958947,3969154,53747,6505,60252,65.88,0.17572
BRISBANE,BNE,Brisbane,Queensland,153.115012,-27.394336,2,normalised_exact,1988,3,1981592,1959619,3941211,502284,456511,958795,2483876,2416130,4900006,61185,8510,69695,70.31,0.19567
BRISBANE,BNE,Brisbane,Queensland,153.115012,-27.394336,2,normalised_exact,1989,3,1459892,1445149,2905041,494892,451175,946067,1954784,1896324,3851108,50143,9170,59313,64.93,0.24566
BRISBANE,BNE,Brisbane,Queensland,153.115012,-27.394336,2,normalised_exact,1990,3,1883451,1883523,3766974,562131,500606,1062737,2445582,2384129,4829711,58246,10571,68817,70.18,0.22004
BRISBANE,BNE,Brisbane,Queensland,153.115012,-27.394336,2,normalised_exact,1991,3,2516842,2496414,5013256,616536,585634,1202170,3133378,3082048,6215426,76738,11604,88342,70.36,0.19342
BRISBANE,BNE,Brisbane,Queensland,153.115012,-27.394336,2,normalised_exact,1992,3,2633377,2592571,5225948,678475,634464,1312939,3311852,3227035,6538887,85632,12078,97710,66.92,0.20079
BRISBANE,BNE,Brisbane,Queensland,153.115012,-27.394336,2,normalised_exact,1993,3,2815263,2796637,5611900,795414,746797,1542211,3610677,3543434,7154111,88238,13443,101681,70.36,0.21557
BRISBANE,BNE,Brisbane,Queensland,153.115012,-27.394336,2,normalised_exact,1994,3,3172018,3213664,6385682,878541,807516,1686057,4050559,4021180,8071739,96603,14476,111079,72.67,0.20888
BRISBANE,BNE,Brisbane,Queensland,153.115012,-27.394336,2,normalised_exact,1995,3,3416617,3507674,6924291,1066741,898586,1965327,4483358,4406260,8889618,104270,16865,121135,73.39,0.22108
BRISBANE,BNE,Brisbane,Queensland,153.115012,-27.394336,2,normalised_exact,1996,3,3646032,3729412,7375444,1198371,993739,2192110,4844403,4723151,9567554,110151,18077,128228,74.61,0.22912
BRISBANE,BNE,Brisbane,Queensland,153.115012,-27.394336,2,normalised_exact,1997,3,3692221,3777862,7470083,1256251,1038649,2294900,4948472,4816511,9764983,106138,18888,125026,78.1,0.23501
BRISBANE,BNE,Brisbane,Queensland,153.115012,-27.394336,2,normalised_exact,1998,3,3681615,3756726,7438341,1213261,1037979,2251240,4894876,4794705,9689581,107693,18420,126113,76.83,0.23234
BRISBANE,BNE,Brisbane,Queensland,153.115012,-27.394336,2,normalised_exact,1999,3,3886649,3946787,7833436,1259781,1115986,2375767,5146430,5062773,10209203,114007,17310,131317,77.74,0.23271
BRISBANE,BNE,Brisbane,Queensland,153.115012,-27.394336,2,normalised_exact,2000,3,4404201,4406469,8810670,1309606,1151772,2461378,5713807,5558241,11272048,122522,17592,140114,80.45,0.21836
BRISBANE,BNE,Brisbane,Queensland,153.115012,-27.394336,2,normalised_exact,2001,3,4948055,4998018,9946073,1348856,1198864,2547720,6296911,6196882,12493793,126213,17449,143662,86.97,0.20392
BRISBANE,BNE,Brisbane,Queensland,153.115012,-27.394336,2,normalised_exact,2002,3,4560733,4602787,9163520,1290423,1202659,2493082,5851156,5805446,11656602,102434,17400,119834,97.27,0.21388
BRISBANE,BNE,Brisbane,Queensland,153.115012,-27.394336,2,normalised_exact,2003,3,5052824,5052542,10105366,1303068,1246376,2549444,6355892,6298918,12654810,99234,16700,115934,109.16,0.20146
BRISBANE,BNE,Brisbane,Queensland,153.115012,-27.394336,2,normalised_exact,2004,3,5760736,5756349,11517085,1652284,1614197,3266481,7413020,7370546,14783566,113011,21038,134049,110.28,0.22095
BRISBANE,BNE,Brisbane,Queensland,153.115012,-27.394336,2,normalised_exact,2005,3,6065613,6036996,12102609,1827122,1779568,3606690,7892735,7816564,15709299,119239,22597,141836,110.76,0.22959
BRISBANE,BNE,Brisbane,Queensland,153.115012,-27.394336,2,normalised_exact,2006,3,6479840,6462895,12942735,1902026,1861288,3763314,8381866,8324183,16706049,120017,22965,142982,116.84,0.22527
BRISBANE,BNE,Brisbane,Queensland,153.115012,-27.394336,2,normalised_exact,2007,3,6995112,6977224,13972336,1971097,1950655,3921752,8966209,8927879,17894088,122987,23845,146832,121.87,0.21916
BRISBANE,BNE,Brisbane,Queensland,153.115012,-27.394336,2,normalised_exact,2008,3,7281876,7265661,14547537,2035342,2000448,4035790,9317218,9266109,18583327,130491,25934,156425,118.8,0.21717
BRISBANE,BNE,Brisbane,Queensland,153.115012,-27.394336,2,normalised_exact,2009,3,7308926,7286998,14595924,2051853,2065318,4117171,9360779,9352316,18713095,128476,26441,154917,120.79,0.22002
BRISBANE,BNE,Brisbane,Queensland,153.115012,-27.394336,2,normalised_exact,2010,3,7674673,7663518,15338191,2135978,2146279,4282257,9810651,9809797,19620448,137895,27001,164896,118.99,0.21825
BRISBANE,BNE,Brisbane,Queensland,153.115012,-27.394336,2,normalised_exact,2011,3,7948914,7940069,15888983,2232345,2212522,4444867,10181259,10152591,20333850,144619,27409,172028,118.2,0.21859
BRISBANE,BNE,Brisbane,Queensland,153.115012,-27.394336,2,normalised_exact,2012,3,8306085,8295264,16601349,2272237,2199176,4471413,10578322,10494440,21072762,157668,26618,184286,114.35,0.21219
BRISBANE,BNE,Brisbane,Queensland,153.115012,-27.394336,2,normalised_exact,2013,3,8400795,8374902,16775697,2372918,2296223,4669141,10773713,10671125,21444838,164237,28086,192323,111.5,0.21773
BRISBANE,BNE,Brisbane,Queensland,153.115012,-27.394336,2,normalised_exact,2014,3,8504232,8478604,16982836,2510710,2454271,4964981,11014942,10932875,21947817,165379,29112,194491,112.85,0.22622
BRISBANE,BNE,Brisbane,Queensland,153.115012,-27.394336,2,normalised_exact,2015,3,8399287,8387687,16786974,2622941,2615581,5238522,11022228,11003268,22025496,165276,29133,194409,113.29,0.23784
BRISBANE,BNE,Brisbane,Queensland,153.115012,-27.394336,2,normalised_exact,2016,3,8538676,8517176,17055852,2729101,2720643,5449744,11267777,11237819,22505596,161485,30304,191789,117.35,0.24215
BRISBANE,BNE,Brisbane,Queensland,153.115012,-27.394336,2,normalised_exact,2017,3,8615737,8604189,17219926,2865078,2864263,5729341,11480815,11468452,22949267,159094,32398,191492,119.84,0.24965
BRISBANE,BNE,Brisbane,Queensland,153.115012,-27.394336,2,normalised_exact,2018,3,8692044,8662485,17354529,3059077,3053157,6112234,11751121,11715642,23466763,155700,34469,190169,123.4,0.26046
BRISBANE,BNE,Brisbane,Queensland,153.115012,-27.394336,2,normalised_exact,2019,3,8806368,8773745,17580113,3214354,3211210,6425564,12020722,11984955,24005677,159933,35236,195169,123.0,0.26767
BRISBANE,BNE,Brisbane,Queensland,153.115012,-27.394336,2,normalised_exact,2020,3,3191396,3195476,6386872,728899,659392,1388291,3920295,3854868,7775163,73981,10887,84868,91.61,0.17855
BRISBANE,BNE,Brisbane,Queensland,153.115012,-27.394336,2,normalised_exact,2021,2,3828528,3816973,7645501,118769,129230,247999,3947297,3946203,7893500,93282,6619,99901,79.01,0.03142
BRISBANE,BNE,Brisbane,Queensland,153.115012,-27.394336,2,normalised_exact,2022,3,7181549,7179435,14360984,1266881,1262456,2529337,8448430,8441891,16890321,136873,14188,151061,111.81,0.14975
BRISBANE,BNE,Brisbane,Queensland,153.115012,-27.394336,2,normalised_exact,2023,3,8182068,8143036,16325104,2421751,2423717,4845468,10603819,10566753,21170572,157844,24825,182669,115.9,0.22888
BRISBANE,BNE,Brisbane,Queensland,153.115012,-27.394336,2,normalised_exact,2024,3,8552336,8535481,17087817,3073552,3072986,6146538,11625888,11608467,23234355,158862,31079,189941,122.32,0.26455
BRISBANE,BNE,Brisbane,Queensland,153.115012,-27.394336,2,normalised_exact,2025,3,8791243,8768420,17559663,3473801,3480170,6953971,12265044,12248590,24513634,159600,34872,194472,126.05,0.28368
BROKEN HILL,BHQ,Broken Hill,New South Wales,141.470277,-31.998859,1,normalised_exact,1985,,17765,17577,35342,0,0,0,17765,17577,35342,2031,0,2031,17.4,0.0
BROKEN HILL,BHQ,Broken Hill,New South Wales,141.470277,-31.998859,1,normalised_exact,1986,,18238,17975,36213,0,0,0,18238,17975,36213,2643,0,2643,13.7,0.0
BROKEN HILL,BHQ,Broken Hill,New South Wales,141.470277,-31.998859,1,normalised_exact,1987,,18266,18139,36405,0,0,0,18266,18139,36405,2539,0,2539,14.34,0.0
BROKEN HILL,BHQ,Broken Hill,New South Wales,141.470277,-31.998859,1,normalised_exact,1988,,18928,18891,37819,0,0,0,18928,18891,37819,2741,0,2741,13.8,0.0
BROKEN HILL,BHQ,Broken Hill,New South Wales,141.470277,-31.998859,1,normalised_exact,1989,,15435,15423,30858,0,0,0,15435,15423,30858,2564,0,2564,12.04,0.0
BROKEN HILL,BHQ,Broken Hill,New South Wales,141.470277,-31.998859,1,normalised_exact,1990,,14485,14239,28724,0,0,0,14485,14239,28724,2855,0,2855,10.06,0.0
BROKEN HILL,BHQ,Broken Hill,New South Wales,141.470277,-31.998859,1,normalised_exact,1991,,14357,14183,28540,0,0,0,14357,14183,28540,2884,0,2884,9.9,0.0
BROKEN HILL,BHQ,Broken Hill,New South Wales,141.470277,-31.998859,1,normalised_exact,1992,,14822,14439,29261,0,0,0,14822,14439,29261,2696,0,2696,10.85,0.0
BROKEN HILL,BHQ,Broken Hill,New South Wales,141.470277,-31.998859,1,normalised_exact,1993,,14279,13854,28133,0,0,0,14279,13854,28133,2704,0,2704,10.4,0.0
BROKEN HILL,BHQ,Broken Hill,New South Wales,141.470277,-31.998859,1,normalised_exact,1994,,16158,16282,32440,0,0,0,16158,16282,32440,2702,0,2702,12.01,0.0
BROKEN HILL,BHQ,Broken Hill,New South Wales,141.470277,-31.998859,1,normalised_exact,1995,,17303,17148,34451,0,0,0,17303,17148,34451,2646,0,2646,13.02,0.0
BROKEN HILL,BHQ,Broken Hill,New South Wales,141.470277,-31.998859,1,normalised_exact,1996,,17137,17117,34254,0,0,0,17137,17117,34254,2592,0,2592,13.22,0.0
BROKEN HILL,BHQ,Broken Hill,New South Wales,141.470277,-31.998859,1,normalised_exact,1997,,18675,18578,37253,0,0,0,18675,18578,37253,2656,0,2656,14.03,0.0
BROKEN HILL,BHQ,Broken Hill,New South Wales,141.470277,-31.998859,1,normalised_exact,1998,,19768,19642,39410,0,0,0,19768,19642,39410,2735,0,2735,14.41,0.0
BROKEN HILL,BHQ,Broken Hill,New South Wales,141.470277,-31.998859,1,normalised_exact,1999,,19995,19786,39781,0,0,0,19995,19786,39781,3118,0,3118,12.76,0.0
BROKEN HILL,BHQ,Broken Hill,New South Wales,141.470277,-31.998859,1,normalised_exact,2000,,19075,18971,38046,0,0,0,19075,18971,38046,3003,0,3003,12.67,0.0
BROKEN HILL,BHQ,Broken Hill,New South Wales,141.470277,-31.998859,1,normalised_exact,2001,,15120,15453,30573,0,0,0,15120,15453,30573,2272,0,2272,13.46,0.0
BROKEN HILL,BHQ,Broken Hill,New South Wales,141.470277,-31.998859,1,normalised_exact,2002,,14768,14689,29457,0,0,0,14768,14689,29457,2056,0,2056,14.33,0.0
BROKEN HILL,BHQ,Broken Hill,New South Wales,141.470277,-31.998859,1,normalised_exact,2003,,15894,15922,31816,0,0,0,15894,15922,31816,2280,0,2280,13.95,0.0
BROKEN HILL,BHQ,Broken Hill,New South Wales,141.470277,-31.998859,1,normalised_exact,2004,,18189,18501,36690,0,0,0,18189,18501,36690,2343,0,2343,15.66,0.0
BROKEN HILL,BHQ,Broken Hill,New South Wales,141.470277,-31.998859,1,normalised_exact,2005,,20648,20941,41589,0,0,0,20648,20941,41589,2421,0,2421,17.18,0.0
BROKEN HILL,BHQ,Broken Hill,New South Wales,141.470277,-31.998859,1,normalised_exact,2006,,22624,22999,45623,0,0,0,22624,22999,45623,2409,0,2409,18.94,0.0
BROKEN HILL,BHQ,Broken Hill,New South Wales,141.470277,-31.998859,1,normalised_exact,2007,57,26925,27438,54363,0,0,0,26925,27438,54363,2687,0,2687,20.23,0.0
BROKEN HILL,BHQ,Broken Hill,New South Wales,141.470277,-31.998859,1,normalised_exact,2008,55,29698,30146,59844,0,0,0,29698,30146,59844,2834,0,2834,21.12,0.0
BROKEN HILL,BHQ,Broken Hill,New South Wales,141.470277,-31.998859,1,normalised_exact,2009,55,27781,28232,56013,0,0,0,27781,28232,56013,2681,0,2681,20.89,0.0
BROKEN HILL,BHQ,Broken Hill,New South Wales,141.470277,-31.998859,1,normalised_exact,2010,50,31789,31848,63637,0,0,0,31789,31848,63637,2809,0,2809,22.65,0.0
BROKEN HILL,BHQ,Broken Hill,New South Wales,141.470277,-31.998859,1,normalised_exact,2011,56,31053,31474,62527,0,0,0,31053,31474,62527,2795,0,2795,22.37,0.0
BROKEN HILL,BHQ,Broken Hill,New South Wales,141.470277,-31.998859,1,normalised_exact,2012,55,33164,33778,66942,0,0,0,33164,33778,66942,3250,0,3250,20.6,0.0
BROKEN HILL,BHQ,Broken Hill,New South Wales,141.470277,-31.998859,1,normalised_exact,2013,56,30418,30850,61268,0,0,0,30418,30850,61268,3673,0,3673,16.68,0.0
BROKEN HILL,BHQ,Broken Hill,New South Wales,141.470277,-31.998859,1,normalised_exact,2014,58,28521,28977,57498,0,0,0,28521,28977,57498,3651,0,3651,15.75,0.0
BROKEN HILL,BHQ,Broken Hill,New South Wales,141.470277,-31.998859,1,normalised_exact,2015,58,27427,27649,55076,0,0,0,27427,27649,55076,3585,0,3585,15.36,0.0
BROKEN HILL,BHQ,Broken Hill,New South Wales,141.470277,-31.998859,1,normalised_exact,2016,59,26473,26959,53432,0,0,0,26473,26959,53432,3538,0,3538,15.1,0.0
BROKEN HILL,BHQ,Broken Hill,New South Wales,141.470277,-31.998859,1,normalised_exact,2017,57,30539,31022,61561,0,0,0,30539,31022,61561,3534,0,3534,17.42,0.0
BROKEN HILL,BHQ,Broken Hill,New South Wales,141.470277,-31.998859,1,normalised_exact,2018,57,34807,35271,70078,0,0,0,34807,35271,70078,3418,0,3418,20.5,0.0
BROKEN HILL,BHQ,Broken Hill,New South Wales,141.470277,-31.998859,1,normalised_exact,2019,59,30253,30709,60962,0,0,0,30253,30709,60962,3501,0,3501,17.41,0.0
BROKEN HILL,BHQ,Broken Hill,New South Wales,141.470277,-31.998859,1,normalised_exact,2020,,10363,10216,20579,0,0,0,10363,10216,20579,1258,0,1258,16.36,0.0
BROKEN HILL,BHQ,Broken Hill,New South Wales,141.470277,-31.998859,1,normalised_exact,2021,,10661,10763,21424,0,0,0,10661,10763,21424,1249,0,1249,17.15,0.0
BROKEN HILL,BHQ,Broken Hill,New South Wales,141.470277,-31.998859,1,normalised_exact,2022,59,26528,26977,53505,0,0,0,26528,26977,53505,2561,0,2561,20.89,0.0
BROKEN HILL,BHQ,Broken Hill,New South Wales,141.470277,-31.998859,1,normalised_exact,2023,59,29357,30052,59409,0,0,0,29357,30052,59409,2721,0,2721,21.83,0.0
BROKEN HILL,BHQ,Broken Hill,New South Wales,141.470277,-31.998859,1,normalised_exact,2024,59,28565,29290,57855,0,0,0,28565,29290,57855,2593,0,2593,22.31,0.0
BROKEN HILL,BHQ,Broken Hill,New South Wales,141.470277,-31.998859,1,normalised_exact,2025,59,30313,30711,61024,0,0,0,30313,30711,61024,2529,0,2529,24.13,0.0
BROOME,BME,Broome International,Western Australia,122.23393,-17.952596,1,normalised_exact,1985,40,31348,31441,62789,0,0,0,31348,31441,62789,1868,0,1868,33.61,0.0
BROOME,BME,Broome International,Western Australia,122.23393,-17.952596,1,normalised_exact,1986,40,32770,33199,65969,0,0,0,32770,33199,65969,1861,0,1861,35.45,0.0
BROOME,BME,Broome International,Western Australia,122.23393,-17.952596,1,normalised_exact,1987,34,34227,34229,68456,0,0,0,34227,34229,68456,1840,0,1840,37.2,0.0
BROOME,BME,Broome International,Western Australia,122.23393,-17.952596,1,normalised_exact,1988,31,41722,42350,84072,0,0,0,41722,42350,84072,2306,0,2306,36.46,0.0
BROOME,BME,Broome International,Western Australia,122.23393,-17.952596,1,normalised_exact,1989,24,41865,42569,84434,0,0,0,41865,42569,84434,2148,0,2148,39.31,0.0
BROOME,BME,Broome International,Western Australia,122.23393,-17.952596,1,normalised_exact,1990,21,52358,53444,105802,0,0,0,52358,53444,105802,2617,0,2617,40.43,0.0
BROOME,BME,Broome International,Western Australia,122.23393,-17.952596,1,normalised_exact,1991,22,55537,56642,112179,0,0,0,55537,56642,112179,2565,0,2565,43.73,0.0
BROOME,BME,Broome International,Western Australia,122.23393,-17.952596,1,normalised_exact,1992,24,58661,59460,118121,0,0,0,58661,59460,118121,2700,0,2700,43.75,0.0
BROOME,BME,Broome International,Western Australia,122.23393,-17.952596,1,normalised_exact,1993,23,60677,62405,123082,0,0,0,60677,62405,123082,2643,0,2643,46.57,0.0
BROOME,BME,Broome International,Western Australia,122.23393,-17.952596,1,normalised_exact,1994,20,82937,83773,166710,0,0,0,82937,83773,166710,3644,0,3644,45.75,0.0
BROOME,BME,Broome International,Western Australia,122.23393,-17.952596,1,normalised_exact,1995,19,103687,106244,209931,0,0,0,103687,106244,209931,6012,0,6012,34.92,0.0
BROOME,BME,Broome International,Western Australia,122.23393,-17.952596,1,normalised_exact,1996,19,105982,109490,215472,1069,1269,2338,107051,110759,217810,6902,98,7000,31.12,0.01073
BROOME,BME,Broome International,Western Australia,122.23393,-17.952596,1,normalised_exact,1997,19,106209,108947,215156,147,113,260,106356,109060,215416,5835,14,5849,36.83,0.00121
BROOME,BME,Broome International,Western Australia,122.23393,-17.952596,1,normalised_exact,1998,20,103667,106498,210165,0,0,0,103667,106498,210165,5009,0,5009,41.96,0.0
BROOME,BME,Broome International,Western Australia,122.23393,-17.952596,1,normalised_exact,1999,19,108100,110539,218639,0,0,0,108100,110539,218639,5346,0,5346,40.9,0.0
BROOME,BME,Broome International,Western Australia,122.23393,-17.952596,1,normalised_exact,2000,19,112543,116591,229134,1426,1457,2883,113969,118048,232017,6315,78,6393,36.29,0.01243
BROOME,BME,Broome International,Western Australia,122.23393,-17.952596,1,normalised_exact,2001,20,97379,101006,198385,1192,1145,2337,98571,102151,200722,5817,58,5875,34.17,0.01164
BROOME,BME,Broome International,Western Australia,122.23393,-17.952596,1,normalised_exact,2002,20,88575,91339,179914,0,0,0,88575,91339,179914,4917,0,4917,36.59,0.0
BROOME,BME,Broome International,Western Australia,122.23393,-17.952596,1,normalised_exact,2003,21,108785,111581,220366,0,0,0,108785,111581,220366,5254,0,5254,41.94,0.0
BROOME,BME,Broome International,Western Australia,122.23393,-17.952596,1,normalised_exact,2004,20,128614,131913,260527,0,0,0,128614,131913,260527,5951,0,5951,43.78,0.0
BROOME,BME,Broome International,Western Australia,122.23393,-17.952596,1,normalised_exact,2005,21,146076,151096,297172,0,0,0,146076,151096,297172,6085,0,6085,48.84,0.0
BROOME,BME,Broome International,Western Australia,122.23393,-17.952596,1,normalised_exact,2006,20,161231,163870,325101,0,0,0,161231,163870,325101,5690,0,5690,57.14,0.0
BROOME,BME,Broome International,Western Australia,122.23393,-17.952596,1,normalised_exact,2007,20,175667,178512,354179,0,0,0,175667,178512,354179,5551,0,5551,63.8,0.0
BROOME,BME,Broome International,Western Australia,122.23393,-17.952596,1,normalised_exact,2008,20,186625,191477,378102,0,0,0,186625,191477,378102,5026,0,5026,75.23,0.0
BROOME,BME,Broome International,Western Australia,122.23393,-17.952596,1,normalised_exact,2009,20,196750,201235,397985,0,0,0,196750,201235,397985,5603,0,5603,71.03,0.0
BROOME,BME,Broome International,Western Australia,122.23393,-17.952596,1,normalised_exact,2010,20,200010,206602,406612,0,0,0,200010,206602,406612,5790,0,5790,70.23,0.0
BROOME,BME,Broome International,Western Australia,122.23393,-17.952596,1,normalised_exact,2011,20,198971,205725,404696,0,0,0,198971,205725,404696,5744,0,5744,70.46,0.0
BROOME,BME,Broome International,Western Australia,122.23393,-17.952596,1,normalised_exact,2012,22,202126,209089,411215,0,0,0,202126,209089,411215,5655,0,5655,72.72,0.0
BROOME,BME,Broome International,Western Australia,122.23393,-17.952596,1,normalised_exact,2013,23,202810,210823,413633,0,0,0,202810,210823,413633,5792,0,5792,71.41,0.0
BROOME,BME,Broome International,Western Australia,122.23393,-17.952596,1,normalised_exact,2014,23,192197,199322,391519,0,0,0,192197,199322,391519,5254,0,5254,74.52,0.0
BROOME,BME,Broome International,Western Australia,122.23393,-17.952596,1,normalised_exact,2015,23,188098,193844,381942,0,0,0,188098,193844,381942,4886,0,4886,78.17,0.0
BROOME,BME,Broome International,Western Australia,122.23393,-17.952596,1,normalised_exact,2016,22,183185,187917,371102,0,0,0,183185,187917,371102,4712,0,4712,78.76,0.0
BROOME,BME,Broome International,Western Australia,122.23393,-17.952596,1,normalised_exact,2017,23,192630,195722,388352,0,0,0,192630,195722,388352,4984,0,4984,77.92,0.0
BROOME,BME,Broome International,Western Australia,122.23393,-17.952596,1,normalised_exact,2018,23,205732,210160,415892,0,0,0,205732,210160,415892,5114,0,5114,81.32,0.0
BROOME,BME,Broome International,Western Australia,122.23393,-17.952596,1,normalised_exact,2019,23,199742,204058,403800,0,0,0,199742,204058,403800,5083,0,5083,79.44,0.0
BROOME,BME,Broome International,Western Australia,122.23393,-17.952596,1,normalised_exact,2020,19,119885,121602,241487,0,0,0,119885,121602,241487,3220,0,3220,75.0,0.0
BROOME,BME,Broome International,Western Australia,122.23393,-17.952596,1,normalised_exact,2021,18,204469,208391,412860,0,0,0,204469,208391,412860,4420,0,4420,93.41,0.0
BROOME,BME,Broome International,Western Australia,122.23393,-17.952596,1,normalised_exact,2022,22,215299,220730,436029,0,0,0,215299,220730,436029,4519,0,4519,96.49,0.0
BROOME,BME,Broome International,Western Australia,122.23393,-17.952596,1,normalised_exact,2023,22,216806,220482,437288,0,0,0,216806,220482,437288,4811,0,4811,90.89,0.0
BROOME,BME,Broome International,Western Australia,122.23393,-17.952596,1,normalised_exact,2024,22,217631,221578,439209,3352,3657,7009,220983,225235,446218,5691,72,5763,77.43,0.01571
BROOME,BME,Broome International,Western Australia,122.23393,-17.952596,1,normalised_exact,2025,22,226217,229044,455261,3144,3364,6508,229361,232408,461769,5501,70,5571,82.89,0.01409
BUNDABERG,BDB,Bundaberg,Queensland,152.321293,-24.898821,1,normalised_exact,1985,25,45304,45213,90517,0,0,0,45304,45213,90517,6985,0,6985,12.96,0.0
BUNDABERG,BDB,Bundaberg,Queensland,152.321293,-24.898821,1,normalised_exact,1986,26,45220,45830,91050,0,0,0,45220,45830,91050,6604,0,6604,13.79,0.0
BUNDABERG,BDB,Bundaberg,Queensland,152.321293,-24.898821,1,normalised_exact,1987,43,26597,26166,52763,0,0,0,26597,26166,52763,5322,0,5322,9.91,0.0
BUNDABERG,BDB,Bundaberg,Queensland,152.321293,-24.898821,1,normalised_exact,1988,,17616,16937,34553,0,0,0,17616,16937,34553,5690,0,5690,6.07,0.0
BUNDABERG,BDB,Bundaberg,Queensland,152.321293,-24.898821,1,normalised_exact,1989,,21418,21725,43143,0,0,0,21418,21725,43143,9032,0,9032,4.78,0.0
BUNDABERG,BDB,Bundaberg,Queensland,152.321293,-24.898821,1,normalised_exact,1990,,21553,21956,43509,0,0,0,21553,21956,43509,8686,0,8686,5.01,0.0
BUNDABERG,BDB,Bundaberg,Queensland,152.321293,-24.898821,1,normalised_exact,1991,,23957,24424,48381,0,0,0,23957,24424,48381,7432,0,7432,6.51,0.0
BUNDABERG,BDB,Bundaberg,Queensland,152.321293,-24.898821,1,normalised_exact,1992,40,27146,27863,55009,0,0,0,27146,27863,55009,9621,0,9621,5.72,0.0
BUNDABERG,BDB,Bundaberg,Queensland,152.321293,-24.898821,1,normalised_exact,1993,43,28323,28539,56862,0,0,0,28323,28539,56862,8701,0,8701,6.54,0.0
BUNDABERG,BDB,Bundaberg,Queensland,152.321293,-24.898821,1,normalised_exact,1994,36,40959,41776,82735,0,0,0,40959,41776,82735,8273,0,8273,10.0,0.0
BUNDABERG,BDB,Bundaberg,Queensland,152.321293,-24.898821,1,normalised_exact,1995,40,36454,36777,73231,0,0,0,36454,36777,73231,7246,0,7246,10.11,0.0
BUNDABERG,BDB,Bundaberg,Queensland,152.321293,-24.898821,1,normalised_exact,1996,42,34752,35339,70091,0,0,0,34752,35339,70091,6958,0,6958,10.07,0.0
BUNDABERG,BDB,Bundaberg,Queensland,152.321293,-24.898821,1,normalised_exact,1997,42,33710,34101,67811,0,0,0,33710,34101,67811,6578,0,6578,10.31,0.0
BUNDABERG,BDB,Bundaberg,Queensland,152.321293,-24.898821,1,normalised_exact,1998,41,34459,34544,69003,0,0,0,34459,34544,69003,6482,0,6482,10.65,0.0
BUNDABERG,BDB,Bundaberg,Queensland,152.321293,-24.898821,1,normalised_exact,1999,41,36915,37502,74417,0,0,0,36915,37502,74417,6115,0,6115,12.17,0.0
BUNDABERG,BDB,Bundaberg,Queensland,152.321293,-24.898821,1,normalised_exact,2000,43,36866,37126,73992,0,0,0,36866,37126,73992,5908,0,5908,12.52,0.0
BUNDABERG,BDB,Bundaberg,Queensland,152.321293,-24.898821,1,normalised_exact,2001,42,30505,30680,61185,0,0,0,30505,30680,61185,4919,0,4919,12.44,0.0
BUNDABERG,BDB,Bundaberg,Queensland,152.321293,-24.898821,1,normalised_exact,2002,44,26559,26837,53396,0,0,0,26559,26837,53396,2900,0,2900,18.41,0.0
BUNDABERG,BDB,Bundaberg,Queensland,152.321293,-24.898821,1,normalised_exact,2003,44,30118,30558,60676,0,0,0,30118,30558,60676,2549,0,2549,23.8,0.0
BUNDABERG,BDB,Bundaberg,Queensland,152.321293,-24.898821,1,normalised_exact,2004,41,38323,38339,76662,0,0,0,38323,38339,76662,2665,0,2665,28.77,0.0
BUNDABERG,BDB,Bundaberg,Queensland,152.321293,-24.898821,1,normalised_exact,2005,39,46605,47838,94443,0,0,0,46605,47838,94443,3144,0,3144,30.04,0.0
BUNDABERG,BDB,Bundaberg,Queensland,152.321293,-24.898821,1,normalised_exact,2006,39,50395,51473,101868,0,0,0,50395,51473,101868,3106,0,3106,32.8,0.0
BUNDABERG,BDB,Bundaberg,Queensland,152.321293,-24.898821,1,normalised_exact,2007,39,54597,56253,110850,0,0,0,54597,56253,110850,3137,0,3137,35.34,0.0
BUNDABERG,BDB,Bundaberg,Queensland,152.321293,-24.898821,1,normalised_exact,2008,40,57890,58120,116010,0,0,0,57890,58120,116010,2821,0,2821,41.12,0.0
BUNDABERG,BDB,Bundaberg,Queensland,152.321293,-24.898821,1,normalised_exact,2009,41,56653,56975,113628,0,0,0,56653,56975,113628,2479,0,2479,45.84,0.0
BUNDABERG,BDB,Bundaberg,Queensland,152.321293,-24.898821,1,normalised_exact,2010,41,62634,63242,125876,0,0,0,62634,63242,125876,2739,0,2739,45.96,0.0
BUNDABERG,BDB,Bundaberg,Queensland,152.321293,-24.898821,1,normalised_exact,2011,41,63646,64675,128321,0,0,0,63646,64675,128321,2736,0,2736,46.9,0.0
BUNDABERG,BDB,Bundaberg,Queensland,152.321293,-24.898821,1,normalised_exact,2012,44,61839,62454,124293,0,0,0,61839,62454,124293,2869,0,2869,43.32,0.0
BUNDABERG,BDB,Bundaberg,Queensland,152.321293,-24.898821,1,normalised_exact,2013,41,76308,77094,153402,0,0,0,76308,77094,153402,3374,0,3374,45.47,0.0
BUNDABERG,BDB,Bundaberg,Queensland,152.321293,-24.898821,1,normalised_exact,2014,40,78966,79334,158300,0,0,0,78966,79334,158300,3746,0,3746,42.26,0.0
BUNDABERG,BDB,Bundaberg,Queensland,152.321293,-24.898821,1,normalised_exact,2015,39,79056,79582,158638,0,0,0,79056,79582,158638,4014,0,4014,39.52,0.0
BUNDABERG,BDB,Bundaberg,Queensland,152.321293,-24.898821,1,normalised_exact,2016,38,86107,86463,172570,0,0,0,86107,86463,172570,3909,0,3909,44.15,0.0
BUNDABERG,BDB,Bundaberg,Queensland,152.321293,-24.898821,1,normalised_exact,2017,37,86788,87104,173892,0,0,0,86788,87104,173892,3780,0,3780,46.0,0.0
BUNDABERG,BDB,Bundaberg,Queensland,152.321293,-24.898821,1,normalised_exact,2018,40,81438,81337,162775,0,0,0,81438,81337,162775,3325,0,3325,48.95,0.0
BUNDABERG,BDB,Bundaberg,Queensland,152.321293,-24.898821,1,normalised_exact,2019,40,77193,76478,153671,0,0,0,77193,76478,153671,3575,0,3575,42.98,0.0
BUNDABERG,BDB,Bundaberg,Queensland,152.321293,-24.898821,1,normalised_exact,2020,40,28407,28007,56414,0,0,0,28407,28007,56414,1543,0,1543,36.56,0.0
BUNDABERG,BDB,Bundaberg,Queensland,152.321293,-24.898821,1,normalised_exact,2021,42,35645,36308,71953,0,0,0,35645,36308,71953,1752,0,1752,41.07,0.0
BUNDABERG,BDB,Bundaberg,Queensland,152.321293,-24.898821,1,normalised_exact,2022,40,51267,51795,103062,0,0,0,51267,51795,103062,1982,0,1982,52.0,0.0
BUNDABERG,BDB,Bundaberg,Queensland,152.321293,-24.898821,1,normalised_exact,2023,39,75958,75725,151683,0,0,0,75958,75725,151683,3573,0,3573,42.45,0.0
BUNDABERG,BDB,Bundaberg,Queensland,152.321293,-24.898821,1,normalised_exact,2024,40,76468,75858,152326,0,0,0,76468,75858,152326,3618,0,3618,42.1,0.0
BUNDABERG,BDB,Bundaberg,Queensland,152.321293,-24.898821,1,normalised_exact,2025,41,70014,69759,139773,0,0,0,70014,69759,139773,3439,0,3439,40.64,0.0
BURNIE,BWT,Burnie,Tasmania,145.725642,-40.993506,1,normalised_exact,1985,21,76011,74422,150433,0,0,0,76011,74422,150433,9902,0,9902,15.19,0.0
BURNIE,BWT,Burnie,Tasmania,145.725642,-40.993506,1,normalised_exact,1986,21,60488,59164,119652,0,0,0,60488,59164,119652,8662,0,8662,13.81,0.0
BURNIE,BWT,Burnie,Tasmania,145.725642,-40.993506,1,normalised_exact,1987,25,53134,51781,104915,0,0,0,53134,51781,104915,7703,0,7703,13.62,0.0
BURNIE,BWT,Burnie,Tasmania,145.725642,-40.993506,1,normalised_exact,1988,30,43731,42595,86326,0,0,0,43731,42595,86326,6755,0,6755,12.78,0.0
BURNIE,BWT,Burnie,Tasmania,145.725642,-40.993506,1,normalised_exact,1989,25,40231,38452,78683,0,0,0,40231,38452,78683,7284,0,7284,10.8,0.0
BURNIE,BWT,Burnie,Tasmania,145.725642,-40.993506,1,normalised_exact,1990,28,41601,40322,81923,0,0,0,41601,40322,81923,8394,0,8394,9.76,0.0
BURNIE,BWT,Burnie,Tasmania,145.725642,-40.993506,1,normalised_exact,1991,33,34986,33384,68370,0,0,0,34986,33384,68370,7627,0,7627,8.96,0.0
BURNIE,BWT,Burnie,Tasmania,145.725642,-40.993506,1,normalised_exact,1992,32,39959,38663,78622,0,0,0,39959,38663,78622,8209,0,8209,9.58,0.0
BURNIE,BWT,Burnie,Tasmania,145.725642,-40.993506,1,normalised_exact,1993,30,45340,43736,89076,0,0,0,45340,43736,89076,8038,0,8038,11.08,0.0
BURNIE,BWT,Burnie,Tasmania,145.725642,-40.993506,1,normalised_exact,1994,31,47471,46003,93474,0,0,0,47471,46003,93474,8558,0,8558,10.92,0.0
BURNIE,BWT,Burnie,Tasmania,145.725642,-40.993506,1,normalised_exact,1995,30,54402,53791,108193,0,0,0,54402,53791,108193,8861,0,8861,12.21,0.0
BURNIE,BWT,Burnie,Tasmania,145.725642,-40.993506,1,normalised_exact,1996,29,55985,54820,110805,0,0,0,55985,54820,110805,9103,0,9103,12.17,0.0
BURNIE,BWT,Burnie,Tasmania,145.725642,-40.993506,1,normalised_exact,1997,31,55190,54099,109289,0,0,0,55190,54099,109289,7190,0,7190,15.2,0.0
BURNIE,BWT,Burnie,Tasmania,145.725642,-40.993506,1,normalised_exact,1998,31,59193,58906,118099,0,0,0,59193,58906,118099,9732,0,9732,12.14,0.0
BURNIE,BWT,Burnie,Tasmania,145.725642,-40.993506,1,normalised_exact,1999,31,54411,55100,109511,0,0,0,54411,55100,109511,9383,0,9383,11.67,0.0
BURNIE,BWT,Burnie,Tasmania,145.725642,-40.993506,1,normalised_exact,2000,33,49745,49860,99605,0,0,0,49745,49860,99605,7655,0,7655,13.01,0.0
BURNIE,BWT,Burnie,Tasmania,145.725642,-40.993506,1,normalised_exact,2001,36,39275,39280,78555,0,0,0,39275,39280,78555,5098,0,5098,15.41,0.0
BURNIE,BWT,Burnie,Tasmania,145.725642,-40.993506,1,normalised_exact,2002,34,39516,38206,77722,0,0,0,39516,38206,77722,5481,0,5481,14.18,0.0
BURNIE,BWT,Burnie,Tasmania,145.725642,-40.993506,1,normalised_exact,2003,34,45598,45347,90945,0,0,0,45598,45347,90945,4358,0,4358,20.87,0.0
BURNIE,BWT,Burnie,Tasmania,145.725642,-40.993506,1,normalised_exact,2004,36,47705,47142,94847,0,0,0,47705,47142,94847,5826,0,5826,16.28,0.0
BURNIE,BWT,Burnie,Tasmania,145.725642,-40.993506,1,normalised_exact,2005,40,46311,46610,92921,0,0,0,46311,46610,92921,7310,0,7310,12.71,0.0
BURNIE,BWT,Burnie,Tasmania,145.725642,-40.993506,1,normalised_exact,2006,43,45335,45525,90860,0,0,0,45335,45525,90860,6674,0,6674,13.61,0.0
BURNIE,BWT,Burnie,Tasmania,145.725642,-40.993506,1,normalised_exact,2007,44,46431,46584,93015,0,0,0,46431,46584,93015,6643,0,6643,14.0,0.0
BURNIE,BWT,Burnie,Tasmania,145.725642,-40.993506,1,normalised_exact,2008,46,46338,46247,92585,0,0,0,46338,46247,92585,6863,0,6863,13.49,0.0
BURNIE,BWT,Burnie,Tasmania,145.725642,-40.993506,1,normalised_exact,2009,46,41134,40497,81631,0,0,0,41134,40497,81631,5389,0,5389,15.15,0.0
BURNIE,BWT,Burnie,Tasmania,145.725642,-40.993506,1,normalised_exact,2010,47,37740,37701,75441,0,0,0,37740,37701,75441,3700,0,3700,20.39,0.0
BURNIE,BWT,Burnie,Tasmania,145.725642,-40.993506,1,normalised_exact,2011,52,34615,33960,68575,0,0,0,34615,33960,68575,3292,0,3292,20.83,0.0
BURNIE,BWT,Burnie,Tasmania,145.725642,-40.993506,1,normalised_exact,2012,54,34088,33881,67969,0,0,0,34088,33881,67969,4263,0,4263,15.94,0.0
BURNIE,BWT,Burnie,Tasmania,145.725642,-40.993506,1,normalised_exact,2013,53,34424,34029,68453,0,0,0,34424,34029,68453,3957,0,3957,17.3,0.0
BURNIE,BWT,Burnie,Tasmania,145.725642,-40.993506,1,normalised_exact,2014,53,31723,31578,63301,0,0,0,31723,31578,63301,3883,0,3883,16.3,0.0
BURNIE,BWT,Burnie,Tasmania,145.725642,-40.993506,1,normalised_exact,2015,53,31985,31544,63529,0,0,0,31985,31544,63529,3942,0,3942,16.12,0.0
BURNIE,BWT,Burnie,Tasmania,145.725642,-40.993506,1,normalised_exact,2016,55,30270,29941,60211,0,0,0,30270,29941,60211,3943,0,3943,15.27,0.0
BURNIE,BWT,Burnie,Tasmania,145.725642,-40.993506,1,normalised_exact,2017,58,30976,30265,61241,0,0,0,30976,30265,61241,3935,0,3935,15.56,0.0
BURNIE,BWT,Burnie,Tasmania,145.725642,-40.993506,1,normalised_exact,2018,56,35585,35525,71110,0,0,0,35585,35525,71110,3951,0,3951,18.0,0.0
BURNIE,BWT,Burnie,Tasmania,145.725642,-40.993506,1,normalised_exact,2019,55,36122,36350,72472,0,0,0,36122,36350,72472,4089,0,4089,17.72,0.0
BURNIE,BWT,Burnie,Tasmania,145.725642,-40.993506,1,normalised_exact,2020,,12344,12853,25197,0,0,0,12344,12853,25197,2259,0,2259,11.15,0.0
BURNIE,BWT,Burnie,Tasmania,145.725642,-40.993506,1,normalised_exact,2021,,11677,11532,23209,0,0,0,11677,11532,23209,2469,0,2469,9.4,0.0
BURNIE,BWT,Burnie,Tasmania,145.725642,-40.993506,1,normalised_exact,2022,52,33995,34192,68187,0,0,0,33995,34192,68187,4107,0,4107,16.6,0.0
BURNIE,BWT,Burnie,Tasmania,145.725642,-40.993506,1,normalised_exact,2023,51,38715,38653,77368,0,0,0,38715,38653,77368,4189,0,4189,18.47,0.0
BURNIE,BWT,Burnie,Tasmania,145.725642,-40.993506,1,normalised_exact,2024,52,37149,36751,73900,0,0,0,37149,36751,73900,4128,0,4128,17.9,0.0
BURNIE,BWT,Burnie,Tasmania,145.725642,-40.993506,1,normalised_exact,2025,52,38766,38953,77719,0,0,0,38766,38953,77719,3804,0,3804,20.43,0.0
BUSSELTON,BQB,Busselton,Western Australia,115.398937,-33.685898,1,normalised_exact,1997,,352,315,667,0,0,0,352,315,667,161,0,161,4.14,0.0
BUSSELTON,BQB,Busselton,Western Australia,115.398937,-33.685898,1,normalised_exact,1998,,869,831,1700,0,0,0,869,831,1700,511,0,511,3.33,0.0
BUSSELTON,BQB,Busselton,Western Australia,115.398937,-33.685898,1,normalised_exact,1999,,818,831,1649,0,0,0,818,831,1649,888,0,888,1.86,0.0
BUSSELTON,BQB,Busselton,Western Australia,115.398937,-33.685898,1,normalised_exact,2000,,683,705,1388,0,0,0,683,705,1388,714,0,714,1.94,0.0
BUSSELTON,BQB,Busselton,Western Australia,115.398937,-33.685898,1,normalised_exact,2001,,171,177,348,0,0,0,171,177,348,228,0,228,1.53,0.0
BUSSELTON,BQB,Busselton,Western Australia,115.398937,-33.685898,1,normalised_exact,2003,,43,0,43,0,0,0,43,0,43,22,0,22,1.95,0.0
BUSSELTON,BQB,Busselton,Western Australia,115.398937,-33.685898,1,normalised_exact,2004,,0,0,0,0,0,0,0,0,0,28,0,28,0.0,
BUSSELTON,BQB,Busselton,Western Australia,115.398937,-33.685898,1,normalised_exact,2011,,334,309,643,0,0,0,334,309,643,198,0,198,3.25,0.0
BUSSELTON,BQB,Busselton,Western Australia,115.398937,-33.685898,1,normalised_exact,2012,,808,532,1340,0,0,0,808,532,1340,434,0,434,3.09,0.0
BUSSELTON,BQB,Busselton,Western Australia,115.398937,-33.685898,1,normalised_exact,2013,,4059,2884,6943,0,0,0,4059,2884,6943,505,0,505,13.75,0.0
BUSSELTON,BQB,Busselton,Western Australia,115.398937,-33.685898,1,normalised_exact,2014,,6983,5469,12452,0,0,0,6983,5469,12452,473,0,473,26.33,0.0
BUSSELTON,BQB,Busselton,Western Australia,115.398937,-33.685898,1,normalised_exact,2015,,333,45,378,0,0,0,333,45,378,30,0,30,12.6,0.0
BUSSELTON,BQB,Busselton,Western Australia,115.398937,-33.685898,1,normalised_exact,2022,,19440,19189,38629,0,0,0,19440,19189,38629,232,0,232,166.5,0.0
BUSSELTON,BQB,Busselton,Western Australia,115.398937,-33.685898,1,normalised_exact,2023,63,25652,25141,50793,0,0,0,25652,25141,50793,334,0,334,152.07,0.0
BUSSELTON,BQB,Busselton,Western Australia,115.398937,-33.685898,1,normalised_exact,2024,51,44138,42456,86594,0,0,0,44138,42456,86594,579,0,579,149.56,0.0
BUSSELTON,BQB,Busselton,Western Australia,115.398937,-33.685898,1,normalised_exact,2025,51,50098,47790,97888,0,0,0,50098,47790,97888,709,0,709,138.06,0.0
CAIRNS,CNS,Cairns International,Queensland,145.754583,-16.874833,2,normalised_exact,1985,10,240831,240725,481556,25460,20062,45522,266291,260787,527078,10563,857,11420,46.15,0.08637
CAIRNS,CNS,Cairns International,Queensland,145.754583,-16.874833,2,normalised_exact,1986,9,300879,298274,599153,34528,28885,63413,335407,327159,662566,12031,1039,13070,50.69,0.09571
CAIRNS,CNS,Cairns International,Queensland,145.754583,-16.874833,2,normalised_exact,1987,9,370149,371353,741502,60273,50016,110289,430422,421369,851791,14719,1456,16175,52.66,0.12948
CAIRNS,CNS,Cairns International,Queensland,145.754583,-16.874833,2,normalised_exact,1988,8,432189,435505,867694,86811,72984,159795,519000,508489,1027489,16241,2317,18558,55.37,0.15552
CAIRNS,CNS,Cairns International,Queensland,145.754583,-16.874833,2,normalised_exact,1989,6,324091,327128,651219,112272,100376,212648,436363,427504,863867,13657,3144,16801,51.42,0.24616
CAIRNS,CNS,Cairns International,Queensland,145.754583,-16.874833,2,normalised_exact,1990,6,394307,396333,790640,144730,134606,279336,539037,530939,1069976,15867,3714,19581,54.64,0.26107
CAIRNS,CNS,Cairns International,Queensland,145.754583,-16.874833,2,normalised_exact,1991,6,630203,627234,1257437,196395,183579,379974,826598,810813,1637411,25015,5217,30232,54.16,0.23206
CAIRNS,CNS,Cairns International,Queensland,145.754583,-16.874833,2,normalised_exact,1992,6,626699,644984,1271683,286926,239287,526213,913625,884271,1797896,26615,7676,34291,52.43,0.29268
CAIRNS,CNS,Cairns International,Queensland,145.754583,-16.874833,2,normalised_exact,1993,6,709909,730850,1440759,356161,295276,651437,1066070,1026126,2092196,28065,8844,36909,56.69,0.31137
CAIRNS,CNS,Cairns International,Queensland,145.754583,-16.874833,2,normalised_exact,1994,6,831407,859060,1690467,365764,313511,679275,1197171,1172571,2369742,31475,9383,40858,58.0,0.28665
CAIRNS,CNS,Cairns International,Queensland,145.754583,-16.874833,2,normalised_exact,1995,6,919430,924597,1844027,328649,329748,658397,1248079,1254345,2502424,33234,9387,42621,58.71,0.2631
CAIRNS,CNS,Cairns International,Queensland,145.754583,-16.874833,2,normalised_exact,1996,6,957711,968804,1926515,364567,354829,719396,1322278,1323633,2645911,33732,9975,43707,60.54,0.27189
CAIRNS,CNS,Cairns International,Queensland,145.754583,-16.874833,2,normalised_exact,1997,6,952051,966187,1918238,378025,367085,745110,1330076,1333272,2663348,34072,9056,43128,61.75,0.27976
CAIRNS,CNS,Cairns International,Queensland,145.754583,-16.874833,2,normalised_exact,1998,6,952421,963296,1915717,339769,348289,688058,1292190,1311585,2603775,34022,7606,41628,62.55,0.26425
CAIRNS,CNS,Cairns International,Queensland,145.754583,-16.874833,2,normalised_exact,1999,6,1012434,1010474,2022908,327422,333237,660659,1339856,1343711,2683567,34075,7237,41312,64.96,0.24619
CAIRNS,CNS,Cairns International,Queensland,145.754583,-16.874833,2,normalised_exact,2000,6,1065600,1067113,2132713,341270,338863,680133,1406870,1405976,2812846,35449,6359,41808,67.28,0.2418
CAIRNS,CNS,Cairns International,Queensland,145.754583,-16.874833,2,normalised_exact,2001,6,1009453,1015740,2025193,333952,331166,665118,1343405,1346906,2690311,32463,5904,38367,70.12,0.24723
CAIRNS,CNS,Cairns International,Queensland,145.754583,-16.874833,2,normalised_exact,2002,6,1045601,1042042,2087643,387072,379184,766256,1432673,1421226,2853899,30155,7029,37184,76.75,0.26849
CAIRNS,CNS,Cairns International,Queensland,145.754583,-16.874833,2,normalised_exact,2003,6,1118928,1127638,2246566,375819,370742,746561,1494747,1498380,2993127,31918,7380,39298,76.16,0.24943
CAIRNS,CNS,Cairns International,Queensland,145.754583,-16.874833,2,normalised_exact,2004,6,1283526,1298101,2581627,430620,416226,846846,1714146,1714327,3428473,35794,8694,44488,77.07,0.247
CAIRNS,CNS,Cairns International,Queensland,145.754583,-16.874833,2,normalised_exact,2005,6,1417727,1425220,2842947,433784,428400,862184,1851511,1853620,3705131,38393,8310,46703,79.33,0.2327
CAIRNS,CNS,Cairns International,Queensland,145.754583,-16.874833,2,normalised_exact,2006,6,1481810,1485267,2967077,399459,392250,791709,1881269,1877517,3758786,36960,8242,45202,83.16,0.21063
CAIRNS,CNS,Cairns International,Queensland,145.754583,-16.874833,2,normalised_exact,2007,7,1537142,1529272,3066414,353748,348300,702048,1890890,1877572,3768462,35886,7806,43692,86.25,0.1863
CAIRNS,CNS,Cairns International,Queensland,145.754583,-16.874833,2,normalised_exact,2008,7,1578539,1574632,3153171,300386,295075,595461,1878925,1869707,3748632,35648,7532,43180,86.81,0.15885
CAIRNS,CNS,Cairns International,Queensland,145.754583,-16.874833,2,normalised_exact,2009,7,1564910,1568483,3133393,205381,199422,404803,1770291,1767905,3538196,32548,4860,37408,94.58,0.11441
CAIRNS,CNS,Cairns International,Queensland,145.754583,-16.874833,2,normalised_exact,2010,7,1628261,1625836,3254097,250466,245407,495873,1878727,1871243,3749970,35642,5545,41187,91.05,0.13223
CAIRNS,CNS,Cairns International,Queensland,145.754583,-16.874833,2,normalised_exact,2011,7,1680637,1680460,3361097,254540,249532,504072,1935177,1929992,3865169,37025,6042,43067,89.75,0.13041
CAIRNS,CNS,Cairns International,Queensland,145.754583,-16.874833,2,normalised_exact,2012,7,1778671,1790524,3569195,257389,253970,511359,2036060,2044494,4080554,38734,5676,44410,91.88,0.12532
CAIRNS,CNS,Cairns International,Queensland,145.754583,-16.874833,2,normalised_exact,2013,7,1866127,1888204,3754331,247494,244597,492091,2113621,2132801,4246422,39961,5561,45522,93.28,0.11588
CAIRNS,CNS,Cairns International,Queensland,145.754583,-16.874833,2,normalised_exact,2014,7,1921580,1935819,3857399,230820,230090,460910,2152400,2165909,4318309,38957,5142,44099,97.92,0.10673
CAIRNS,CNS,Cairns International,Queensland,145.754583,-16.874833,2,normalised_exact,2015,7,1983585,1991724,3975309,271115,274618,545733,2254700,2266342,4521042,40491,5588,46079,98.12,0.12071
CAIRNS,CNS,Cairns International,Queensland,145.754583,-16.874833,2,normalised_exact,2016,7,2102385,2105836,4208221,313574,328719,642293,2415959,2434555,4850514,42849,6469,49318,98.35,0.13242
CAIRNS,CNS,Cairns International,Queensland,145.754583,-16.874833,2,normalised_exact,2017,7,2134527,2143784,4278311,320120,342053,662173,2454647,2485837,4940484,42661,5762,48423,102.03,0.13403
CAIRNS,CNS,Cairns International,Queensland,145.754583,-16.874833,2,normalised_exact,2018,7,2129089,2154158,4283247,330491,332060,662551,2459580,2486218,4945798,41977,4885,46862,105.54,0.13396
CAIRNS,CNS,Cairns International,Queensland,145.754583,-16.874833,2,normalised_exact,2019,7,2046740,2079617,4126357,332245,319579,651824,2378985,2399196,4778181,40790,4891,45681,104.6,0.13642
CAIRNS,CNS,Cairns International,Queensland,145.754583,-16.874833,2,normalised_exact,2020,7,783840,803090,1586930,64826,54395,119221,848666,857485,1706151,21420,1176,22596,75.51,0.06988
CAIRNS,CNS,Cairns International,Queensland,145.754583,-16.874833,2,normalised_exact,2021,6,1154555,1152943,2307498,1339,1151,2490,1155894,1154094,2309988,30496,389,30885,74.79,0.00108
CAIRNS,CNS,Cairns International,Queensland,145.754583,-16.874833,2,normalised_exact,2022,7,1835415,1837197,3672612,66461,68801,135262,1901876,1905998,3807874,37127,1866,38993,97.66,0.03552
CAIRNS,CNS,Cairns International,Queensland,145.754583,-16.874833,2,normalised_exact,2023,7,1965488,1986440,3951928,257853,248940,506793,2223341,2235380,4458721,39025,3257,42282,105.45,0.11366
CAIRNS,CNS,Cairns International,Queensland,145.754583,-16.874833,2,normalised_exact,2024,7,2028441,2041582,4070023,313814,312100,625914,2342255,2353682,4695937,41608,3977,45585,103.01,0.13329
CAIRNS,CNS,Cairns International,Queensland,145.754583,-16.874833,2,normalised_exact,2025,7,2013315,2021286,4034601,341048,342852,683900,2354363,2364138,4718501,42414,4652,47066,100.25,0.14494
CANBERRA,CNB,Canberra,Australian Capital Territory,149.191085,-35.307482,1,normalised_exact,1985,7,493819,492663,986482,0,0,0,493819,492663,986482,19459,0,19459,50.7,0.0
CANBERRA,CNB,Canberra,Australian Capital Territory,149.191085,-35.307482,1,normalised_exact,1986,6,513803,514151,1027954,0,0,0,513803,514151,1027954,21208,0,21208,48.47,0.0
CANBERRA,CNB,Canberra,Australian Capital Territory,149.191085,-35.307482,1,normalised_exact,1987,6,541050,542062,1083112,0,0,0,541050,542062,1083112,22098,0,22098,49.01,0.0
CANBERRA,CNB,Canberra,Australian Capital Territory,149.191085,-35.307482,1,normalised_exact,1988,7,561463,566102,1127565,0,0,0,561463,566102,1127565,20896,0,20896,53.96,0.0
CANBERRA,CNB,Canberra,Australian Capital Territory,149.191085,-35.307482,1,normalised_exact,1989,8,390849,388687,779536,0,0,0,390849,388687,779536,17217,0,17217,45.28,0.0
CANBERRA,CNB,Canberra,Australian Capital Territory,149.191085,-35.307482,1,normalised_exact,1990,7,507843,512777,1020620,0,0,0,507843,512777,1020620,19240,0,19240,53.05,0.0
CANBERRA,CNB,Canberra,Australian Capital Territory,149.191085,-35.307482,1,normalised_exact,1991,8,628768,632711,1261479,0,0,0,628768,632711,1261479,24290,0,24290,51.93,0.0
CANBERRA,CNB,Canberra,Australian Capital Territory,149.191085,-35.307482,1,normalised_exact,1992,8,680909,686245,1367154,0,0,0,680909,686245,1367154,27370,0,27370,49.95,0.0
CANBERRA,CNB,Canberra,Australian Capital Territory,149.191085,-35.307482,1,normalised_exact,1993,8,710203,720888,1431091,0,0,0,710203,720888,1431091,29568,0,29568,48.4,0.0
CANBERRA,CNB,Canberra,Australian Capital Territory,149.191085,-35.307482,1,normalised_exact,1994,8,786118,805750,1591868,0,0,0,786118,805750,1591868,34224,0,34224,46.51,0.0
CANBERRA,CNB,Canberra,Australian Capital Territory,149.191085,-35.307482,1,normalised_exact,1995,8,866073,872991,1739064,0,0,0,866073,872991,1739064,36170,0,36170,48.08,0.0
CANBERRA,CNB,Canberra,Australian Capital Territory,149.191085,-35.307482,1,normalised_exact,1996,8,864170,871588,1735758,0,0,0,864170,871588,1735758,38096,0,38096,45.56,0.0
CANBERRA,CNB,Canberra,Australian Capital Territory,149.191085,-35.307482,1,normalised_exact,1997,8,892244,895786,1788030,0,0,0,892244,895786,1788030,38248,0,38248,46.75,0.0
CANBERRA,CNB,Canberra,Australian Capital Territory,149.191085,-35.307482,1,normalised_exact,1998,8,900365,904726,1805091,0,0,0,900365,904726,1805091,38110,0,38110,47.37,0.0
CANBERRA,CNB,Canberra,Australian Capital Territory,149.191085,-35.307482,1,normalised_exact,1999,7,949353,950341,1899694,0,0,0,949353,950341,1899694,38974,0,38974,48.74,0.0
CANBERRA,CNB,Canberra,Australian Capital Territory,149.191085,-35.307482,1,normalised_exact,2000,7,1018334,1020970,2039304,0,0,0,1018334,1020970,2039304,45594,0,45594,44.73,0.0
CANBERRA,CNB,Canberra,Australian Capital Territory,149.191085,-35.307482,1,normalised_exact,2001,7,983523,988679,1972202,0,0,0,983523,988679,1972202,48321,0,48321,40.81,0.0
CANBERRA,CNB,Canberra,Australian Capital Territory,149.191085,-35.307482,1,normalised_exact,2002,8,943233,941533,1884766,0,0,0,943233,941533,1884766,36459,0,36459,51.7,0.0
CANBERRA,CNB,Canberra,Australian Capital Territory,149.191085,-35.307482,1,normalised_exact,2003,8,1038929,1035238,2074167,0,0,0,1038929,1035238,2074167,37396,0,37396,55.46,0.0
CANBERRA,CNB,Canberra,Australian Capital Territory,149.191085,-35.307482,1,normalised_exact,2004,8,1216303,1218160,2434463,994,1002,1996,1217297,1219162,2436459,40302,42,40344,60.39,0.00082
CANBERRA,CNB,Canberra,Australian Capital Territory,149.191085,-35.307482,1,normalised_exact,2005,8,1261431,1263322,2524753,0,0,0,1261431,1263322,2524753,37500,0,37500,67.33,0.0
CANBERRA,CNB,Canberra,Australian Capital Territory,149.191085,-35.307482,1,normalised_exact,2006,8,1306186,1306493,2612679,0,0,0,1306186,1306493,2612679,38410,0,38410,68.02,0.0
CANBERRA,CNB,Canberra,Australian Capital Territory,149.191085,-35.307482,1,normalised_exact,2007,8,1366543,1368332,2734875,0,0,0,1366543,1368332,2734875,38185,0,38185,71.62,0.0
CANBERRA,CNB,Canberra,Australian Capital Territory,149.191085,-35.307482,1,normalised_exact,2008,8,1494590,1488898,2983488,0,0,0,1494590,1488898,2983488,44531,0,44531,67.0,0.0
CANBERRA,CNB,Canberra,Australian Capital Territory,149.191085,-35.307482,1,normalised_exact,2009,8,1578631,1569789,3148420,0,0,0,1578631,1569789,3148420,44726,0,44726,70.39,0.0
CANBERRA,CNB,Canberra,Australian Capital Territory,149.191085,-35.307482,1,normalised_exact,2010,8,1654445,1649565,3304010,0,0,0,1654445,1649565,3304010,43894,0,43894,75.27,0.0
CANBERRA,CNB,Canberra,Australian Capital Territory,149.191085,-35.307482,1,normalised_exact,2011,8,1608583,1599642,3208225,0,0,0,1608583,1599642,3208225,43351,0,43351,74.01,0.0
CANBERRA,CNB,Canberra,Australian Capital Territory,149.191085,-35.307482,1,normalised_exact,2012,8,1536941,1528952,3065893,0,0,0,1536941,1528952,3065893,42017,0,42017,72.97,0.0
CANBERRA,CNB,Canberra,Australian Capital Territory,149.191085,-35.307482,1,normalised_exact,2013,8,1483065,1473383,2956448,0,0,0,1483065,1473383,2956448,41700,0,41700,70.9,0.0
CANBERRA,CNB,Canberra,Australian Capital Territory,149.191085,-35.307482,1,normalised_exact,2014,8,1409599,1402223,2811822,0,0,0,1409599,1402223,2811822,39471,0,39471,71.24,0.0
CANBERRA,CNB,Canberra,Australian Capital Territory,149.191085,-35.307482,1,normalised_exact,2015,8,1406816,1398490,2805306,0,0,0,1406816,1398490,2805306,38376,0,38376,73.1,0.0
CANBERRA,CNB,Canberra,Australian Capital Territory,149.191085,-35.307482,1,normalised_exact,2016,8,1444730,1441063,2885793,11378,12393,23771,1456108,1453456,2909564,38287,236,38523,75.53,0.00817
CANBERRA,CNB,Canberra,Australian Capital Territory,149.191085,-35.307482,1,normalised_exact,2017,8,1511399,1509941,3021340,43864,40571,84435,1555263,1550512,3105775,38525,834,39359,78.91,0.02719
CANBERRA,CNB,Canberra,Australian Capital Territory,149.191085,-35.307482,1,normalised_exact,2018,8,1579508,1573635,3153143,45032,49890,94922,1624540,1623525,3248065,38610,1400,40010,81.18,0.02922
CANBERRA,CNB,Canberra,Australian Capital Territory,149.191085,-35.307482,1,normalised_exact,2019,8,1579818,1573225,3153043,37730,47339,85069,1617548,1620564,3238112,38624,1457,40081,80.79,0.02627
CANBERRA,CNB,Canberra,Australian Capital Territory,149.191085,-35.307482,1,normalised_exact,2020,8,450122,445857,895979,6471,6540,13011,456593,452397,908990,13081,328,13409,67.79,0.01431
CANBERRA,CNB,Canberra,Australian Capital Territory,149.191085,-35.307482,1,normalised_exact,2021,11,510032,513107,1023139,137,0,137,510169,513107,1023276,17940,1,17941,57.04,0.00013
CANBERRA,CNB,Canberra,Australian Capital Territory,149.191085,-35.307482,1,normalised_exact,2022,8,1217655,1219952,2437607,0,0,0,1217655,1219952,2437607,35910,0,35910,67.88,0.0
CANBERRA,CNB,Canberra,Australian Capital Territory,149.191085,-35.307482,1,normalised_exact,2023,8,1381935,1375415,2757350,5950,6130,12080,1387885,1381545,2769430,40041,124,40165,68.95,0.00436
CANBERRA,CNB,Canberra,Australian Capital Territory,149.191085,-35.307482,1,normalised_exact,2024,8,1398968,1396861,2795829,18121,19169,37290,1417089,1416030,2833119,37313,381,37694,75.16,0.01316
CANBERRA,CNB,Canberra,Australian Capital Territory,149.191085,-35.307482,1,normalised_exact,2025,9,1382603,1380171,2762774,15461,15387,30848,1398064,1395558,2793622,36662,305,36967,75.57,0.01104
CARNARVON,,,,,,,unmatched,1985,,17841,17825,35666,0,0,0,17841,17825,35666,1608,0,1608,22.18,0.0
CARNARVON,,,,,,,unmatched,1986,,17562,17969,35531,0,0,0,17562,17969,35531,1408,0,1408,25.24,0.0
CARNARVON,,,,,,,unmatched,1987,,15353,15540,30893,0,0,0,15353,15540,30893,1172,0,1172,26.36,0.0
CARNARVON,,,,,,,unmatched,1988,,14558,15000,29558,0,0,0,14558,15000,29558,967,0,967,30.57,0.0
CARNARVON,,,,,,,unmatched,1989,,10096,10235,20331,0,0,0,10096,10235,20331,683,0,683,29.77,0.0
CARNARVON,,,,,,,unmatched,1990,,12798,13064,25862,0,0,0,12798,13064,25862,879,0,879,29.42,0.0
CARNARVON,,,,,,,unmatched,1991,,14653,14898,29551,0,0,0,14653,14898,29551,908,0,908,32.55,0.0
CARNARVON,,,,,,,unmatched,1992,,15987,16291,32278,0,0,0,15987,16291,32278,907,0,907,35.59,0.0
CARNARVON,,,,,,,unmatched,1993,,17551,17832,35383,0,0,0,17551,17832,35383,866,0,866,40.86,0.0
CARNARVON,,,,,,,unmatched,1994,,16822,16347,33169,0,0,0,16822,16347,33169,844,0,844,39.3,0.0
CARNARVON,,,,,,,unmatched,1995,,9482,9124,18606,0,0,0,9482,9124,18606,1111,0,1111,16.75,0.0
CARNARVON,,,,,,,unmatched,1996,,9890,10172,20062,0,0,0,9890,10172,20062,1342,0,1342,14.95,0.0
CARNARVON,,,,,,,unmatched,1997,,10320,10527,20847,0,0,0,10320,10527,20847,1130,0,1130,18.45,0.0
CARNARVON,,,,,,,unmatched,1998,,9584,8903,18487,0,0,0,9584,8903,18487,917,0,917,20.16,0.0
CARNARVON,,,,,,,unmatched,1999,,9360,8003,17363,0,0,0,9360,8003,17363,766,0,766,22.67,0.0
CARNARVON,,,,,,,unmatched,2000,,9217,9365,18582,0,0,0,9217,9365,18582,901,0,901,20.62,0.0
CARNARVON,,,,,,,unmatched,2001,,7738,7842,15580,0,0,0,7738,7842,15580,813,0,813,19.16,0.0
CARNARVON,,,,,,,unmatched,2002,,7837,7914,15751,0,0,0,7837,7914,15751,826,0,826,19.07,0.0
CARNARVON,,,,,,,unmatched,2003,,7541,7687,15228,0,0,0,7541,7687,15228,952,0,952,16.0,0.0
CARNARVON,,,,,,,unmatched,2004,,8327,8481,16808,0,0,0,8327,8481,16808,885,0,885,18.99,0.0
CARNARVON,,,,,,,unmatched,2005,,8886,8913,17799,0,0,0,8886,8913,17799,786,0,786,22.65,0.0
CARNARVON,,,,,,,unmatched,2006,,9899,10109,20008,0,0,0,9899,10109,20008,891,0,891,22.46,0.0
CARNARVON,,,,,,,unmatched,2007,,11361,11699,23060,0,0,0,11361,11699,23060,975,0,975,23.65,0.0
CARNARVON,,,,,,,unmatched,2008,,10749,11066,21815,0,0,0,10749,11066,21815,868,0,868,25.13,0.0
CARNARVON,,,,,,,unmatched,2009,,11507,11783,23290,0,0,0,11507,11783,23290,1076,0,1076,21.64,0.0
CARNARVON,,,,,,,unmatched,2010,,12575,13288,25863,0,0,0,12575,13288,25863,1034,0,1034,25.01,0.0
CARNARVON,,,,,,,unmatched,2011,,14132,14426,28558,0,0,0,14132,14426,28558,1095,0,1095,26.08,0.0
CARNARVON,,,,,,,unmatched,2012,,12692,12895,25587,0,0,0,12692,12895,25587,1124,0,1124,22.76,0.0
CARNARVON,,,,,,,unmatched,2013,,13440,13928,27368,0,0,0,13440,13928,27368,1189,0,1189,23.02,0.0
CARNARVON,,,,,,,unmatched,2014,,11537,11812,23349,0,0,0,11537,11812,23349,1019,0,1019,22.91,0.0
CARNARVON,,,,,,,unmatched,2015,,10583,10936,21519,0,0,0,10583,10936,21519,1130,0,1130,19.04,0.0
CARNARVON,,,,,,,unmatched,2016,,9044,10445,19489,0,0,0,9044,10445,19489,993,0,993,19.63,0.0
CARNARVON,,,,,,,unmatched,2017,,9795,10776,20571,0,0,0,9795,10776,20571,989,0,989,20.8,0.0
CARNARVON,,,,,,,unmatched,2018,,9955,10260,20215,0,0,0,9955,10260,20215,1038,0,1038,19.47,0.0
CARNARVON,,,,,,,unmatched,2019,,10985,11314,22299,0,0,0,10985,11314,22299,1238,0,1238,18.01,0.0
CARNARVON,,,,,,,unmatched,2020,,6917,7307,14224,0,0,0,6917,7307,14224,830,0,830,17.14,0.0
CARNARVON,,,,,,,unmatched,2021,,10581,11430,22011,0,0,0,10581,11430,22011,1175,0,1175,18.73,0.0
CARNARVON,,,,,,,unmatched,2022,,12160,12680,24840,0,0,0,12160,12680,24840,1323,0,1323,18.78,0.0
CARNARVON,,,,,,,unmatched,2023,,11937,12408,24345,0,0,0,11937,12408,24345,1217,0,1217,20.0,0.0
CARNARVON,,,,,,,unmatched,2024,,13565,14047,27612,0,0,0,13565,14047,27612,1225,0,1225,22.54,0.0
CARNARVON,,,,,,,unmatched,2025,,12670,13153,25823,0,0,0,12670,13153,25823,1140,0,1140,22.65,0.0
CEDUNA,CED,Ceduna,South Australia,133.701765,-32.123945,1,normalised_exact,1985,,2578,2676,5254,0,0,0,2578,2676,5254,518,0,518,10.14,0.0
CEDUNA,CED,Ceduna,South Australia,133.701765,-32.123945,1,normalised_exact,1986,,836,855,1691,0,0,0,836,855,1691,138,0,138,12.25,0.0
CEDUNA,CED,Ceduna,South Australia,133.701765,-32.123945,1,normalised_exact,1987,,2212,2219,4431,0,0,0,2212,2219,4431,619,0,619,7.16,0.0
CEDUNA,CED,Ceduna,South Australia,133.701765,-32.123945,1,normalised_exact,1988,,2287,2265,4552,0,0,0,2287,2265,4552,609,0,609,7.47,0.0
CEDUNA,CED,Ceduna,South Australia,133.701765,-32.123945,1,normalised_exact,1989,,2165,2324,4489,0,0,0,2165,2324,4489,598,0,598,7.51,0.0
CEDUNA,CED,Ceduna,South Australia,133.701765,-32.123945,1,normalised_exact,1990,,2447,2396,4843,0,0,0,2447,2396,4843,645,0,645,7.51,0.0
CEDUNA,CED,Ceduna,South Australia,133.701765,-32.123945,1,normalised_exact,1991,,2657,2681,5338,0,0,0,2657,2681,5338,646,0,646,8.26,0.0
CEDUNA,CED,Ceduna,South Australia,133.701765,-32.123945,1,normalised_exact,1992,,2803,2836,5639,0,0,0,2803,2836,5639,683,0,683,8.26,0.0
CEDUNA,CED,Ceduna,South Australia,133.701765,-32.123945,1,normalised_exact,1993,,3172,3214,6386,0,0,0,3172,3214,6386,686,0,686,9.31,0.0
CEDUNA,CED,Ceduna,South Australia,133.701765,-32.123945,1,normalised_exact,1994,,3599,3574,7173,0,0,0,3599,3574,7173,696,0,696,10.31,0.0
CEDUNA,CED,Ceduna,South Australia,133.701765,-32.123945,1,normalised_exact,1995,,3835,3938,7773,0,0,0,3835,3938,7773,690,0,690,11.27,0.0
CEDUNA,CED,Ceduna,South Australia,133.701765,-32.123945,1,normalised_exact,1996,,4345,4296,8641,0,0,0,4345,4296,8641,1177,0,1177,7.34,0.0
CEDUNA,CED,Ceduna,South Australia,133.701765,-32.123945,1,normalised_exact,1997,,5006,5077,10083,0,0,0,5006,5077,10083,1315,0,1315,7.67,0.0
CEDUNA,CED,Ceduna,South Australia,133.701765,-32.123945,1,normalised_exact,1998,,5276,5250,10526,0,0,0,5276,5250,10526,1270,0,1270,8.29,0.0
CEDUNA,CED,Ceduna,South Australia,133.701765,-32.123945,1,normalised_exact,1999,,5298,5339,10637,0,0,0,5298,5339,10637,1038,0,1038,10.25,0.0
CEDUNA,CED,Ceduna,South Australia,133.701765,-32.123945,1,normalised_exact,2000,,5004,5001,10005,0,0,0,5004,5001,10005,834,0,834,12.0,0.0
CEDUNA,CED,Ceduna,South Australia,133.701765,-32.123945,1,normalised_exact,2001,,4330,4327,8657,0,0,0,4330,4327,8657,802,0,802,10.79,0.0
CEDUNA,CED,Ceduna,South Australia,133.701765,-32.123945,1,normalised_exact,2002,,4697,4548,9245,0,0,0,4697,4548,9245,814,0,814,11.36,0.0
CEDUNA,CED,Ceduna,South Australia,133.701765,-32.123945,1,normalised_exact,2003,,5501,5676,11177,0,0,0,5501,5676,11177,1009,0,1009,11.08,0.0
CEDUNA,CED,Ceduna,South Australia,133.701765,-32.123945,1,normalised_exact,2004,,6286,6316,12602,0,0,0,6286,6316,12602,964,0,964,13.07,0.0
CEDUNA,CED,Ceduna,South Australia,133.701765,-32.123945,1,normalised_exact,2005,,7576,7697,15273,0,0,0,7576,7697,15273,1104,0,1104,13.83,0.0
CEDUNA,CED,Ceduna,South Australia,133.701765,-32.123945,1,normalised_exact,2006,,9564,9685,19249,0,0,0,9564,9685,19249,1224,0,1224,15.73,0.0
CEDUNA,CED,Ceduna,South Australia,133.701765,-32.123945,1,normalised_exact,2007,,11118,11357,22475,0,0,0,11118,11357,22475,1210,0,1210,18.57,0.0
CEDUNA,CED,Ceduna,South Australia,133.701765,-32.123945,1,normalised_exact,2008,,12072,12317,24389,0,0,0,12072,12317,24389,1202,0,1202,20.29,0.0
CEDUNA,CED,Ceduna,South Australia,133.701765,-32.123945,1,normalised_exact,2009,,12327,12455,24782,0,0,0,12327,12455,24782,1182,0,1182,20.97,0.0
CEDUNA,CED,Ceduna,South Australia,133.701765,-32.123945,1,normalised_exact,2010,,12379,12531,24910,0,0,0,12379,12531,24910,1206,0,1206,20.66,0.0
CEDUNA,CED,Ceduna,South Australia,133.701765,-32.123945,1,normalised_exact,2011,,12200,12546,24746,0,0,0,12200,12546,24746,1190,0,1190,20.79,0.0
CEDUNA,CED,Ceduna,South Australia,133.701765,-32.123945,1,normalised_exact,2012,,11669,11781,23450,0,0,0,11669,11781,23450,1196,0,1196,19.61,0.0
CEDUNA,CED,Ceduna,South Australia,133.701765,-32.123945,1,normalised_exact,2013,,10651,10984,21635,0,0,0,10651,10984,21635,1173,0,1173,18.44,0.0
CEDUNA,CED,Ceduna,South Australia,133.701765,-32.123945,1,normalised_exact,2014,,10505,10931,21436,0,0,0,10505,10931,21436,1163,0,1163,18.43,0.0
CEDUNA,CED,Ceduna,South Australia,133.701765,-32.123945,1,normalised_exact,2015,,11020,11307,22327,0,0,0,11020,11307,22327,1162,0,1162,19.21,0.0
CEDUNA,CED,Ceduna,South Australia,133.701765,-32.123945,1,normalised_exact,2016,,11285,11510,22795,0,0,0,11285,11510,22795,1179,0,1179,19.33,0.0
CEDUNA,CED,Ceduna,South Australia,133.701765,-32.123945,1,normalised_exact,2017,,12340,12662,25002,0,0,0,12340,12662,25002,1180,0,1180,21.19,0.0
CEDUNA,CED,Ceduna,South Australia,133.701765,-32.123945,1,normalised_exact,2018,,12679,12858,25537,0,0,0,12679,12858,25537,1177,0,1177,21.7,0.0
CEDUNA,CED,Ceduna,South Australia,133.701765,-32.123945,1,normalised_exact,2019,,13463,13581,27044,0,0,0,13463,13581,27044,1454,0,1454,18.6,0.0
CEDUNA,CED,Ceduna,South Australia,133.701765,-32.123945,1,normalised_exact,2020,,4983,5052,10035,0,0,0,4983,5052,10035,954,0,954,10.52,0.0
CEDUNA,CED,Ceduna,South Australia,133.701765,-32.123945,1,normalised_exact,2021,,7027,7077,14104,0,0,0,7027,7077,14104,1162,0,1162,12.14,0.0
CEDUNA,CED,Ceduna,South Australia,133.701765,-32.123945,1,normalised_exact,2022,,10034,10159,20193,0,0,0,10034,10159,20193,1370,0,1370,14.74,0.0
CEDUNA,CED,Ceduna,South Australia,133.701765,-32.123945,1,normalised_exact,2023,,10195,10423,20618,0,0,0,10195,10423,20618,1281,0,1281,16.1,0.0
CEDUNA,CED,Ceduna,South Australia,133.701765,-32.123945,1,normalised_exact,2024,,9243,9484,18727,0,0,0,9243,9484,18727,1230,0,1230,15.23,0.0
CEDUNA,CED,Ceduna,South Australia,133.701765,-32.123945,1,normalised_exact,2025,,9392,9669,19061,0,0,0,9392,9669,19061,1247,0,1247,15.29,0.0
CHARLEVILLE,CTL,Charleville,Queensland,146.258833,-26.413261,1,normalised_exact,1985,,4349,4592,8941,0,0,0,4349,4592,8941,734,0,734,12.18,0.0
CHARLEVILLE,CTL,Charleville,Queensland,146.258833,-26.413261,1,normalised_exact,1986,,4380,4840,9220,0,0,0,4380,4840,9220,760,0,760,12.13,0.0
CHARLEVILLE,CTL,Charleville,Queensland,146.258833,-26.413261,1,normalised_exact,1987,,1448,1469,2917,0,0,0,1448,1469,2917,477,0,477,6.12,0.0
CHARLEVILLE,CTL,Charleville,Queensland,146.258833,-26.413261,1,normalised_exact,1991,,1658,1621,3279,0,0,0,1658,1621,3279,755,0,755,4.34,0.0
CHARLEVILLE,CTL,Charleville,Queensland,146.258833,-26.413261,1,normalised_exact,1992,,2005,1996,4001,0,0,0,2005,1996,4001,1101,0,1101,3.63,0.0
CHARLEVILLE,CTL,Charleville,Queensland,146.258833,-26.413261,1,normalised_exact,1993,,2069,2111,4180,0,0,0,2069,2111,4180,1284,0,1284,3.26,0.0
CHARLEVILLE,CTL,Charleville,Queensland,146.258833,-26.413261,1,normalised_exact,1994,,2239,2260,4499,0,0,0,2239,2260,4499,1300,0,1300,3.46,0.0
CHARLEVILLE,CTL,Charleville,Queensland,146.258833,-26.413261,1,normalised_exact,1995,,2576,2634,5210,0,0,0,2576,2634,5210,1225,0,1225,4.25,0.0
CHARLEVILLE,CTL,Charleville,Queensland,146.258833,-26.413261,1,normalised_exact,1996,,3290,3245,6535,0,0,0,3290,3245,6535,1170,0,1170,5.59,0.0
CHARLEVILLE,CTL,Charleville,Queensland,146.258833,-26.413261,1,normalised_exact,1997,,3585,3703,7288,0,0,0,3585,3703,7288,1152,0,1152,6.33,0.0
CHARLEVILLE,CTL,Charleville,Queensland,146.258833,-26.413261,1,normalised_exact,1998,,3870,3844,7714,0,0,0,3870,3844,7714,1233,0,1233,6.26,0.0
CHARLEVILLE,CTL,Charleville,Queensland,146.258833,-26.413261,1,normalised_exact,1999,,4119,4154,8273,0,0,0,4119,4154,8273,1147,0,1147,7.21,0.0
CHARLEVILLE,CTL,Charleville,Queensland,146.258833,-26.413261,1,normalised_exact,2000,,4175,4073,8248,0,0,0,4175,4073,8248,1181,0,1181,6.98,0.0
CHARLEVILLE,CTL,Charleville,Queensland,146.258833,-26.413261,1,normalised_exact,2001,,3453,3375,6828,0,0,0,3453,3375,6828,1043,0,1043,6.55,0.0
CHARLEVILLE,CTL,Charleville,Queensland,146.258833,-26.413261,1,normalised_exact,2002,,4197,4299,8496,0,0,0,4197,4299,8496,1140,0,1140,7.45,0.0
CHARLEVILLE,CTL,Charleville,Queensland,146.258833,-26.413261,1,normalised_exact,2003,,4263,4406,8669,0,0,0,4263,4406,8669,1140,0,1140,7.6,0.0
CHARLEVILLE,CTL,Charleville,Queensland,146.258833,-26.413261,1,normalised_exact,2004,,4529,4574,9103,0,0,0,4529,4574,9103,1152,0,1152,7.9,0.0
CHARLEVILLE,CTL,Charleville,Queensland,146.258833,-26.413261,1,normalised_exact,2005,,4683,4683,9366,0,0,0,4683,4683,9366,1142,0,1142,8.2,0.0
CHARLEVILLE,CTL,Charleville,Queensland,146.258833,-26.413261,1,normalised_exact,2006,,5360,5293,10653,0,0,0,5360,5293,10653,1145,0,1145,9.3,0.0
CHARLEVILLE,CTL,Charleville,Queensland,146.258833,-26.413261,1,normalised_exact,2007,,6374,6392,12766,0,0,0,6374,6392,12766,1141,0,1141,11.19,0.0
CHARLEVILLE,CTL,Charleville,Queensland,146.258833,-26.413261,1,normalised_exact,2008,,7191,7505,14696,0,0,0,7191,7505,14696,1085,0,1085,13.54,0.0
CHARLEVILLE,CTL,Charleville,Queensland,146.258833,-26.413261,1,normalised_exact,2009,,6563,6864,13427,0,0,0,6563,6864,13427,740,0,740,18.14,0.0
CHARLEVILLE,CTL,Charleville,Queensland,146.258833,-26.413261,1,normalised_exact,2010,,7041,7126,14167,0,0,0,7041,7126,14167,942,0,942,15.04,0.0
CHARLEVILLE,CTL,Charleville,Queensland,146.258833,-26.413261,1,normalised_exact,2011,,7795,8057,15852,0,0,0,7795,8057,15852,1239,0,1239,12.79,0.0
CHARLEVILLE,CTL,Charleville,Queensland,146.258833,-26.413261,1,normalised_exact,2012,,7506,7772,15278,0,0,0,7506,7772,15278,1156,0,1156,13.22,0.0
CHARLEVILLE,CTL,Charleville,Queensland,146.258833,-26.413261,1,normalised_exact,2013,,8286,8314,16600,0,0,0,8286,8314,16600,1145,0,1145,14.5,0.0
CHARLEVILLE,CTL,Charleville,Queensland,146.258833,-26.413261,1,normalised_exact,2014,,8738,8812,17550,0,0,0,8738,8812,17550,1146,0,1146,15.31,0.0
CHARLEVILLE,CTL,Charleville,Queensland,146.258833,-26.413261,1,normalised_exact,2015,,7778,7768,15546,0,0,0,7778,7768,15546,1144,0,1144,13.59,0.0
CHARLEVILLE,CTL,Charleville,Queensland,146.258833,-26.413261,1,normalised_exact,2016,,7483,7502,14985,0,0,0,7483,7502,14985,1148,0,1148,13.05,0.0
CHARLEVILLE,CTL,Charleville,Queensland,146.258833,-26.413261,1,normalised_exact,2017,,7591,7704,15295,0,0,0,7591,7704,15295,1131,0,1131,13.52,0.0
CHARLEVILLE,CTL,Charleville,Queensland,146.258833,-26.413261,1,normalised_exact,2018,,7791,7868,15659,0,0,0,7791,7868,15659,1179,0,1179,13.28,0.0
CHARLEVILLE,CTL,Charleville,Queensland,146.258833,-26.413261,1,normalised_exact,2019,,8274,8253,16527,0,0,0,8274,8253,16527,1340,0,1340,12.33,0.0
CHARLEVILLE,CTL,Charleville,Queensland,146.258833,-26.413261,1,normalised_exact,2020,,3613,3636,7249,0,0,0,3613,3636,7249,1155,0,1155,6.28,0.0
CHARLEVILLE,CTL,Charleville,Queensland,146.258833,-26.413261,1,normalised_exact,2021,,4522,4564,9086,0,0,0,4522,4564,9086,1271,0,1271,7.15,0.0
CHARLEVILLE,CTL,Charleville,Queensland,146.258833,-26.413261,1,normalised_exact,2022,,5794,5576,11370,0,0,0,5794,5576,11370,2145,0,2145,5.3,0.0
CHARLEVILLE,CTL,Charleville,Queensland,146.258833,-26.413261,1,normalised_exact,2023,,6705,6590,13295,0,0,0,6705,6590,13295,2167,0,2167,6.14,0.0
CHARLEVILLE,CTL,Charleville,Queensland,146.258833,-26.413261,1,normalised_exact,2024,,6400,6317,12717,0,0,0,6400,6317,12717,2017,0,2017,6.3,0.0
CHARLEVILLE,CTL,Charleville,Queensland,146.258833,-26.413261,1,normalised_exact,2025,,6769,6582,13351,0,0,0,6769,6582,13351,1755,0,1755,7.61,0.0
CHRISTMAS ISLAND,XCH,Christmas Island,Western Australia,105.688702,-10.451034,1,normalised_exact,1993,,1776,1744,3520,1868,1994,3862,3644,3738,7382,89,104,193,38.25,0.52316
CHRISTMAS ISLAND,XCH,Christmas Island,Western Australia,105.688702,-10.451034,1,normalised_exact,1994,,5319,5108,10427,10224,10444,20668,15543,15552,31095,250,543,793,39.21,0.66467
CHRISTMAS ISLAND,XCH,Christmas Island,Western Australia,105.688702,-10.451034,1,normalised_exact,1995,,6086,5994,12080,14045,13434,27479,20131,19428,39559,254,560,814,48.6,0.69463
CHRISTMAS ISLAND,XCH,Christmas Island,Western Australia,105.688702,-10.451034,1,normalised_exact,1996,,5888,6200,12088,7261,7252,14513,13149,13452,26601,254,502,756,35.19,0.54558
CHRISTMAS ISLAND,XCH,Christmas Island,Western Australia,105.688702,-10.451034,1,normalised_exact,1997,,6058,5315,11373,1929,1966,3895,7987,7281,15268,246,151,397,38.46,0.25511
CHRISTMAS ISLAND,XCH,Christmas Island,Western Australia,105.688702,-10.451034,1,normalised_exact,1998,,2727,2819,5546,1329,1383,2712,4056,4202,8258,175,100,275,30.03,0.32841
CHRISTMAS ISLAND,XCH,Christmas Island,Western Australia,105.688702,-10.451034,1,normalised_exact,1999,,2484,2544,5028,0,0,0,2484,2544,5028,157,0,157,32.03,0.0
CHRISTMAS ISLAND,XCH,Christmas Island,Western Australia,105.688702,-10.451034,1,normalised_exact,2000,,2543,2512,5055,0,0,0,2543,2512,5055,171,0,171,29.56,0.0
CHRISTMAS ISLAND,XCH,Christmas Island,Western Australia,105.688702,-10.451034,1,normalised_exact,2001,,2867,2865,5732,0,0,0,2867,2865,5732,207,0,207,27.69,0.0
CHRISTMAS ISLAND,XCH,Christmas Island,Western Australia,105.688702,-10.451034,1,normalised_exact,2002,,4116,4133,8249,0,0,0,4116,4133,8249,279,0,279,29.57,0.0
CHRISTMAS ISLAND,XCH,Christmas Island,Western Australia,105.688702,-10.451034,1,normalised_exact,2003,,3631,3817,7448,0,0,0,3631,3817,7448,261,0,261,28.54,0.0
CHRISTMAS ISLAND,XCH,Christmas Island,Western Australia,105.688702,-10.451034,1,normalised_exact,2004,,4066,4191,8257,0,0,0,4066,4191,8257,271,0,271,30.47,0.0
CHRISTMAS ISLAND,XCH,Christmas Island,Western Australia,105.688702,-10.451034,1,normalised_exact,2005,,3903,4074,7977,0,0,0,3903,4074,7977,246,0,246,32.43,0.0
CHRISTMAS ISLAND,XCH,Christmas Island,Western Australia,105.688702,-10.451034,1,normalised_exact,2006,,3980,4075,8055,0,0,0,3980,4075,8055,260,0,260,30.98,0.0
CHRISTMAS ISLAND,XCH,Christmas Island,Western Australia,105.688702,-10.451034,1,normalised_exact,2007,,3883,3958,7841,144,336,480,4027,4294,8321,332,8,340,24.47,0.05769
CHRISTMAS ISLAND,XCH,Christmas Island,Western Australia,105.688702,-10.451034,1,normalised_exact,2008,,2988,3127,6115,664,578,1242,3652,3705,7357,287,44,331,22.23,0.16882
CHRISTMAS ISLAND,XCH,Christmas Island,Western Australia,105.688702,-10.451034,1,normalised_exact,2009,,4776,4841,9617,0,0,0,4776,4841,9617,336,0,336,28.62,0.0
CHRISTMAS ISLAND,XCH,Christmas Island,Western Australia,105.688702,-10.451034,1,normalised_exact,2010,,10606,10986,21592,0,0,0,10606,10986,21592,376,0,376,57.43,0.0
CHRISTMAS ISLAND,XCH,Christmas Island,Western Australia,105.688702,-10.451034,1,normalised_exact,2011,,15714,16172,31886,0,0,0,15714,16172,31886,589,0,589,54.14,0.0
CHRISTMAS ISLAND,XCH,Christmas Island,Western Australia,105.688702,-10.451034,1,normalised_exact,2012,,17666,17393,35059,0,0,0,17666,17393,35059,700,0,700,50.08,0.0
CHRISTMAS ISLAND,XCH,Christmas Island,Western Australia,105.688702,-10.451034,1,normalised_exact,2013,,18122,17883,36005,0,0,0,18122,17883,36005,709,0,709,50.78,0.0
CHRISTMAS ISLAND,XCH,Christmas Island,Western Australia,105.688702,-10.451034,1,normalised_exact,2014,,16888,17136,34024,0,0,0,16888,17136,34024,692,0,692,49.17,0.0
CHRISTMAS ISLAND,XCH,Christmas Island,Western Australia,105.688702,-10.451034,1,normalised_exact,2015,,10238,10400,20638,0,0,0,10238,10400,20638,264,0,264,78.17,0.0
CHRISTMAS ISLAND,XCH,Christmas Island,Western Australia,105.688702,-10.451034,1,normalised_exact,2016,,9950,9836,19786,0,0,0,9950,9836,19786,222,0,222,89.13,0.0
CHRISTMAS ISLAND,XCH,Christmas Island,Western Australia,105.688702,-10.451034,1,normalised_exact,2017,,9603,9263,18866,0,0,0,9603,9263,18866,209,0,209,90.27,0.0
CHRISTMAS ISLAND,XCH,Christmas Island,Western Australia,105.688702,-10.451034,1,normalised_exact,2018,,9612,9644,19256,0,0,0,9612,9644,19256,210,0,210,91.7,0.0
CHRISTMAS ISLAND,XCH,Christmas Island,Western Australia,105.688702,-10.451034,1,normalised_exact,2019,,9246,9223,18469,0,0,0,9246,9223,18469,210,0,210,87.95,0.0
CHRISTMAS ISLAND,XCH,Christmas Island,Western Australia,105.688702,-10.451034,1,normalised_exact,2020,,6709,6696,13405,0,0,0,6709,6696,13405,220,0,220,60.93,0.0
CHRISTMAS ISLAND,XCH,Christmas Island,Western Australia,105.688702,-10.451034,1,normalised_exact,2021,,11253,11519,22772,0,0,0,11253,11519,22772,232,0,232,98.16,0.0
CHRISTMAS ISLAND,XCH,Christmas Island,Western Australia,105.688702,-10.451034,1,normalised_exact,2022,,11247,11435,22682,0,0,0,11247,11435,22682,218,0,218,104.05,0.0
CHRISTMAS ISLAND,XCH,Christmas Island,Western Australia,105.688702,-10.451034,1,normalised_exact,2023,,11744,11613,23357,0,0,0,11744,11613,23357,217,0,217,107.64,0.0
CHRISTMAS ISLAND,XCH,Christmas Island,Western Australia,105.688702,-10.451034,1,normalised_exact,2024,,11108,10970,22078,0,0,0,11108,10970,22078,212,0,212,104.14,0.0
CHRISTMAS ISLAND,XCH,Christmas Island,Western Australia,105.688702,-10.451034,1,normalised_exact,2025,,9669,9545,19214,0,0,0,9669,9545,19214,176,0,176,109.17,0.0
CLONCURRY,,,,,,,unmatched,1985,,3013,3131,6144,0,0,0,3013,3131,6144,602,0,602,10.21,0.0
CLONCURRY,,,,,,,unmatched,1986,,2647,2641,5288,0,0,0,2647,2641,5288,618,0,618,8.56,0.0
CLONCURRY,,,,,,,unmatched,1987,,722,738,1460,0,0,0,722,738,1460,255,0,255,5.73,0.0
CLONCURRY,,,,,,,unmatched,1991,,230,248,478,0,0,0,230,248,478,470,0,470,1.02,0.0
CLONCURRY,,,,,,,unmatched,1992,,212,215,427,0,0,0,212,215,427,433,0,433,0.99,0.0
CLONCURRY,,,,,,,unmatched,1993,,233,225,458,0,0,0,233,225,458,458,0,458,1.0,0.0
CLONCURRY,,,,,,,unmatched,1994,,318,278,596,0,0,0,318,278,596,492,0,492,1.21,0.0
CLONCURRY,,,,,,,unmatched,1995,,392,345,737,0,0,0,392,345,737,578,0,578,1.28,0.0
CLONCURRY,,,,,,,unmatched,1996,,814,816,1630,0,0,0,814,816,1630,898,0,898,1.82,0.0
CLONCURRY,,,,,,,unmatched,1997,,1856,1638,3494,0,0,0,1856,1638,3494,1108,0,1108,3.15,0.0
CLONCURRY,,,,,,,unmatched,1998,,2982,2777,5759,0,0,0,2982,2777,5759,1806,0,1806,3.19,0.0
CLONCURRY,,,,,,,unmatched,1999,,5131,4718,9849,0,0,0,5131,4718,9849,2705,0,2705,3.64,0.0
CLONCURRY,,,,,,,unmatched,2000,,5750,5302,11052,0,0,0,5750,5302,11052,2610,0,2610,4.23,0.0
CLONCURRY,,,,,,,unmatched,2001,,4278,4407,8685,0,0,0,4278,4407,8685,1963,0,1963,4.42,0.0
CLONCURRY,,,,,,,unmatched,2002,,4194,4192,8386,0,0,0,4194,4192,8386,1769,0,1769,4.74,0.0
CLONCURRY,,,,,,,unmatched,2003,,3501,3385,6886,0,0,0,3501,3385,6886,1338,0,1338,5.15,0.0
CLONCURRY,,,,,,,unmatched,2004,,2338,2564,4902,0,0,0,2338,2564,4902,740,0,740,6.62,0.0
CLONCURRY,,,,,,,unmatched,2005,,2075,1676,3751,0,0,0,2075,1676,3751,684,0,684,5.48,0.0
CLONCURRY,,,,,,,unmatched,2006,,2110,1925,4035,0,0,0,2110,1925,4035,674,0,674,5.99,0.0
CLONCURRY,,,,,,,unmatched,2007,,2287,2390,4677,0,0,0,2287,2390,4677,775,0,775,6.03,0.0
CLONCURRY,,,,,,,unmatched,2008,,1940,2691,4631,0,0,0,1940,2691,4631,872,0,872,5.31,0.0
CLONCURRY,,,,,,,unmatched,2009,,3350,3596,6946,0,0,0,3350,3596,6946,813,0,813,8.54,0.0
CLONCURRY,,,,,,,unmatched,2010,,8276,8438,16714,0,0,0,8276,8438,16714,1091,0,1091,15.32,0.0
CLONCURRY,,,,,,,unmatched,2011,,6251,6618,12869,0,0,0,6251,6618,12869,951,0,951,13.53,0.0
CLONCURRY,,,,,,,unmatched,2012,,3914,4159,8073,0,0,0,3914,4159,8073,767,0,767,10.53,0.0
CLONCURRY,,,,,,,unmatched,2013,,4455,4490,8945,0,0,0,4455,4490,8945,801,0,801,11.17,0.0
CLONCURRY,,,,,,,unmatched,2014,,9975,10426,20401,0,0,0,9975,10426,20401,980,0,980,20.82,0.0
CLONCURRY,,,,,,,unmatched,2015,,8057,8525,16582,0,0,0,8057,8525,16582,976,0,976,16.99,0.0
CLONCURRY,,,,,,,unmatched,2016,,10921,10742,21663,0,0,0,10921,10742,21663,1048,0,1048,20.67,0.0
CLONCURRY,,,,,,,unmatched,2017,,13480,12625,26105,0,0,0,13480,12625,26105,1080,0,1080,24.17,0.0
CLONCURRY,,,,,,,unmatched,2018,,14208,13951,28159,0,0,0,14208,13951,28159,1094,0,1094,25.74,0.0
CLONCURRY,,,,,,,unmatched,2019,,12203,11585,23788,0,0,0,12203,11585,23788,1143,0,1143,20.81,0.0
CLONCURRY,,,,,,,unmatched,2020,,12457,12344,24801,0,0,0,12457,12344,24801,639,0,639,38.81,0.0
CLONCURRY,,,,,,,unmatched,2021,,12456,12962,25418,0,0,0,12456,12962,25418,542,0,542,46.9,0.0
CLONCURRY,,,,,,,unmatched,2022,,14958,15565,30523,0,0,0,14958,15565,30523,676,0,676,45.15,0.0
CLONCURRY,,,,,,,unmatched,2023,,13851,14614,28465,0,0,0,13851,14614,28465,603,0,603,47.21,0.0
CLONCURRY,,,,,,,unmatched,2024,,13582,14460,28042,0,0,0,13582,14460,28042,598,0,598,46.89,0.0
CLONCURRY,,,,,,,unmatched,2025,,13782,12991,26773,0,0,0,13782,12991,26773,595,0,595,45.0,0.0
COBAR,CAZ,Cobar,New South Wales,145.79756,-31.537547,1,normalised_exact,1985,,1624,1633,3257,0,0,0,1624,1633,3257,620,0,620,5.25,0.0
COBAR,CAZ,Cobar,New South Wales,145.79756,-31.537547,1,normalised_exact,1986,,1498,1484,2982,0,0,0,1498,1484,2982,596,0,596,5.0,0.0
COBAR,CAZ,Cobar,New South Wales,145.79756,-31.537547,1,normalised_exact,1987,,1444,1445,2889,0,0,0,1444,1445,2889,716,0,716,4.03,0.0
COBAR,CAZ,Cobar,New South Wales,145.79756,-31.537547,1,normalised_exact,1988,,1199,1232,2431,0,0,0,1199,1232,2431,840,0,840,2.89,0.0
COBAR,CAZ,Cobar,New South Wales,145.79756,-31.537547,1,normalised_exact,1989,,1929,1914,3843,0,0,0,1929,1914,3843,1681,0,1681,2.29,0.0
COBAR,CAZ,Cobar,New South Wales,145.79756,-31.537547,1,normalised_exact,1990,,1910,1846,3756,0,0,0,1910,1846,3756,2048,0,2048,1.83,0.0
COBAR,CAZ,Cobar,New South Wales,145.79756,-31.537547,1,normalised_exact,1991,,1616,1711,3327,0,0,0,1616,1711,3327,1050,0,1050,3.17,0.0
COBAR,CAZ,Cobar,New South Wales,145.79756,-31.537547,1,normalised_exact,1992,,1778,1826,3604,0,0,0,1778,1826,3604,1311,0,1311,2.75,0.0
COBAR,CAZ,Cobar,New South Wales,145.79756,-31.537547,1,normalised_exact,1993,,1841,1713,3554,0,0,0,1841,1713,3554,1446,0,1446,2.46,0.0
COBAR,CAZ,Cobar,New South Wales,145.79756,-31.537547,1,normalised_exact,1994,,2082,2087,4169,0,0,0,2082,2087,4169,1505,0,1505,2.77,0.0
COBAR,CAZ,Cobar,New South Wales,145.79756,-31.537547,1,normalised_exact,1995,,2610,2501,5111,0,0,0,2610,2501,5111,1460,0,1460,3.5,0.0
COBAR,CAZ,Cobar,New South Wales,145.79756,-31.537547,1,normalised_exact,1996,,2064,2118,4182,0,0,0,2064,2118,4182,1422,0,1422,2.94,0.0
COBAR,CAZ,Cobar,New South Wales,145.79756,-31.537547,1,normalised_exact,1997,,2117,2184,4301,0,0,0,2117,2184,4301,1542,0,1542,2.79,0.0
COBAR,CAZ,Cobar,New South Wales,145.79756,-31.537547,1,normalised_exact,1998,,2015,1975,3990,0,0,0,2015,1975,3990,1447,0,1447,2.76,0.0
COBAR,CAZ,Cobar,New South Wales,145.79756,-31.537547,1,normalised_exact,1999,,1781,1786,3567,0,0,0,1781,1786,3567,1461,0,1461,2.44,0.0
COBAR,CAZ,Cobar,New South Wales,145.79756,-31.537547,1,normalised_exact,2000,,1790,1722,3512,0,0,0,1790,1722,3512,1413,0,1413,2.49,0.0
COBAR,CAZ,Cobar,New South Wales,145.79756,-31.537547,1,normalised_exact,2001,,1596,1635,3231,0,0,0,1596,1635,3231,1533,0,1533,2.11,0.0
COBAR,CAZ,Cobar,New South Wales,145.79756,-31.537547,1,normalised_exact,2002,,1085,1090,2175,0,0,0,1085,1090,2175,1890,0,1890,1.15,0.0
COBAR,CAZ,Cobar,New South Wales,145.79756,-31.537547,1,normalised_exact,2003,,1886,1763,3649,0,0,0,1886,1763,3649,2417,0,2417,1.51,0.0
COBAR,CAZ,Cobar,New South Wales,145.79756,-31.537547,1,normalised_exact,2004,,1883,1692,3575,0,0,0,1883,1692,3575,2304,0,2304,1.55,0.0
COBAR,CAZ,Cobar,New South Wales,145.79756,-31.537547,1,normalised_exact,2005,,1816,1749,3565,0,0,0,1816,1749,3565,2599,0,2599,1.37,0.0
COBAR,CAZ,Cobar,New South Wales,145.79756,-31.537547,1,normalised_exact,2006,,3703,3729,7432,0,0,0,3703,3729,7432,1854,0,1854,4.01,0.0
COBAR,CAZ,Cobar,New South Wales,145.79756,-31.537547,1,normalised_exact,2007,,4251,4299,8550,0,0,0,4251,4299,8550,1951,0,1951,4.38,0.0
COBAR,CAZ,Cobar,New South Wales,145.79756,-31.537547,1,normalised_exact,2008,,2289,3232,5521,0,0,0,2289,3232,5521,1628,0,1628,3.39,0.0
COBAR,CAZ,Cobar,New South Wales,145.79756,-31.537547,1,normalised_exact,2010,,794,826,1620,0,0,0,794,826,1620,169,0,169,9.59,0.0
COBAR,CAZ,Cobar,New South Wales,145.79756,-31.537547,1,normalised_exact,2011,,3892,4009,7901,0,0,0,3892,4009,7901,764,0,764,10.34,0.0
COBAR,CAZ,Cobar,New South Wales,145.79756,-31.537547,1,normalised_exact,2012,,5396,5522,10918,0,0,0,5396,5522,10918,1143,0,1143,9.55,0.0
COBAR,CAZ,Cobar,New South Wales,145.79756,-31.537547,1,normalised_exact,2013,,5250,5181,10431,0,0,0,5250,5181,10431,1067,0,1067,9.78,0.0
COBAR,CAZ,Cobar,New South Wales,145.79756,-31.537547,1,normalised_exact,2015,,619,621,1240,0,0,0,619,621,1240,135,0,135,9.19,0.0
COBAR,CAZ,Cobar,New South Wales,145.79756,-31.537547,1,normalised_exact,2016,,2204,2214,4418,0,0,0,2204,2214,4418,416,0,416,10.62,0.0
COBAR,CAZ,Cobar,New South Wales,145.79756,-31.537547,1,normalised_exact,2017,,2250,2023,4273,0,0,0,2250,2023,4273,445,0,445,9.6,0.0
COBAR,CAZ,Cobar,New South Wales,145.79756,-31.537547,1,normalised_exact,2019,,323,408,731,0,0,0,323,408,731,142,0,142,5.15,0.0
COBAR,CAZ,Cobar,New South Wales,145.79756,-31.537547,1,normalised_exact,2020,,871,956,1827,0,0,0,871,956,1827,378,0,378,4.83,0.0
COBAR,CAZ,Cobar,New South Wales,145.79756,-31.537547,1,normalised_exact,2021,,1662,1583,3245,0,0,0,1662,1583,3245,389,0,389,8.34,0.0
COBAR,CAZ,Cobar,New South Wales,145.79756,-31.537547,1,normalised_exact,2022,,2639,2634,5273,0,0,0,2639,2634,5273,409,0,409,12.89,0.0
COBAR,CAZ,Cobar,New South Wales,145.79756,-31.537547,1,normalised_exact,2023,,2918,2931,5849,0,0,0,2918,2931,5849,474,0,474,12.34,0.0
COBAR,CAZ,Cobar,New South Wales,145.79756,-31.537547,1,normalised_exact,2024,,3382,3527,6909,0,0,0,3382,3527,6909,523,0,523,13.21,0.0
COBAR,CAZ,Cobar,New South Wales,145.79756,-31.537547,1,normalised_exact,2025,,4279,4287,8566,0,0,0,4279,4287,8566,619,0,619,13.84,0.0
COCOS ISLAND,CCK,Cocos (Keeling) Island,Western Australia,96.829199,-12.187989,1,normalised_exact,1993,,1466,1420,2886,0,0,0,1466,1420,2886,67,0,67,43.07,0.0
COCOS ISLAND,CCK,Cocos (Keeling) Island,Western Australia,96.829199,-12.187989,1,normalised_exact,1994,,4441,4224,8665,0,0,0,4441,4224,8665,208,0,208,41.66,0.0
COCOS ISLAND,CCK,Cocos (Keeling) Island,Western Australia,96.829199,-12.187989,1,normalised_exact,1995,,5347,5016,10363,0,0,0,5347,5016,10363,208,0,208,49.82,0.0
COCOS ISLAND,CCK,Cocos (Keeling) Island,Western Australia,96.829199,-12.187989,1,normalised_exact,1996,,4968,4931,9899,0,0,0,4968,4931,9899,210,0,210,47.14,0.0
COCOS ISLAND,CCK,Cocos (Keeling) Island,Western Australia,96.829199,-12.187989,1,normalised_exact,1997,,4698,4254,8952,0,0,0,4698,4254,8952,209,0,209,42.83,0.0
COCOS ISLAND,CCK,Cocos (Keeling) Island,Western Australia,96.829199,-12.187989,1,normalised_exact,1998,,1649,1617,3266,0,0,0,1649,1617,3266,184,0,184,17.75,0.0
COCOS ISLAND,CCK,Cocos (Keeling) Island,Western Australia,96.829199,-12.187989,1,normalised_exact,1999,,1646,1652,3298,0,0,0,1646,1652,3298,157,0,157,21.01,0.0
COCOS ISLAND,CCK,Cocos (Keeling) Island,Western Australia,96.829199,-12.187989,1,normalised_exact,2000,,1953,1926,3879,0,0,0,1953,1926,3879,169,0,169,22.95,0.0
COCOS ISLAND,CCK,Cocos (Keeling) Island,Western Australia,96.829199,-12.187989,1,normalised_exact,2001,,2289,2322,4611,0,0,0,2289,2322,4611,206,0,206,22.38,0.0
COCOS ISLAND,CCK,Cocos (Keeling) Island,Western Australia,96.829199,-12.187989,1,normalised_exact,2002,,2163,2201,4364,0,0,0,2163,2201,4364,216,0,216,20.2,0.0
COCOS ISLAND,CCK,Cocos (Keeling) Island,Western Australia,96.829199,-12.187989,1,normalised_exact,2003,,2251,2241,4492,0,0,0,2251,2241,4492,216,0,216,20.8,0.0
COCOS ISLAND,CCK,Cocos (Keeling) Island,Western Australia,96.829199,-12.187989,1,normalised_exact,2004,,2753,2846,5599,0,0,0,2753,2846,5599,226,0,226,24.77,0.0
COCOS ISLAND,CCK,Cocos (Keeling) Island,Western Australia,96.829199,-12.187989,1,normalised_exact,2005,,2827,2815,5642,0,0,0,2827,2815,5642,224,0,224,25.19,0.0
COCOS ISLAND,CCK,Cocos (Keeling) Island,Western Australia,96.829199,-12.187989,1,normalised_exact,2006,,3158,2985,6143,0,0,0,3158,2985,6143,220,0,220,27.92,0.0
COCOS ISLAND,CCK,Cocos (Keeling) Island,Western Australia,96.829199,-12.187989,1,normalised_exact,2007,,3391,3309,6700,0,0,0,3391,3309,6700,304,0,304,22.04,0.0
COCOS ISLAND,CCK,Cocos (Keeling) Island,Western Australia,96.829199,-12.187989,1,normalised_exact,2008,,2882,2964,5846,0,0,0,2882,2964,5846,266,0,266,21.98,0.0
COCOS ISLAND,CCK,Cocos (Keeling) Island,Western Australia,96.829199,-12.187989,1,normalised_exact,2009,,3196,3045,6241,0,0,0,3196,3045,6241,286,0,286,21.82,0.0
COCOS ISLAND,CCK,Cocos (Keeling) Island,Western Australia,96.829199,-12.187989,1,normalised_exact,2010,,6363,6838,13201,0,0,0,6363,6838,13201,267,0,267,49.44,0.0
COCOS ISLAND,CCK,Cocos (Keeling) Island,Western Australia,96.829199,-12.187989,1,normalised_exact,2011,,6256,6235,12491,0,0,0,6256,6235,12491,320,0,320,39.03,0.0
COCOS ISLAND,CCK,Cocos (Keeling) Island,Western Australia,96.829199,-12.187989,1,normalised_exact,2012,,4405,4517,8922,0,0,0,4405,4517,8922,300,0,300,29.74,0.0
COCOS ISLAND,CCK,Cocos (Keeling) Island,Western Australia,96.829199,-12.187989,1,normalised_exact,2013,,4105,4040,8145,0,0,0,4105,4040,8145,300,0,300,27.15,0.0
COCOS ISLAND,CCK,Cocos (Keeling) Island,Western Australia,96.829199,-12.187989,1,normalised_exact,2014,,3960,4036,7996,0,0,0,3960,4036,7996,293,0,293,27.29,0.0
COCOS ISLAND,CCK,Cocos (Keeling) Island,Western Australia,96.829199,-12.187989,1,normalised_exact,2015,,7819,7846,15665,0,0,0,7819,7846,15665,208,0,208,75.31,0.0
COCOS ISLAND,CCK,Cocos (Keeling) Island,Western Australia,96.829199,-12.187989,1,normalised_exact,2016,,8366,8386,16752,0,0,0,8366,8386,16752,223,0,223,75.12,0.0
COCOS ISLAND,CCK,Cocos (Keeling) Island,Western Australia,96.829199,-12.187989,1,normalised_exact,2017,,7404,7490,14894,0,0,0,7404,7490,14894,201,0,201,74.1,0.0
COCOS ISLAND,CCK,Cocos (Keeling) Island,Western Australia,96.829199,-12.187989,1,normalised_exact,2018,,7571,7468,15039,0,0,0,7571,7468,15039,207,0,207,72.65,0.0
COCOS ISLAND,CCK,Cocos (Keeling) Island,Western Australia,96.829199,-12.187989,1,normalised_exact,2019,,7408,7265,14673,0,0,0,7408,7265,14673,209,0,209,70.21,0.0
COCOS ISLAND,CCK,Cocos (Keeling) Island,Western Australia,96.829199,-12.187989,1,normalised_exact,2020,,5543,5592,11135,0,0,0,5543,5592,11135,216,0,216,51.55,0.0
COCOS ISLAND,CCK,Cocos (Keeling) Island,Western Australia,96.829199,-12.187989,1,normalised_exact,2021,,8732,9140,17872,0,0,0,8732,9140,17872,213,0,213,83.91,0.0
COCOS ISLAND,CCK,Cocos (Keeling) Island,Western Australia,96.829199,-12.187989,1,normalised_exact,2022,,6100,9097,15197,0,0,0,6100,9097,15197,173,0,173,87.84,0.0
COCOS ISLAND,CCK,Cocos (Keeling) Island,Western Australia,96.829199,-12.187989,1,normalised_exact,2023,,7361,9652,17013,0,0,0,7361,9652,17013,184,0,184,92.46,0.0
COCOS ISLAND,CCK,Cocos (Keeling) Island,Western Australia,96.829199,-12.187989,1,normalised_exact,2024,,5806,9408,15214,0,0,0,5806,9408,15214,175,0,175,86.94,0.0
COCOS ISLAND,CCK,Cocos (Keeling) Island,Western Australia,96.829199,-12.187989,1,normalised_exact,2025,,6603,8128,14731,0,0,0,6603,8128,14731,158,0,158,93.23,0.0
COFFS HARBOUR,CFS,Coffs Harbour,New South Wales,153.115683,-30.322966,1,normalised_exact,1985,24,47733,47802,95535,0,0,0,47733,47802,95535,8868,0,8868,10.77,0.0
COFFS HARBOUR,CFS,Coffs Harbour,New South Wales,153.115683,-30.322966,1,normalised_exact,1986,27,45486,44798,90284,0,0,0,45486,44798,90284,9071,0,9071,9.95,0.0
COFFS HARBOUR,CFS,Coffs Harbour,New South Wales,153.115683,-30.322966,1,normalised_exact,1987,26,47147,47154,94301,0,0,0,47147,47154,94301,10859,0,10859,8.68,0.0
COFFS HARBOUR,CFS,Coffs Harbour,New South Wales,153.115683,-30.322966,1,normalised_exact,1988,25,53885,52933,106818,0,0,0,53885,52933,106818,9049,0,9049,11.8,0.0
COFFS HARBOUR,CFS,Coffs Harbour,New South Wales,153.115683,-30.322966,1,normalised_exact,1989,22,44719,44396,89115,0,0,0,44719,44396,89115,8316,0,8316,10.72,0.0
COFFS HARBOUR,CFS,Coffs Harbour,New South Wales,153.115683,-30.322966,1,normalised_exact,1990,20,56812,55258,112070,0,0,0,56812,55258,112070,8115,0,8115,13.81,0.0
COFFS HARBOUR,CFS,Coffs Harbour,New South Wales,153.115683,-30.322966,1,normalised_exact,1991,21,61916,61729,123645,0,0,0,61916,61729,123645,9172,0,9172,13.48,0.0
COFFS HARBOUR,CFS,Coffs Harbour,New South Wales,153.115683,-30.322966,1,normalised_exact,1992,21,61229,61218,122447,0,0,0,61229,61218,122447,9845,0,9845,12.44,0.0
COFFS HARBOUR,CFS,Coffs Harbour,New South Wales,153.115683,-30.322966,1,normalised_exact,1993,20,75787,76195,151982,0,0,0,75787,76195,151982,15694,0,15694,9.68,0.0
COFFS HARBOUR,CFS,Coffs Harbour,New South Wales,153.115683,-30.322966,1,normalised_exact,1994,21,81085,81609,162694,0,0,0,81085,81609,162694,11377,0,11377,14.3,0.0
COFFS HARBOUR,CFS,Coffs Harbour,New South Wales,153.115683,-30.322966,1,normalised_exact,1995,22,83143,83184,166327,0,0,0,83143,83184,166327,10601,0,10601,15.69,0.0
COFFS HARBOUR,CFS,Coffs Harbour,New South Wales,153.115683,-30.322966,1,normalised_exact,1996,22,85124,84503,169627,0,0,0,85124,84503,169627,10561,0,10561,16.06,0.0
COFFS HARBOUR,CFS,Coffs Harbour,New South Wales,153.115683,-30.322966,1,normalised_exact,1997,22,87172,87294,174466,0,0,0,87172,87294,174466,10967,0,10967,15.91,0.0
COFFS HARBOUR,CFS,Coffs Harbour,New South Wales,153.115683,-30.322966,1,normalised_exact,1998,22,89152,89585,178737,0,0,0,89152,89585,178737,9069,0,9069,19.71,0.0
COFFS HARBOUR,CFS,Coffs Harbour,New South Wales,153.115683,-30.322966,1,normalised_exact,1999,21,86378,87570,173948,0,0,0,86378,87570,173948,9930,0,9930,17.52,0.0
COFFS HARBOUR,CFS,Coffs Harbour,New South Wales,153.115683,-30.322966,1,normalised_exact,2000,23,87905,88362,176267,0,0,0,87905,88362,176267,12798,0,12798,13.77,0.0
COFFS HARBOUR,CFS,Coffs Harbour,New South Wales,153.115683,-30.322966,1,normalised_exact,2001,23,77016,76688,153704,0,0,0,77016,76688,153704,10865,0,10865,14.15,0.0
COFFS HARBOUR,CFS,Coffs Harbour,New South Wales,153.115683,-30.322966,1,normalised_exact,2002,21,82763,83123,165886,0,0,0,82763,83123,165886,9500,0,9500,17.46,0.0
COFFS HARBOUR,CFS,Coffs Harbour,New South Wales,153.115683,-30.322966,1,normalised_exact,2003,19,114932,114927,229859,0,0,0,114932,114927,229859,6651,0,6651,34.56,0.0
COFFS HARBOUR,CFS,Coffs Harbour,New South Wales,153.115683,-30.322966,1,normalised_exact,2004,21,126759,125574,252333,0,0,0,126759,125574,252333,6077,0,6077,41.52,0.0
COFFS HARBOUR,CFS,Coffs Harbour,New South Wales,153.115683,-30.322966,1,normalised_exact,2005,20,153241,151017,304258,0,0,0,153241,151017,304258,7730,0,7730,39.36,0.0
COFFS HARBOUR,CFS,Coffs Harbour,New South Wales,153.115683,-30.322966,1,normalised_exact,2006,21,162649,161220,323869,0,0,0,162649,161220,323869,7950,0,7950,40.74,0.0
COFFS HARBOUR,CFS,Coffs Harbour,New South Wales,153.115683,-30.322966,1,normalised_exact,2007,22,164496,165746,330242,0,0,0,164496,165746,330242,7761,0,7761,42.55,0.0
COFFS HARBOUR,CFS,Coffs Harbour,New South Wales,153.115683,-30.322966,1,normalised_exact,2008,22,166952,164281,331233,0,0,0,166952,164281,331233,7150,0,7150,46.33,0.0
COFFS HARBOUR,CFS,Coffs Harbour,New South Wales,153.115683,-30.322966,1,normalised_exact,2009,21,160041,159770,319811,0,0,0,160041,159770,319811,7044,0,7044,45.4,0.0
COFFS HARBOUR,CFS,Coffs Harbour,New South Wales,153.115683,-30.322966,1,normalised_exact,2010,22,169283,167910,337193,0,0,0,169283,167910,337193,7459,0,7459,45.21,0.0
COFFS HARBOUR,CFS,Coffs Harbour,New South Wales,153.115683,-30.322966,1,normalised_exact,2011,22,167363,168457,335820,0,0,0,167363,168457,335820,6170,0,6170,54.43,0.0
COFFS HARBOUR,CFS,Coffs Harbour,New South Wales,153.115683,-30.322966,1,normalised_exact,2012,25,170187,170940,341127,0,0,0,170187,170940,341127,5776,0,5776,59.06,0.0
COFFS HARBOUR,CFS,Coffs Harbour,New South Wales,153.115683,-30.322966,1,normalised_exact,2013,24,193311,194073,387384,0,0,0,193311,194073,387384,6205,0,6205,62.43,0.0
COFFS HARBOUR,CFS,Coffs Harbour,New South Wales,153.115683,-30.322966,1,normalised_exact,2014,25,180148,180436,360584,0,0,0,180148,180436,360584,5534,0,5534,65.16,0.0
COFFS HARBOUR,CFS,Coffs Harbour,New South Wales,153.115683,-30.322966,1,normalised_exact,2015,24,177868,177583,355451,0,0,0,177868,177583,355451,5575,0,5575,63.76,0.0
COFFS HARBOUR,CFS,Coffs Harbour,New South Wales,153.115683,-30.322966,1,normalised_exact,2016,21,197798,198170,395968,0,0,0,197798,198170,395968,5888,0,5888,67.25,0.0
COFFS HARBOUR,CFS,Coffs Harbour,New South Wales,153.115683,-30.322966,1,normalised_exact,2017,22,207865,207903,415768,0,0,0,207865,207903,415768,6211,0,6211,66.94,0.0
COFFS HARBOUR,CFS,Coffs Harbour,New South Wales,153.115683,-30.322966,1,normalised_exact,2018,24,201814,201653,403467,0,0,0,201814,201653,403467,5683,0,5683,71.0,0.0
COFFS HARBOUR,CFS,Coffs Harbour,New South Wales,153.115683,-30.322966,1,normalised_exact,2019,25,197430,198041,395471,0,0,0,197430,198041,395471,5812,0,5812,68.04,0.0
COFFS HARBOUR,CFS,Coffs Harbour,New South Wales,153.115683,-30.322966,1,normalised_exact,2020,27,61580,61973,123553,0,0,0,61580,61973,123553,2762,0,2762,44.73,0.0
COFFS HARBOUR,CFS,Coffs Harbour,New South Wales,153.115683,-30.322966,1,normalised_exact,2021,30,68551,69125,137676,0,0,0,68551,69125,137676,4241,0,4241,32.46,0.0
COFFS HARBOUR,CFS,Coffs Harbour,New South Wales,153.115683,-30.322966,1,normalised_exact,2022,26,136500,137905,274405,0,0,0,136500,137905,274405,6973,0,6973,39.35,0.0
COFFS HARBOUR,CFS,Coffs Harbour,New South Wales,153.115683,-30.322966,1,normalised_exact,2023,26,139870,139150,279020,0,0,0,139870,139150,279020,7165,0,7165,38.94,0.0
COFFS HARBOUR,CFS,Coffs Harbour,New South Wales,153.115683,-30.322966,1,normalised_exact,2024,29,124735,123803,248538,0,0,0,124735,123803,248538,6293,0,6293,39.49,0.0
COFFS HARBOUR,CFS,Coffs Harbour,New South Wales,153.115683,-30.322966,1,normalised_exact,2025,27,131145,130800,261945,0,0,0,131145,130800,261945,5953,0,5953,44.0,0.0
COOKTOWN,,,,,,,unmatched,1985,,2204,2242,4446,0,0,0,2204,2242,4446,517,0,517,8.6,0.0
COOKTOWN,,,,,,,unmatched,1986,,2672,2833,5505,0,0,0,2672,2833,5505,659,0,659,8.35,0.0
COOKTOWN,,,,,,,unmatched,1987,,3012,2937,5949,0,0,0,3012,2937,5949,836,0,836,7.12,0.0
COOKTOWN,,,,,,,unmatched,1988,,787,751,1538,0,0,0,787,751,1538,811,0,811,1.9,0.0
COOKTOWN,,,,,,,unmatched,1989,,22,9,31,0,0,0,22,9,31,674,0,674,0.05,0.0
COOKTOWN,,,,,,,unmatched,1990,,1886,1883,3769,0,0,0,1886,1883,3769,507,0,507,7.43,0.0
COOKTOWN,,,,,,,unmatched,1991,,4137,4351,8488,0,0,0,4137,4351,8488,1078,0,1078,7.87,0.0
COOKTOWN,,,,,,,unmatched,1992,,5414,5704,11118,0,0,0,5414,5704,11118,1305,0,1305,8.52,0.0
COOKTOWN,,,,,,,unmatched,1993,,5797,6153,11950,0,0,0,5797,6153,11950,1312,0,1312,9.11,0.0
COOKTOWN,,,,,,,unmatched,1994,,4812,4944,9756,0,0,0,4812,4944,9756,1158,0,1158,8.42,0.0
COOKTOWN,,,,,,,unmatched,1995,,6988,7291,14279,0,0,0,6988,7291,14279,2315,0,2315,6.17,0.0
COOKTOWN,,,,,,,unmatched,1996,,7597,7797,15394,0,0,0,7597,7797,15394,1754,0,1754,8.78,0.0
COOKTOWN,,,,,,,unmatched,1997,,7298,7513,14811,0,0,0,7298,7513,14811,1252,0,1252,11.83,0.0
COOKTOWN,,,,,,,unmatched,1998,,7335,7667,15002,0,0,0,7335,7667,15002,1252,0,1252,11.98,0.0
COOKTOWN,,,,,,,unmatched,1999,,7595,7793,15388,0,0,0,7595,7793,15388,1252,0,1252,12.29,0.0
COOKTOWN,,,,,,,unmatched,2000,,7735,7827,15562,0,0,0,7735,7827,15562,1252,0,1252,12.43,0.0
COOKTOWN,,,,,,,unmatched,2001,,6293,6384,12677,0,0,0,6293,6384,12677,1590,0,1590,7.97,0.0
COOKTOWN,,,,,,,unmatched,2002,,5656,5500,11156,0,0,0,5656,5500,11156,2010,0,2010,5.55,0.0
COOKTOWN,,,,,,,unmatched,2003,,6303,6149,12452,0,0,0,6303,6149,12452,2184,0,2184,5.7,0.0
COOKTOWN,,,,,,,unmatched,2004,,7158,6995,14153,0,0,0,7158,6995,14153,2374,0,2374,5.96,0.0
COOKTOWN,,,,,,,unmatched,2005,,7866,7977,15843,0,0,0,7866,7977,15843,2605,0,2605,6.08,0.0
COOKTOWN,,,,,,,unmatched,2006,,7831,8163,15994,0,0,0,7831,8163,15994,2764,0,2764,5.79,0.0
COOKTOWN,,,,,,,unmatched,2007,,7756,8348,16104,0,0,0,7756,8348,16104,1832,0,1832,8.79,0.0
COOKTOWN,,,,,,,unmatched,2008,,8091,8309,16400,0,0,0,8091,8309,16400,1316,0,1316,12.46,0.0
COOKTOWN,,,,,,,unmatched,2009,,5005,5242,10247,0,0,0,5005,5242,10247,1474,0,1474,6.95,0.0
COOKTOWN,,,,,,,unmatched,2010,,5168,5367,10535,0,0,0,5168,5367,10535,1644,0,1644,6.41,0.0
COOKTOWN,,,,,,,unmatched,2011,,4519,4805,9324,0,0,0,4519,4805,9324,1266,0,1266,7.36,0.0
COOKTOWN,,,,,,,unmatched,2012,,4164,4515,8679,0,0,0,4164,4515,8679,1260,0,1260,6.89,0.0
COOKTOWN,,,,,,,unmatched,2013,,4431,4646,9077,0,0,0,4431,4646,9077,1311,0,1311,6.92,0.0
COOKTOWN,,,,,,,unmatched,2014,,4985,5235,10220,0,0,0,4985,5235,10220,1315,0,1315,7.77,0.0
COOKTOWN,,,,,,,unmatched,2015,,4958,5110,10068,0,0,0,4958,5110,10068,1318,0,1318,7.64,0.0
COOKTOWN,,,,,,,unmatched,2016,,5016,5302,10318,0,0,0,5016,5302,10318,1378,0,1378,7.49,0.0
COOKTOWN,,,,,,,unmatched,2017,,6037,6212,12249,0,0,0,6037,6212,12249,1847,0,1847,6.63,0.0
COOKTOWN,,,,,,,unmatched,2018,,6473,6727,13200,0,0,0,6473,6727,13200,1852,0,1852,7.13,0.0
COOKTOWN,,,,,,,unmatched,2019,,7023,7240,14263,0,0,0,7023,7240,14263,1857,0,1857,7.68,0.0
COOKTOWN,,,,,,,unmatched,2020,,3890,4134,8024,0,0,0,3890,4134,8024,1478,0,1478,5.43,0.0
COOKTOWN,,,,,,,unmatched,2021,,6529,6782,13311,0,0,0,6529,6782,13311,1706,0,1706,7.8,0.0
COOKTOWN,,,,,,,unmatched,2022,,7451,7874,15325,0,0,0,7451,7874,15325,1890,0,1890,8.11,0.0
COOKTOWN,,,,,,,unmatched,2023,,8470,8929,17399,0,0,0,8470,8929,17399,2088,0,2088,8.33,0.0
COOKTOWN,,,,,,,unmatched,2024,,9869,10399,20268,0,0,0,9869,10399,20268,2206,0,2206,9.19,0.0
COOKTOWN,,,,,,,unmatched,2025,,9863,10301,20164,0,0,0,9863,10301,20164,2408,0,2408,8.37,0.0
DARWIN,DRW,Darwin International,Northern Territory,130.877402,-12.408088,1,normalised_exact,1985,14,173760,177449,351209,23185,23654,46839,196945,201103,398048,10308,676,10984,36.24,0.11767
DARWIN,DRW,Darwin International,Northern Territory,130.877402,-12.408088,1,normalised_exact,1986,14,179138,184693,363831,24686,24025,48711,203824,208718,412542,10489,971,11460,36.0,0.11808
DARWIN,DRW,Darwin International,Northern Territory,130.877402,-12.408088,1,normalised_exact,1987,13,190871,196110,386981,31434,30552,61986,222305,226662,448967,10963,1225,12188,36.84,0.13806
DARWIN,DRW,Darwin International,Northern Territory,130.877402,-12.408088,1,normalised_exact,1988,13,203020,208400,411420,40185,39140,79325,243205,247540,490745,10843,1439,12282,39.96,0.16164
DARWIN,DRW,Darwin International,Northern Territory,130.877402,-12.408088,1,normalised_exact,1989,12,156869,156184,313053,45946,46823,92769,202815,203007,405822,5290,1341,6631,61.2,0.2286
DARWIN,DRW,Darwin International,Northern Territory,130.877402,-12.408088,1,normalised_exact,1990,12,192915,197902,390817,47225,47064,94289,240140,244966,485106,5266,1367,6633,73.14,0.19437
DARWIN,DRW,Darwin International,Northern Territory,130.877402,-12.408088,1,normalised_exact,1991,11,212636,220124,432760,44388,44837,89225,257024,264961,521985,7591,1660,9251,56.42,0.17093
DARWIN,DRW,Darwin International,Northern Territory,130.877402,-12.408088,1,normalised_exact,1992,11,244266,249160,493426,45618,45190,90808,289884,294350,584234,13268,1907,15175,38.5,0.15543
DARWIN,DRW,Darwin International,Northern Territory,130.877402,-12.408088,1,normalised_exact,1993,11,273536,278533,552069,52032,51030,103062,325568,329563,655131,14358,2259,16617,39.43,0.15732
DARWIN,DRW,Darwin International,Northern Territory,130.877402,-12.408088,1,normalised_exact,1994,10,319578,327354,646932,68306,63675,131981,387884,391029,778913,16178,3061,19239,40.49,0.16944
DARWIN,DRW,Darwin International,Northern Territory,130.877402,-12.408088,1,normalised_exact,1995,10,365584,377707,743291,73033,66604,139637,438617,444311,882928,18890,3268,22158,39.85,0.15815
DARWIN,DRW,Darwin International,Northern Territory,130.877402,-12.408088,1,normalised_exact,1996,9,405964,415620,821584,76720,71168,147888,482684,486788,969472,20882,3557,24439,39.67,0.15254
DARWIN,DRW,Darwin International,Northern Territory,130.877402,-12.408088,1,normalised_exact,1997,9,407156,415427,822583,89054,82265,171319,496210,497692,993902,19894,4009,23903,41.58,0.17237
DARWIN,DRW,Darwin International,Northern Territory,130.877402,-12.408088,1,normalised_exact,1998,9,423433,430288,853721,91275,86498,177773,514708,516786,1031494,20292,4075,24367,42.33,0.17235
DARWIN,DRW,Darwin International,Northern Territory,130.877402,-12.408088,1,normalised_exact,1999,9,438846,440117,878963,81713,74345,156058,520559,514462,1035021,20337,3763,24100,42.95,0.15078
DARWIN,DRW,Darwin International,Northern Territory,130.877402,-12.408088,1,normalised_exact,2000,9,450268,456316,906584,87913,81583,169496,538181,537899,1076080,18590,3891,22481,47.87,0.15751
DARWIN,DRW,Darwin International,Northern Territory,130.877402,-12.408088,1,normalised_exact,2001,9,419534,428212,847746,79069,72554,151623,498603,500766,999369,16359,2868,19227,51.98,0.15172
DARWIN,DRW,Darwin International,Northern Territory,130.877402,-12.408088,1,normalised_exact,2002,9,444793,449298,894091,51563,51648,103211,496356,500946,997302,16104,1376,17480,57.05,0.10349
DARWIN,DRW,Darwin International,Northern Territory,130.877402,-12.408088,1,normalised_exact,2003,10,458526,465633,924159,38276,39414,77690,496802,505047,1001849,15732,1274,17006,58.91,0.07755
DARWIN,DRW,Darwin International,Northern Territory,130.877402,-12.408088,1,normalised_exact,2004,10,526936,534906,1061842,49885,48489,98374,576821,583395,1160216,14231,1753,15984,72.59,0.08479
DARWIN,DRW,Darwin International,Northern Territory,130.877402,-12.408088,1,normalised_exact,2005,10,551842,558708,1110550,52436,51946,104382,604278,610654,1214932,14270,2035,16305,74.51,0.08592
DARWIN,DRW,Darwin International,Northern Territory,130.877402,-12.408088,1,normalised_exact,2006,10,586843,599476,1186319,61497,65331,126828,648340,664807,1313147,14799,2711,17510,74.99,0.09658
DARWIN,DRW,Darwin International,Northern Territory,130.877402,-12.408088,1,normalised_exact,2007,10,650440,661544,1311984,74859,76460,151319,725299,738004,1463303,15202,3168,18370,79.66,0.10341
DARWIN,DRW,Darwin International,Northern Territory,130.877402,-12.408088,1,normalised_exact,2008,10,703323,705993,1409316,95345,92492,187837,798668,798485,1597153,16271,4206,20477,78.0,0.11761
DARWIN,DRW,Darwin International,Northern Territory,130.877402,-12.408088,1,normalised_exact,2009,10,660295,667656,1327951,101943,93799,195742,762238,761455,1523693,19929,5327,25256,60.33,0.12847
DARWIN,DRW,Darwin International,Northern Territory,130.877402,-12.408088,1,normalised_exact,2010,10,707760,717166,1424926,112436,104569,217005,820196,821735,1641931,22116,5017,27133,60.51,0.13216
DARWIN,DRW,Darwin International,Northern Territory,130.877402,-12.408088,1,normalised_exact,2011,9,790772,794009,1584781,160648,166287,326935,951420,960296,1911716,22941,4480,27421,69.72,0.17102
DARWIN,DRW,Darwin International,Northern Territory,130.877402,-12.408088,1,normalised_exact,2012,9,816467,827415,1643882,161735,166979,328714,978202,994394,1972596,23248,3753,27001,73.06,0.16664
DARWIN,DRW,Darwin International,Northern Territory,130.877402,-12.408088,1,normalised_exact,2013,10,834000,856921,1690921,162654,170563,333217,996654,1027484,2024138,23367,3925,27292,74.17,0.16462
DARWIN,DRW,Darwin International,Northern Territory,130.877402,-12.408088,1,normalised_exact,2014,10,892747,905715,1798462,158654,160016,318670,1051401,1065731,2117132,24292,3451,27743,76.31,0.15052
DARWIN,DRW,Darwin International,Northern Territory,130.877402,-12.408088,1,normalised_exact,2015,10,895968,903291,1799259,132904,129883,262787,1028872,1033174,2062046,24850,2763,27613,74.68,0.12744
DARWIN,DRW,Darwin International,Northern Territory,130.877402,-12.408088,1,normalised_exact,2016,10,911699,916005,1827704,134483,137586,272069,1046182,1053591,2099773,25421,2980,28401,73.93,0.12957
DARWIN,DRW,Darwin International,Northern Territory,130.877402,-12.408088,1,normalised_exact,2017,10,913871,915680,1829551,137986,136871,274857,1051857,1052551,2104408,24814,2868,27682,76.02,0.13061
DARWIN,DRW,Darwin International,Northern Territory,130.877402,-12.408088,1,normalised_exact,2018,10,882792,892449,1775241,115031,113560,228591,997823,1006009,2003832,24020,1914,25934,77.27,0.11408
DARWIN,DRW,Darwin International,Northern Territory,130.877402,-12.408088,1,normalised_exact,2019,10,860297,867163,1727460,128599,127431,256030,988896,994594,1983490,23239,2109,25348,78.25,0.12908
DARWIN,DRW,Darwin International,Northern Territory,130.877402,-12.408088,1,normalised_exact,2020,11,327948,327034,654982,28124,19300,47424,356072,346334,702406,14342,712,15054,46.66,0.06752
DARWIN,DRW,Darwin International,Northern Territory,130.877402,-12.408088,1,normalised_exact,2021,9,522225,550119,1072344,1890,860,2750,524115,550979,1075094,20211,1320,21531,49.93,0.00256
DARWIN,DRW,Darwin International,Northern Territory,130.877402,-12.408088,1,normalised_exact,2022,10,765537,779823,1545360,63791,63978,127769,829328,843801,1673129,20821,3151,23972,69.8,0.07637
DARWIN,DRW,Darwin International,Northern Territory,130.877402,-12.408088,1,normalised_exact,2023,11,798815,802689,1601504,84995,82729,167724,883810,885418,1769228,23394,1678,25072,70.57,0.0948
DARWIN,DRW,Darwin International,Northern Territory,130.877402,-12.408088,1,normalised_exact,2024,10,800361,806208,1606569,105933,105307,211240,906294,911515,1817809,23477,1885,25362,71.67,0.11621
DARWIN,DRW,Darwin International,Northern Territory,130.877402,-12.408088,1,normalised_exact,2025,10,829136,830706,1659842,138876,142641,281517,968012,973347,1941359,24004,2684,26688,72.74,0.14501
DEVONPORT,DPO,Devonport,Tasmania,146.427648,-41.171854,1,normalised_exact,1985,16,133570,132362,265932,0,0,0,133570,132362,265932,10457,0,10457,25.43,0.0
DEVONPORT,DPO,Devonport,Tasmania,146.427648,-41.171854,1,normalised_exact,1986,15,144338,144768,289106,0,0,0,144338,144768,289106,12511,0,12511,23.11,0.0
DEVONPORT,DPO,Devonport,Tasmania,146.427648,-41.171854,1,normalised_exact,1987,15,146443,147291,293734,0,0,0,146443,147291,293734,11117,0,11117,26.42,0.0
DEVONPORT,DPO,Devonport,Tasmania,146.427648,-41.171854,1,normalised_exact,1988,15,111550,111306,222856,0,0,0,111550,111306,222856,7890,0,7890,28.25,0.0
DEVONPORT,DPO,Devonport,Tasmania,146.427648,-41.171854,1,normalised_exact,1989,15,76221,77650,153871,0,0,0,76221,77650,153871,6108,0,6108,25.19,0.0
DEVONPORT,DPO,Devonport,Tasmania,146.427648,-41.171854,1,normalised_exact,1990,15,93075,91386,184461,0,0,0,93075,91386,184461,6968,0,6968,26.47,0.0
DEVONPORT,DPO,Devonport,Tasmania,146.427648,-41.171854,1,normalised_exact,1991,17,88021,90215,178236,0,0,0,88021,90215,178236,7187,0,7187,24.8,0.0
DEVONPORT,DPO,Devonport,Tasmania,146.427648,-41.171854,1,normalised_exact,1992,25,54154,54728,108882,0,0,0,54154,54728,108882,7158,0,7158,15.21,0.0
DEVONPORT,DPO,Devonport,Tasmania,146.427648,-41.171854,1,normalised_exact,1993,25,58330,59451,117781,0,0,0,58330,59451,117781,7109,0,7109,16.57,0.0
DEVONPORT,DPO,Devonport,Tasmania,146.427648,-41.171854,1,normalised_exact,1994,26,59114,61154,120268,0,0,0,59114,61154,120268,7153,0,7153,16.81,0.0
DEVONPORT,DPO,Devonport,Tasmania,146.427648,-41.171854,1,normalised_exact,1995,25,64684,65289,129973,0,0,0,64684,65289,129973,7010,0,7010,18.54,0.0
DEVONPORT,DPO,Devonport,Tasmania,146.427648,-41.171854,1,normalised_exact,1996,26,62321,62295,124616,0,0,0,62321,62295,124616,6947,0,6947,17.94,0.0
DEVONPORT,DPO,Devonport,Tasmania,146.427648,-41.171854,1,normalised_exact,1997,26,64904,65272,130176,0,0,0,64904,65272,130176,6484,0,6484,20.08,0.0
DEVONPORT,DPO,Devonport,Tasmania,146.427648,-41.171854,1,normalised_exact,1998,26,66458,67029,133487,0,0,0,66458,67029,133487,7791,0,7791,17.13,0.0
DEVONPORT,DPO,Devonport,Tasmania,146.427648,-41.171854,1,normalised_exact,1999,27,67822,68733,136555,0,0,0,67822,68733,136555,8036,0,8036,16.99,0.0
DEVONPORT,DPO,Devonport,Tasmania,146.427648,-41.171854,1,normalised_exact,2000,26,68595,67689,136284,0,0,0,68595,67689,136284,7336,0,7336,18.58,0.0
DEVONPORT,DPO,Devonport,Tasmania,146.427648,-41.171854,1,normalised_exact,2001,27,58182,57684,115866,0,0,0,58182,57684,115866,6061,0,6061,19.12,0.0
DEVONPORT,DPO,Devonport,Tasmania,146.427648,-41.171854,1,normalised_exact,2002,27,53756,52404,106160,0,0,0,53756,52404,106160,5403,0,5403,19.65,0.0
DEVONPORT,DPO,Devonport,Tasmania,146.427648,-41.171854,1,normalised_exact,2003,29,54939,54749,109688,0,0,0,54939,54749,109688,4725,0,4725,23.21,0.0
DEVONPORT,DPO,Devonport,Tasmania,146.427648,-41.171854,1,normalised_exact,2004,32,59915,61026,120941,0,0,0,59915,61026,120941,5792,0,5792,20.88,0.0
DEVONPORT,DPO,Devonport,Tasmania,146.427648,-41.171854,1,normalised_exact,2005,36,51713,51689,103402,0,0,0,51713,51689,103402,5034,0,5034,20.54,0.0
DEVONPORT,DPO,Devonport,Tasmania,146.427648,-41.171854,1,normalised_exact,2006,44,45121,45170,90291,0,0,0,45121,45170,90291,4150,0,4150,21.76,0.0
DEVONPORT,DPO,Devonport,Tasmania,146.427648,-41.171854,1,normalised_exact,2007,46,43863,44550,88413,0,0,0,43863,44550,88413,4982,0,4982,17.75,0.0
DEVONPORT,DPO,Devonport,Tasmania,146.427648,-41.171854,1,normalised_exact,2008,42,55644,54447,110091,0,0,0,55644,54447,110091,5243,0,5243,21.0,0.0
DEVONPORT,DPO,Devonport,Tasmania,146.427648,-41.171854,1,normalised_exact,2009,40,59358,58353,117711,0,0,0,59358,58353,117711,4097,0,4097,28.73,0.0
DEVONPORT,DPO,Devonport,Tasmania,146.427648,-41.171854,1,normalised_exact,2010,40,68957,68319,137276,0,0,0,68957,68319,137276,4395,0,4395,31.23,0.0
DEVONPORT,DPO,Devonport,Tasmania,146.427648,-41.171854,1,normalised_exact,2011,40,68645,67961,136606,0,0,0,68645,67961,136606,4421,0,4421,30.9,0.0
DEVONPORT,DPO,Devonport,Tasmania,146.427648,-41.171854,1,normalised_exact,2012,41,67808,67559,135367,0,0,0,67808,67559,135367,2938,0,2938,46.07,0.0
DEVONPORT,DPO,Devonport,Tasmania,146.427648,-41.171854,1,normalised_exact,2013,44,63996,63780,127776,0,0,0,63996,63780,127776,2791,0,2791,45.78,0.0
DEVONPORT,DPO,Devonport,Tasmania,146.427648,-41.171854,1,normalised_exact,2014,43,67776,67567,135343,0,0,0,67776,67567,135343,2804,0,2804,48.27,0.0
DEVONPORT,DPO,Devonport,Tasmania,146.427648,-41.171854,1,normalised_exact,2015,41,71903,71519,143422,0,0,0,71903,71519,143422,2749,0,2749,52.17,0.0
DEVONPORT,DPO,Devonport,Tasmania,146.427648,-41.171854,1,normalised_exact,2016,41,73754,73459,147213,0,0,0,73754,73459,147213,2715,0,2715,54.22,0.0
DEVONPORT,DPO,Devonport,Tasmania,146.427648,-41.171854,1,normalised_exact,2017,41,73928,73344,147272,0,0,0,73928,73344,147272,2692,0,2692,54.71,0.0
DEVONPORT,DPO,Devonport,Tasmania,146.427648,-41.171854,1,normalised_exact,2018,41,73861,73398,147259,0,0,0,73861,73398,147259,2701,0,2701,54.52,0.0
DEVONPORT,DPO,Devonport,Tasmania,146.427648,-41.171854,1,normalised_exact,2019,41,74497,73835,148332,0,0,0,74497,73835,148332,2690,0,2690,55.14,0.0
DEVONPORT,DPO,Devonport,Tasmania,146.427648,-41.171854,1,normalised_exact,2020,,18883,18834,37717,0,0,0,18883,18834,37717,803,0,803,46.97,0.0
DEVONPORT,DPO,Devonport,Tasmania,146.427648,-41.171854,1,normalised_exact,2021,,19631,19616,39247,0,0,0,19631,19616,39247,1493,0,1493,26.29,0.0
DEVONPORT,DPO,Devonport,Tasmania,146.427648,-41.171854,1,normalised_exact,2022,43,49231,48441,97672,0,0,0,49231,48441,97672,3025,0,3025,32.29,0.0
DEVONPORT,DPO,Devonport,Tasmania,146.427648,-41.171854,1,normalised_exact,2023,41,60649,60610,121259,0,0,0,60649,60610,121259,3844,0,3844,31.55,0.0
DEVONPORT,DPO,Devonport,Tasmania,146.427648,-41.171854,1,normalised_exact,2024,41,62603,62085,124688,0,0,0,62603,62085,124688,3745,0,3745,33.29,0.0
DEVONPORT,DPO,Devonport,Tasmania,146.427648,-41.171854,1,normalised_exact,2025,40,74591,74059,148650,0,0,0,74591,74059,148650,3414,0,3414,43.54,0.0
DOOMADGEE,,,,,,,unmatched,1985,,742,813,1555,0,0,0,742,813,1555,360,0,360,4.32,0.0
DOOMADGEE,,,,,,,unmatched,1986,,937,805,1742,0,0,0,937,805,1742,396,0,396,4.4,0.0
DOOMADGEE,,,,,,,unmatched,1987,,796,772,1568,0,0,0,796,772,1568,308,0,308,5.09,0.0
DOOMADGEE,,,,,,,unmatched,1990,,224,171,395,0,0,0,224,171,395,189,0,189,2.09,0.0
DOOMADGEE,,,,,,,unmatched,1991,,1566,1673,3239,0,0,0,1566,1673,3239,1046,0,1046,3.1,0.0
DOOMADGEE,,,,,,,unmatched,1992,,1673,1805,3478,0,0,0,1673,1805,3478,1090,0,1090,3.19,0.0
DOOMADGEE,,,,,,,unmatched,1993,,1392,1410,2802,0,0,0,1392,1410,2802,1011,0,1011,2.77,0.0
DOOMADGEE,,,,,,,unmatched,1994,,1409,1322,2731,0,0,0,1409,1322,2731,1044,0,1044,2.62,0.0
DOOMADGEE,,,,,,,unmatched,1995,,1286,1245,2531,0,0,0,1286,1245,2531,1074,0,1074,2.36,0.0
DOOMADGEE,,,,,,,unmatched,1996,,1319,1339,2658,0,0,0,1319,1339,2658,1125,0,1125,2.36,0.0
DOOMADGEE,,,,,,,unmatched,1997,,1369,1351,2720,0,0,0,1369,1351,2720,1044,0,1044,2.61,0.0
DOOMADGEE,,,,,,,unmatched,1998,,1385,1358,2743,0,0,0,1385,1358,2743,1044,0,1044,2.63,0.0
DOOMADGEE,,,,,,,unmatched,1999,,1415,1393,2808,0,0,0,1415,1393,2808,1044,0,1044,2.69,0.0
DOOMADGEE,,,,,,,unmatched,2000,,1426,1416,2842,0,0,0,1426,1416,2842,1040,0,1040,2.73,0.0
DOOMADGEE,,,,,,,unmatched,2001,,1397,1407,2804,0,0,0,1397,1407,2804,1020,0,1020,2.75,0.0
DOOMADGEE,,,,,,,unmatched,2002,,1443,1381,2824,0,0,0,1443,1381,2824,928,0,928,3.04,0.0
DOOMADGEE,,,,,,,unmatched,2003,,1500,1548,3048,0,0,0,1500,1548,3048,940,0,940,3.24,0.0
DOOMADGEE,,,,,,,unmatched,2004,,1585,1528,3113,0,0,0,1585,1528,3113,960,0,960,3.24,0.0
DOOMADGEE,,,,,,,unmatched,2005,,1460,1303,2763,0,0,0,1460,1303,2763,938,0,938,2.95,0.0
DOOMADGEE,,,,,,,unmatched,2006,,1792,1689,3481,0,0,0,1792,1689,3481,1026,0,1026,3.39,0.0
DOOMADGEE,,,,,,,unmatched,2007,,1934,1864,3798,0,0,0,1934,1864,3798,993,0,993,3.82,0.0
DOOMADGEE,,,,,,,unmatched,2008,,2304,2339,4643,0,0,0,2304,2339,4643,918,0,918,5.06,0.0
DOOMADGEE,,,,,,,unmatched,2009,,505,505,1010,0,0,0,505,505,1010,62,0,62,16.29,0.0
DOOMADGEE,,,,,,,unmatched,2010,,1706,1763,3469,0,0,0,1706,1763,3469,508,0,508,6.83,0.0
DOOMADGEE,,,,,,,unmatched,2011,,3574,3777,7351,0,0,0,3574,3777,7351,1018,0,1018,7.22,0.0
DOOMADGEE,,,,,,,unmatched,2012,,3464,3549,7013,0,0,0,3464,3549,7013,1016,0,1016,6.9,0.0
DOOMADGEE,,,,,,,unmatched,2013,,3209,3309,6518,0,0,0,3209,3309,6518,834,0,834,7.82,0.0
DOOMADGEE,,,,,,,unmatched,2014,,3398,3431,6829,0,0,0,3398,3431,6829,820,0,820,8.33,0.0
DOOMADGEE,,,,,,,unmatched,2015,,2812,3091,5903,0,0,0,2812,3091,5903,894,0,894,6.6,0.0
DOOMADGEE,,,,,,,unmatched,2016,,2962,3168,6130,0,0,0,2962,3168,6130,984,0,984,6.23,0.0
DOOMADGEE,,,,,,,unmatched,2017,,3104,3303,6407,0,0,0,3104,3303,6407,926,0,926,6.92,0.0
DOOMADGEE,,,,,,,unmatched,2018,,3011,3098,6109,0,0,0,3011,3098,6109,820,0,820,7.45,0.0
DOOMADGEE,,,,,,,unmatched,2019,,3310,3625,6935,0,0,0,3310,3625,6935,990,0,990,7.01,0.0
DOOMADGEE,,,,,,,unmatched,2020,,2680,3088,5768,0,0,0,2680,3088,5768,1004,0,1004,5.75,0.0
DOOMADGEE,,,,,,,unmatched,2021,,3609,3938,7547,0,0,0,3609,3938,7547,1039,0,1039,7.26,0.0
DOOMADGEE,,,,,,,unmatched,2022,,3626,3965,7591,0,0,0,3626,3965,7591,1046,0,1046,7.26,0.0
DOOMADGEE,,,,,,,unmatched,2023,,3856,4192,8048,0,0,0,3856,4192,8048,1031,0,1031,7.81,0.0
DOOMADGEE,,,,,,,unmatched,2024,,4169,4452,8621,0,0,0,4169,4452,8621,1040,0,1040,8.29,0.0
DOOMADGEE,,,,,,,unmatched,2025,,4079,4265,8344,0,0,0,4079,4265,8344,1030,0,1030,8.1,0.0
DUBBO,DBO,Dubbo,New South Wales,148.569971,-32.218733,1,normalised_exact,1985,31,40168,40461,80629,0,0,0,40168,40461,80629,3180,0,3180,25.36,0.0
DUBBO,DBO,Dubbo,New South Wales,148.569971,-32.218733,1,normalised_exact,1986,35,39005,38901,77906,0,0,0,39005,38901,77906,2820,0,2820,27.63,0.0
DUBBO,DBO,Dubbo,New South Wales,148.569971,-32.218733,1,normalised_exact,1987,33,35592,35468,71060,0,0,0,35592,35468,71060,3060,0,3060,23.22,0.0
DUBBO,DBO,Dubbo,New South Wales,148.569971,-32.218733,1,normalised_exact,1988,34,37135,36657,73792,0,0,0,37135,36657,73792,6443,0,6443,11.45,0.0
DUBBO,DBO,Dubbo,New South Wales,148.569971,-32.218733,1,normalised_exact,1989,31,30658,30764,61422,0,0,0,30658,30764,61422,5453,0,5453,11.26,0.0
DUBBO,DBO,Dubbo,New South Wales,148.569971,-32.218733,1,normalised_exact,1990,31,35316,36866,72182,0,0,0,35316,36866,72182,8500,0,8500,8.49,0.0
DUBBO,DBO,Dubbo,New South Wales,148.569971,-32.218733,1,normalised_exact,1991,36,32363,32190,64553,0,0,0,32363,32190,64553,6519,0,6519,9.9,0.0
DUBBO,DBO,Dubbo,New South Wales,148.569971,-32.218733,1,normalised_exact,1992,31,41889,41907,83796,0,0,0,41889,41907,83796,6524,0,6524,12.84,0.0
DUBBO,DBO,Dubbo,New South Wales,148.569971,-32.218733,1,normalised_exact,1993,32,41203,41944,83147,0,0,0,41203,41944,83147,6441,0,6441,12.91,0.0
DUBBO,DBO,Dubbo,New South Wales,148.569971,-32.218733,1,normalised_exact,1994,29,50365,49912,100277,0,0,0,50365,49912,100277,7389,0,7389,13.57,0.0
DUBBO,DBO,Dubbo,New South Wales,148.569971,-32.218733,1,normalised_exact,1995,31,53705,54096,107801,0,0,0,53705,54096,107801,9245,0,9245,11.66,0.0
DUBBO,DBO,Dubbo,New South Wales,148.569971,-32.218733,1,normalised_exact,1996,28,56102,55979,112081,0,0,0,56102,55979,112081,9706,0,9706,11.55,0.0
DUBBO,DBO,Dubbo,New South Wales,148.569971,-32.218733,1,normalised_exact,1997,29,56325,57041,113366,0,0,0,56325,57041,113366,9953,0,9953,11.39,0.0
DUBBO,DBO,Dubbo,New South Wales,148.569971,-32.218733,1,normalised_exact,1998,30,61048,62071,123119,0,0,0,61048,62071,123119,10366,0,10366,11.88,0.0
DUBBO,DBO,Dubbo,New South Wales,148.569971,-32.218733,1,normalised_exact,1999,29,62377,62639,125016,0,0,0,62377,62639,125016,9704,0,9704,12.88,0.0
DUBBO,DBO,Dubbo,New South Wales,148.569971,-32.218733,1,normalised_exact,2000,29,62032,62571,124603,0,0,0,62032,62571,124603,9522,0,9522,13.09,0.0
DUBBO,DBO,Dubbo,New South Wales,148.569971,-32.218733,1,normalised_exact,2001,28,56235,56376,112611,0,0,0,56235,56376,112611,8900,0,8900,12.65,0.0
DUBBO,DBO,Dubbo,New South Wales,148.569971,-32.218733,1,normalised_exact,2002,28,52762,53390,106152,0,0,0,52762,53390,106152,8828,0,8828,12.02,0.0
DUBBO,DBO,Dubbo,New South Wales,148.569971,-32.218733,1,normalised_exact,2003,27,57878,58030,115908,0,0,0,57878,58030,115908,9728,0,9728,11.91,0.0
DUBBO,DBO,Dubbo,New South Wales,148.569971,-32.218733,1,normalised_exact,2004,27,71921,72317,144238,0,0,0,71921,72317,144238,10348,0,10348,13.94,0.0
DUBBO,DBO,Dubbo,New South Wales,148.569971,-32.218733,1,normalised_exact,2005,28,76449,76494,152943,0,0,0,76449,76494,152943,10823,0,10823,14.13,0.0
DUBBO,DBO,Dubbo,New South Wales,148.569971,-32.218733,1,normalised_exact,2006,30,81401,82046,163447,0,0,0,81401,82046,163447,10429,0,10429,15.67,0.0
DUBBO,DBO,Dubbo,New South Wales,148.569971,-32.218733,1,normalised_exact,2007,30,90231,90978,181209,0,0,0,90231,90978,181209,10192,0,10192,17.78,0.0
DUBBO,DBO,Dubbo,New South Wales,148.569971,-32.218733,1,normalised_exact,2008,32,92600,91853,184453,0,0,0,92600,91853,184453,8527,0,8527,21.63,0.0
DUBBO,DBO,Dubbo,New South Wales,148.569971,-32.218733,1,normalised_exact,2009,33,83825,84573,168398,0,0,0,83825,84573,168398,6489,0,6489,25.95,0.0
DUBBO,DBO,Dubbo,New South Wales,148.569971,-32.218733,1,normalised_exact,2010,35,88238,88966,177204,0,0,0,88238,88966,177204,6809,0,6809,26.02,0.0
DUBBO,DBO,Dubbo,New South Wales,148.569971,-32.218733,1,normalised_exact,2011,37,84666,84971,169637,0,0,0,84666,84971,169637,6876,0,6876,24.67,0.0
DUBBO,DBO,Dubbo,New South Wales,148.569971,-32.218733,1,normalised_exact,2012,37,85379,86008,171387,0,0,0,85379,86008,171387,6937,0,6937,24.71,0.0
DUBBO,DBO,Dubbo,New South Wales,148.569971,-32.218733,1,normalised_exact,2013,38,87908,88224,176132,0,0,0,87908,88224,176132,7248,0,7248,24.3,0.0
DUBBO,DBO,Dubbo,New South Wales,148.569971,-32.218733,1,normalised_exact,2014,37,95618,96031,191649,0,0,0,95618,96031,191649,7299,0,7299,26.26,0.0
DUBBO,DBO,Dubbo,New South Wales,148.569971,-32.218733,1,normalised_exact,2015,35,92935,93389,186324,0,0,0,92935,93389,186324,7029,0,7029,26.51,0.0
DUBBO,DBO,Dubbo,New South Wales,148.569971,-32.218733,1,normalised_exact,2016,34,98082,98507,196589,0,0,0,98082,98507,196589,7740,0,7740,25.4,0.0
DUBBO,DBO,Dubbo,New South Wales,148.569971,-32.218733,1,normalised_exact,2017,32,112230,112393,224623,0,0,0,112230,112393,224623,9287,0,9287,24.19,0.0
DUBBO,DBO,Dubbo,New South Wales,148.569971,-32.218733,1,normalised_exact,2018,33,103233,102989,206222,0,0,0,103233,102989,206222,7400,0,7400,27.87,0.0
DUBBO,DBO,Dubbo,New South Wales,148.569971,-32.218733,1,normalised_exact,2019,35,99190,99271,198461,0,0,0,99190,99271,198461,7900,0,7900,25.12,0.0
DUBBO,DBO,Dubbo,New South Wales,148.569971,-32.218733,1,normalised_exact,2020,33,33731,33351,67082,0,0,0,33731,33351,67082,4281,0,4281,15.67,0.0
DUBBO,DBO,Dubbo,New South Wales,148.569971,-32.218733,1,normalised_exact,2021,40,36708,36919,73627,0,0,0,36708,36919,73627,5006,0,5006,14.71,0.0
DUBBO,DBO,Dubbo,New South Wales,148.569971,-32.218733,1,normalised_exact,2022,37,78615,79461,158076,0,0,0,78615,79461,158076,7357,0,7357,21.49,0.0
DUBBO,DBO,Dubbo,New South Wales,148.569971,-32.218733,1,normalised_exact,2023,35,96009,96485,192494,0,0,0,96009,96485,192494,7758,0,7758,24.81,0.0
DUBBO,DBO,Dubbo,New South Wales,148.569971,-32.218733,1,normalised_exact,2024,35,95454,95273,190727,0,0,0,95454,95273,190727,7763,0,7763,24.57,0.0
DUBBO,DBO,Dubbo,New South Wales,148.569971,-32.218733,1,normalised_exact,2025,35,95895,96326,192221,0,0,0,95895,96326,192221,7352,0,7352,26.15,0.0
EDWARD RIVER,,,,,,,unmatched,1985,,1289,1251,2540,0,0,0,1289,1251,2540,517,0,517,4.91,0.0
EDWARD RIVER,,,,,,,unmatched,1986,,1107,1141,2248,0,0,0,1107,1141,2248,598,0,598,3.76,0.0
EDWARD RIVER,,,,,,,unmatched,1987,,749,740,1489,0,0,0,749,740,1489,410,0,410,3.63,0.0
EDWARD RIVER,,,,,,,unmatched,1990,,227,210,437,0,0,0,227,210,437,267,0,267,1.64,0.0
EDWARD RIVER,,,,,,,unmatched,1991,,824,734,1558,0,0,0,824,734,1558,445,0,445,3.5,0.0
EDWARD RIVER,,,,,,,unmatched,1992,,995,868,1863,0,0,0,995,868,1863,434,0,434,4.29,0.0
EDWARD RIVER,,,,,,,unmatched,1993,,825,750,1575,0,0,0,825,750,1575,415,0,415,3.8,0.0
EDWARD RIVER,,,,,,,unmatched,1994,,832,785,1617,0,0,0,832,785,1617,431,0,431,3.75,0.0
EDWARD RIVER,,,,,,,unmatched,1995,,976,993,1969,0,0,0,976,993,1969,542,0,542,3.63,0.0
EDWARD RIVER,,,,,,,unmatched,1996,,899,836,1735,0,0,0,899,836,1735,516,0,516,3.36,0.0
EDWARD RIVER,,,,,,,unmatched,1997,,959,910,1869,0,0,0,959,910,1869,522,0,522,3.58,0.0
EDWARD RIVER,,,,,,,unmatched,1998,,965,919,1884,0,0,0,965,919,1884,522,0,522,3.61,0.0
EDWARD RIVER,,,,,,,unmatched,1999,,993,933,1926,0,0,0,993,933,1926,522,0,522,3.69,0.0
EDWARD RIVER,,,,,,,unmatched,2000,,1008,945,1953,0,0,0,1008,945,1953,520,0,520,3.76,0.0
EDWARD RIVER,,,,,,,unmatched,2001,,1054,956,2010,0,0,0,1054,956,2010,472,0,472,4.26,0.0
EDWARD RIVER,,,,,,,unmatched,2002,,941,759,1700,0,0,0,941,759,1700,420,0,420,4.05,0.0
EDWARD RIVER,,,,,,,unmatched,2003,,1111,1063,2174,0,0,0,1111,1063,2174,492,0,492,4.42,0.0
EDWARD RIVER,,,,,,,unmatched,2004,,1197,1198,2395,0,0,0,1197,1198,2395,524,0,524,4.57,0.0
EDWARD RIVER,,,,,,,unmatched,2005,,1244,1240,2484,0,0,0,1244,1240,2484,520,0,520,4.78,0.0
EDWARD RIVER,,,,,,,unmatched,2006,,2013,1967,3980,0,0,0,2013,1967,3980,543,0,543,7.33,0.0
EDWARD RIVER,,,,,,,unmatched,2007,,2858,2875,5733,0,0,0,2858,2875,5733,412,0,412,13.92,0.0
EDWARD RIVER,,,,,,,unmatched,2008,,3122,2982,6104,0,0,0,3122,2982,6104,393,0,393,15.53,0.0
EDWARD RIVER,,,,,,,unmatched,2009,,3766,3652,7418,0,0,0,3766,3652,7418,443,0,443,16.74,0.0
EDWARD RIVER,,,,,,,unmatched,2010,,3487,2993,6480,0,0,0,3487,2993,6480,416,0,416,15.58,0.0
EDWARD RIVER,,,,,,,unmatched,2011,,2028,2001,4029,0,0,0,2028,2001,4029,410,0,410,9.83,0.0
EDWARD RIVER,,,,,,,unmatched,2012,,1911,1818,3729,0,0,0,1911,1818,3729,438,0,438,8.51,0.0
EDWARD RIVER,,,,,,,unmatched,2013,,1723,1644,3367,0,0,0,1723,1644,3367,407,0,407,8.27,0.0
EDWARD RIVER,,,,,,,unmatched,2014,,1899,1828,3727,0,0,0,1899,1828,3727,409,0,409,9.11,0.0
EDWARD RIVER,,,,,,,unmatched,2015,,1496,1339,2835,0,0,0,1496,1339,2835,907,0,907,3.13,0.0
EDWARD RIVER,,,,,,,unmatched,2016,,1663,1634,3297,0,0,0,1663,1634,3297,1187,0,1187,2.78,0.0
EDWARD RIVER,,,,,,,unmatched,2017,,2765,2898,5663,0,0,0,2765,2898,5663,1126,0,1126,5.03,0.0
EDWARD RIVER,,,,,,,unmatched,2018,,4031,4263,8294,0,0,0,4031,4263,8294,1205,0,1205,6.88,0.0
EDWARD RIVER,,,,,,,unmatched,2019,,4393,4522,8915,0,0,0,4393,4522,8915,1098,0,1098,8.12,0.0
EDWARD RIVER,,,,,,,unmatched,2020,,4295,4490,8785,0,0,0,4295,4490,8785,504,0,504,17.43,0.0
EDWARD RIVER,,,,,,,unmatched,2021,,4219,4324,8543,0,0,0,4219,4324,8543,498,0,498,17.15,0.0
EDWARD RIVER,,,,,,,unmatched,2022,,4519,4474,8993,0,0,0,4519,4474,8993,971,0,971,9.26,0.0
EDWARD RIVER,,,,,,,unmatched,2023,,3569,3470,7039,0,0,0,3569,3470,7039,974,0,974,7.23,0.0
EDWARD RIVER,,,,,,,unmatched,2024,,4430,4663,9093,0,0,0,4430,4663,9093,1296,0,1296,7.02,0.0
EDWARD RIVER,,,,,,,unmatched,2025,,4254,4460,8714,0,0,0,4254,4460,8714,1330,0,1330,6.55,0.0
ELCHO ISLAND,,,,,,,unmatched,1985,,4632,4647,9279,0,0,0,4632,4647,9279,3220,0,3220,2.88,0.0
ELCHO ISLAND,,,,,,,unmatched,1986,,5316,5072,10388,0,0,0,5316,5072,10388,3472,0,3472,2.99,0.0
ELCHO ISLAND,,,,,,,unmatched,1987,,5108,5310,10418,0,0,0,5108,5310,10418,3983,0,3983,2.62,0.0
ELCHO ISLAND,,,,,,,unmatched,1988,,6297,6452,12749,0,0,0,6297,6452,12749,4685,0,4685,2.72,0.0
ELCHO ISLAND,,,,,,,unmatched,1989,,5432,5948,11380,0,0,0,5432,5948,11380,3999,0,3999,2.85,0.0
ELCHO ISLAND,,,,,,,unmatched,1990,,5038,5720,10758,0,0,0,5038,5720,10758,4358,0,4358,2.47,0.0
ELCHO ISLAND,,,,,,,unmatched,1991,,4944,5546,10490,0,0,0,4944,5546,10490,3908,0,3908,2.68,0.0
ELCHO ISLAND,,,,,,,unmatched,1992,,5117,5714,10831,0,0,0,5117,5714,10831,3680,0,3680,2.94,0.0
ELCHO ISLAND,,,,,,,unmatched,1993,,4453,4666,9119,0,0,0,4453,4666,9119,3507,0,3507,2.6,0.0
ELCHO ISLAND,,,,,,,unmatched,1994,,4211,4210,8421,0,0,0,4211,4210,8421,3613,0,3613,2.33,0.0
ELCHO ISLAND,,,,,,,unmatched,1995,,6882,6541,13423,0,0,0,6882,6541,13423,4944,0,4944,2.72,0.0
ELCHO ISLAND,,,,,,,unmatched,1996,,7920,7926,15846,0,0,0,7920,7926,15846,5011,0,5011,3.16,0.0
ELCHO ISLAND,,,,,,,unmatched,1997,,8729,8708,17437,0,0,0,8729,8708,17437,4283,0,4283,4.07,0.0
ELCHO ISLAND,,,,,,,unmatched,1998,,8316,8233,16549,0,0,0,8316,8233,16549,4299,0,4299,3.85,0.0
ELCHO ISLAND,,,,,,,unmatched,1999,,8607,8712,17319,0,0,0,8607,8712,17319,4375,0,4375,3.96,0.0
ELCHO ISLAND,,,,,,,unmatched,2000,,7174,7215,14389,0,0,0,7174,7215,14389,4047,0,4047,3.56,0.0
ELCHO ISLAND,,,,,,,unmatched,2001,,6832,7011,13843,0,0,0,6832,7011,13843,3925,0,3925,3.53,0.0
ELCHO ISLAND,,,,,,,unmatched,2002,,4759,4670,9429,0,0,0,4759,4670,9429,2345,0,2345,4.02,0.0
ELCHO ISLAND,,,,,,,unmatched,2003,,4687,4589,9276,0,0,0,4687,4589,9276,2408,0,2408,3.85,0.0
ELCHO ISLAND,,,,,,,unmatched,2004,,4931,4928,9859,0,0,0,4931,4928,9859,2317,0,2317,4.26,0.0
ELCHO ISLAND,,,,,,,unmatched,2005,,4605,4592,9197,0,0,0,4605,4592,9197,2251,0,2251,4.09,0.0
ELCHO ISLAND,,,,,,,unmatched,2006,,2736,2740,5476,0,0,0,2736,2740,5476,1282,0,1282,4.27,0.0
ELCHO ISLAND,,,,,,,unmatched,2007,,2986,2953,5939,0,0,0,2986,2953,5939,880,0,880,6.75,0.0
ELCHO ISLAND,,,,,,,unmatched,2008,,3594,3648,7242,0,0,0,3594,3648,7242,917,0,917,7.9,0.0
ELCHO ISLAND,,,,,,,unmatched,2009,,4229,4079,8308,0,0,0,4229,4079,8308,911,0,911,9.12,0.0
ELCHO ISLAND,,,,,,,unmatched,2010,,4038,3812,7850,0,0,0,4038,3812,7850,619,0,619,12.68,0.0
ELCHO ISLAND,,,,,,,unmatched,2011,,4274,4136,8410,0,0,0,4274,4136,8410,630,0,630,13.35,0.0
ELCHO ISLAND,,,,,,,unmatched,2012,,3732,3708,7440,0,0,0,3732,3708,7440,625,0,625,11.9,0.0
ELCHO ISLAND,,,,,,,unmatched,2013,,3793,3643,7436,0,0,0,3793,3643,7436,626,0,626,11.88,0.0
ELCHO ISLAND,,,,,,,unmatched,2014,,3937,3719,7656,0,0,0,3937,3719,7656,631,0,631,12.13,0.0
ELCHO ISLAND,,,,,,,unmatched,2015,,4325,4197,8522,0,0,0,4325,4197,8522,714,0,714,11.94,0.0
ELCHO ISLAND,,,,,,,unmatched,2016,,4007,3985,7992,0,0,0,4007,3985,7992,684,0,684,11.68,0.0
ELCHO ISLAND,,,,,,,unmatched,2017,,5045,4821,9866,0,0,0,5045,4821,9866,1002,0,1002,9.85,0.0
ELCHO ISLAND,,,,,,,unmatched,2018,,4810,4485,9295,0,0,0,4810,4485,9295,764,0,764,12.17,0.0
ELCHO ISLAND,,,,,,,unmatched,2019,,4199,3938,8137,0,0,0,4199,3938,8137,684,0,684,11.9,0.0
ELCHO ISLAND,,,,,,,unmatched,2020,,3100,2811,5911,0,0,0,3100,2811,5911,605,0,605,9.77,0.0
ELCHO ISLAND,,,,,,,unmatched,2021,,3687,3365,7052,0,0,0,3687,3365,7052,734,0,734,9.61,0.0
ELCHO ISLAND,,,,,,,unmatched,2022,,4132,3648,7780,0,0,0,4132,3648,7780,859,0,859,9.06,0.0
ELCHO ISLAND,,,,,,,unmatched,2023,,5005,4510,9515,0,0,0,5005,4510,9515,1104,0,1104,8.62,0.0
ELCHO ISLAND,,,,,,,unmatched,2024,,4834,4493,9327,0,0,0,4834,4493,9327,1152,0,1152,8.1,0.0
ELCHO ISLAND,,,,,,,unmatched,2025,,4971,4615,9586,0,0,0,4971,4615,9586,1154,0,1154,8.31,0.0
EMERALD,EMD,Emerald,Queensland,148.174571,-23.568855,1,normalised_exact,1985,,7132,7059,14191,0,0,0,7132,7059,14191,922,0,922,15.39,0.0
EMERALD,EMD,Emerald,Queensland,148.174571,-23.568855,1,normalised_exact,1986,,7326,7406,14732,0,0,0,7326,7406,14732,896,0,896,16.44,0.0
EMERALD,EMD,Emerald,Queensland,148.174571,-23.568855,1,normalised_exact,1987,,5532,5157,10689,0,0,0,5532,5157,10689,1651,0,1651,6.47,0.0
EMERALD,EMD,Emerald,Queensland,148.174571,-23.568855,1,normalised_exact,1988,,5498,5869,11367,0,0,0,5498,5869,11367,2641,0,2641,4.3,0.0
EMERALD,EMD,Emerald,Queensland,148.174571,-23.568855,1,normalised_exact,1989,,6531,6379,12910,0,0,0,6531,6379,12910,2398,0,2398,5.38,0.0
EMERALD,EMD,Emerald,Queensland,148.174571,-23.568855,1,normalised_exact,1990,,8351,8408,16759,0,0,0,8351,8408,16759,3601,0,3601,4.65,0.0
EMERALD,EMD,Emerald,Queensland,148.174571,-23.568855,1,normalised_exact,1991,,12677,12830,25507,0,0,0,12677,12830,25507,2213,0,2213,11.53,0.0
EMERALD,EMD,Emerald,Queensland,148.174571,-23.568855,1,normalised_exact,1992,,16385,16207,32592,0,0,0,16385,16207,32592,3095,0,3095,10.53,0.0
EMERALD,EMD,Emerald,Queensland,148.174571,-23.568855,1,normalised_exact,1993,,18330,18364,36694,0,0,0,18330,18364,36694,3081,0,3081,11.91,0.0
EMERALD,EMD,Emerald,Queensland,148.174571,-23.568855,1,normalised_exact,1994,,18121,18072,36193,0,0,0,18121,18072,36193,2485,0,2485,14.56,0.0
EMERALD,EMD,Emerald,Queensland,148.174571,-23.568855,1,normalised_exact,1995,,18929,18810,37739,0,0,0,18929,18810,37739,2473,0,2473,15.26,0.0
EMERALD,EMD,Emerald,Queensland,148.174571,-23.568855,1,normalised_exact,1996,,18035,17801,35836,0,0,0,18035,17801,35836,2481,0,2481,14.44,0.0
EMERALD,EMD,Emerald,Queensland,148.174571,-23.568855,1,normalised_exact,1997,,18913,19024,37937,0,0,0,18913,19024,37937,2428,0,2428,15.62,0.0
EMERALD,EMD,Emerald,Queensland,148.174571,-23.568855,1,normalised_exact,1998,,17459,17411,34870,0,0,0,17459,17411,34870,2372,0,2372,14.7,0.0
EMERALD,EMD,Emerald,Queensland,148.174571,-23.568855,1,normalised_exact,1999,,18190,17947,36137,0,0,0,18190,17947,36137,2389,0,2389,15.13,0.0
EMERALD,EMD,Emerald,Queensland,148.174571,-23.568855,1,normalised_exact,2000,,20359,20240,40599,0,0,0,20359,20240,40599,2392,0,2392,16.97,0.0
EMERALD,EMD,Emerald,Queensland,148.174571,-23.568855,1,normalised_exact,2001,,17180,17201,34381,0,0,0,17180,17201,34381,1963,0,1963,17.51,0.0
EMERALD,EMD,Emerald,Queensland,148.174571,-23.568855,1,normalised_exact,2002,,19688,19704,39392,0,0,0,19688,19704,39392,1793,0,1793,21.97,0.0
EMERALD,EMD,Emerald,Queensland,148.174571,-23.568855,1,normalised_exact,2003,,21737,21870,43607,0,0,0,21737,21870,43607,1784,0,1784,24.44,0.0
EMERALD,EMD,Emerald,Queensland,148.174571,-23.568855,1,normalised_exact,2004,48,26675,27140,53815,0,0,0,26675,27140,53815,1831,0,1831,29.39,0.0
EMERALD,EMD,Emerald,Queensland,148.174571,-23.568855,1,normalised_exact,2005,46,34669,35259,69928,0,0,0,34669,35259,69928,2375,0,2375,29.44,0.0
EMERALD,EMD,Emerald,Queensland,148.174571,-23.568855,1,normalised_exact,2006,45,43766,45179,88945,0,0,0,43766,45179,88945,2295,0,2295,38.76,0.0
EMERALD,EMD,Emerald,Queensland,148.174571,-23.568855,1,normalised_exact,2007,42,48489,50188,98677,0,0,0,48489,50188,98677,2278,0,2278,43.32,0.0
EMERALD,EMD,Emerald,Queensland,148.174571,-23.568855,1,normalised_exact,2008,39,58071,59905,117976,0,0,0,58071,59905,117976,2541,0,2541,46.43,0.0
EMERALD,EMD,Emerald,Queensland,148.174571,-23.568855,1,normalised_exact,2009,39,58701,60307,119008,0,0,0,58701,60307,119008,2450,0,2450,48.57,0.0
EMERALD,EMD,Emerald,Queensland,148.174571,-23.568855,1,normalised_exact,2010,39,69561,72060,141621,0,0,0,69561,72060,141621,2810,0,2810,50.4,0.0
EMERALD,EMD,Emerald,Queensland,148.174571,-23.568855,1,normalised_exact,2011,36,95811,97530,193341,0,0,0,95811,97530,193341,3474,0,3474,55.65,0.0
EMERALD,EMD,Emerald,Queensland,148.174571,-23.568855,1,normalised_exact,2012,28,138853,141564,280417,0,0,0,138853,141564,280417,5869,0,5869,47.78,0.0
EMERALD,EMD,Emerald,Queensland,148.174571,-23.568855,1,normalised_exact,2013,26,140354,142879,283233,0,0,0,140354,142879,283233,6585,0,6585,43.01,0.0
EMERALD,EMD,Emerald,Queensland,148.174571,-23.568855,1,normalised_exact,2014,28,124359,124581,248940,0,0,0,124359,124581,248940,5758,0,5758,43.23,0.0
EMERALD,EMD,Emerald,Queensland,148.174571,-23.568855,1,normalised_exact,2015,32,106766,105729,212495,0,0,0,106766,105729,212495,5497,0,5497,38.66,0.0
EMERALD,EMD,Emerald,Queensland,148.174571,-23.568855,1,normalised_exact,2016,33,99488,99543,199031,0,0,0,99488,99543,199031,4992,0,4992,39.87,0.0
EMERALD,EMD,Emerald,Queensland,148.174571,-23.568855,1,normalised_exact,2017,34,98711,99029,197740,0,0,0,98711,99029,197740,4055,0,4055,48.76,0.0
EMERALD,EMD,Emerald,Queensland,148.174571,-23.568855,1,normalised_exact,2018,35,98767,96453,195220,0,0,0,98767,96453,195220,3761,0,3761,51.91,0.0
EMERALD,EMD,Emerald,Queensland,148.174571,-23.568855,1,normalised_exact,2019,34,100705,100818,201523,0,0,0,100705,100818,201523,4814,0,4814,41.86,0.0
EMERALD,EMD,Emerald,Queensland,148.174571,-23.568855,1,normalised_exact,2020,30,48883,49732,98615,0,0,0,48883,49732,98615,3251,0,3251,30.33,0.0
EMERALD,EMD,Emerald,Queensland,148.174571,-23.568855,1,normalised_exact,2021,31,67886,69055,136941,0,0,0,67886,69055,136941,4224,0,4224,32.42,0.0
EMERALD,EMD,Emerald,Queensland,148.174571,-23.568855,1,normalised_exact,2022,36,79358,79681,159039,0,0,0,79358,79681,159039,4104,0,4104,38.75,0.0
EMERALD,EMD,Emerald,Queensland,148.174571,-23.568855,1,normalised_exact,2023,36,91878,92573,184451,0,0,0,91878,92573,184451,4431,0,4431,41.63,0.0
EMERALD,EMD,Emerald,Queensland,148.174571,-23.568855,1,normalised_exact,2024,36,93324,93878,187202,0,0,0,93324,93878,187202,4510,0,4510,41.51,0.0
EMERALD,EMD,Emerald,Queensland,148.174571,-23.568855,1,normalised_exact,2025,36,94835,94970,189805,0,0,0,94835,94970,189805,4371,0,4371,43.42,0.0
ESPERANCE,EPR,Esperance,Western Australia,121.830437,-33.682722,1,normalised_exact,1985,,8950,9080,18030,0,0,0,8950,9080,18030,1456,0,1456,12.38,0.0
ESPERANCE,EPR,Esperance,Western Australia,121.830437,-33.682722,1,normalised_exact,1986,,9705,9584,19289,0,0,0,9705,9584,19289,1542,0,1542,12.51,0.0
ESPERANCE,EPR,Esperance,Western Australia,121.830437,-33.682722,1,normalised_exact,1987,,9096,9061,18157,0,0,0,9096,9061,18157,1500,0,1500,12.1,0.0
ESPERANCE,EPR,Esperance,Western Australia,121.830437,-33.682722,1,normalised_exact,1988,,9597,9601,19198,0,0,0,9597,9601,19198,1660,0,1660,11.57,0.0
ESPERANCE,EPR,Esperance,Western Australia,121.830437,-33.682722,1,normalised_exact,1989,,8130,8082,16212,0,0,0,8130,8082,16212,1495,0,1495,10.84,0.0
ESPERANCE,EPR,Esperance,Western Australia,121.830437,-33.682722,1,normalised_exact,1990,,8225,8228,16453,0,0,0,8225,8228,16453,1307,0,1307,12.59,0.0
ESPERANCE,EPR,Esperance,Western Australia,121.830437,-33.682722,1,normalised_exact,1991,,7908,7954,15862,0,0,0,7908,7954,15862,1305,0,1305,12.15,0.0
ESPERANCE,EPR,Esperance,Western Australia,121.830437,-33.682722,1,normalised_exact,1992,,7828,7940,15768,0,0,0,7828,7940,15768,1279,0,1279,12.33,0.0
ESPERANCE,EPR,Esperance,Western Australia,121.830437,-33.682722,1,normalised_exact,1993,,8732,8852,17584,0,0,0,8732,8852,17584,1324,0,1324,13.28,0.0
ESPERANCE,EPR,Esperance,Western Australia,121.830437,-33.682722,1,normalised_exact,1994,,10020,10128,20148,0,0,0,10020,10128,20148,1377,0,1377,14.63,0.0
ESPERANCE,EPR,Esperance,Western Australia,121.830437,-33.682722,1,normalised_exact,1995,,11457,11596,23053,0,0,0,11457,11596,23053,1580,0,1580,14.59,0.0
ESPERANCE,EPR,Esperance,Western Australia,121.830437,-33.682722,1,normalised_exact,1996,,12978,13002,25980,0,0,0,12978,13002,25980,1259,0,1259,20.64,0.0
ESPERANCE,EPR,Esperance,Western Australia,121.830437,-33.682722,1,normalised_exact,1997,,13149,13252,26401,0,0,0,13149,13252,26401,1170,0,1170,22.56,0.0
ESPERANCE,EPR,Esperance,Western Australia,121.830437,-33.682722,1,normalised_exact,1998,,13919,13910,27829,0,0,0,13919,13910,27829,1017,0,1017,27.36,0.0
ESPERANCE,EPR,Esperance,Western Australia,121.830437,-33.682722,1,normalised_exact,1999,,15815,15875,31690,0,0,0,15815,15875,31690,1038,0,1038,30.53,0.0
ESPERANCE,EPR,Esperance,Western Australia,121.830437,-33.682722,1,normalised_exact,2000,,17649,17674,35323,0,0,0,17649,17674,35323,1291,0,1291,27.36,0.0
ESPERANCE,EPR,Esperance,Western Australia,121.830437,-33.682722,1,normalised_exact,2001,,15251,15171,30422,0,0,0,15251,15171,30422,1167,0,1167,26.07,0.0
ESPERANCE,EPR,Esperance,Western Australia,121.830437,-33.682722,1,normalised_exact,2002,,14355,14584,28939,0,0,0,14355,14584,28939,1167,0,1167,24.8,0.0
ESPERANCE,EPR,Esperance,Western Australia,121.830437,-33.682722,1,normalised_exact,2003,,14138,14162,28300,0,0,0,14138,14162,28300,1124,0,1124,25.18,0.0
ESPERANCE,EPR,Esperance,Western Australia,121.830437,-33.682722,1,normalised_exact,2004,,16800,16819,33619,0,0,0,16800,16819,33619,1362,0,1362,24.68,0.0
ESPERANCE,EPR,Esperance,Western Australia,121.830437,-33.682722,1,normalised_exact,2005,,17958,17845,35803,0,0,0,17958,17845,35803,1282,0,1282,27.93,0.0
ESPERANCE,EPR,Esperance,Western Australia,121.830437,-33.682722,1,normalised_exact,2006,,18946,19177,38123,0,0,0,18946,19177,38123,1253,0,1253,30.43,0.0
ESPERANCE,EPR,Esperance,Western Australia,121.830437,-33.682722,1,normalised_exact,2007,,21344,21412,42756,0,0,0,21344,21412,42756,1429,0,1429,29.92,0.0
ESPERANCE,EPR,Esperance,Western Australia,121.830437,-33.682722,1,normalised_exact,2008,,22296,22478,44774,0,0,0,22296,22478,44774,1591,0,1591,28.14,0.0
ESPERANCE,EPR,Esperance,Western Australia,121.830437,-33.682722,1,normalised_exact,2009,,22017,21910,43927,0,0,0,22017,21910,43927,1586,0,1586,27.7,0.0
ESPERANCE,EPR,Esperance,Western Australia,121.830437,-33.682722,1,normalised_exact,2010,,22931,23082,46013,0,0,0,22931,23082,46013,1594,0,1594,28.87,0.0
ESPERANCE,EPR,Esperance,Western Australia,121.830437,-33.682722,1,normalised_exact,2011,,24162,23930,48092,0,0,0,24162,23930,48092,1808,0,1808,26.6,0.0
ESPERANCE,EPR,Esperance,Western Australia,121.830437,-33.682722,1,normalised_exact,2012,,23253,22711,45964,0,0,0,23253,22711,45964,1873,0,1873,24.54,0.0
ESPERANCE,EPR,Esperance,Western Australia,121.830437,-33.682722,1,normalised_exact,2013,,24028,24135,48163,0,0,0,24028,24135,48163,1790,0,1790,26.91,0.0
ESPERANCE,EPR,Esperance,Western Australia,121.830437,-33.682722,1,normalised_exact,2014,59,26991,27078,54069,0,0,0,26991,27078,54069,1800,0,1800,30.04,0.0
ESPERANCE,EPR,Esperance,Western Australia,121.830437,-33.682722,1,normalised_exact,2015,61,25567,25876,51443,0,0,0,25567,25876,51443,1345,0,1345,38.25,0.0
ESPERANCE,EPR,Esperance,Western Australia,121.830437,-33.682722,1,normalised_exact,2016,,23650,24341,47991,0,0,0,23650,24341,47991,1827,0,1827,26.27,0.0
ESPERANCE,EPR,Esperance,Western Australia,121.830437,-33.682722,1,normalised_exact,2017,62,24652,25884,50536,0,0,0,24652,25884,50536,1914,0,1914,26.4,0.0
ESPERANCE,EPR,Esperance,Western Australia,121.830437,-33.682722,1,normalised_exact,2018,62,25107,26167,51274,0,0,0,25107,26167,51274,1921,0,1921,26.69,0.0
ESPERANCE,EPR,Esperance,Western Australia,121.830437,-33.682722,1,normalised_exact,2019,62,25108,26228,51336,0,0,0,25108,26228,51336,1926,0,1926,26.65,0.0
ESPERANCE,EPR,Esperance,Western Australia,121.830437,-33.682722,1,normalised_exact,2020,,15631,16299,31930,0,0,0,15631,16299,31930,1262,0,1262,25.3,0.0
ESPERANCE,EPR,Esperance,Western Australia,121.830437,-33.682722,1,normalised_exact,2021,,22541,23398,45939,0,0,0,22541,23398,45939,1816,0,1816,25.3,0.0
ESPERANCE,EPR,Esperance,Western Australia,121.830437,-33.682722,1,normalised_exact,2022,60,25653,26794,52447,0,0,0,25653,26794,52447,2013,0,2013,26.05,0.0
ESPERANCE,EPR,Esperance,Western Australia,121.830437,-33.682722,1,normalised_exact,2023,61,26312,27330,53642,0,0,0,26312,27330,53642,2091,0,2091,25.65,0.0
ESPERANCE,EPR,Esperance,Western Australia,121.830437,-33.682722,1,normalised_exact,2024,61,27651,28471,56122,0,0,0,27651,28471,56122,2294,0,2294,24.46,0.0
ESPERANCE,EPR,Esperance,Western Australia,121.830437,-33.682722,1,normalised_exact,2025,60,27599,28657,56256,0,0,0,27599,28657,56256,2251,0,2251,24.99,0.0
ESSENDON FIELDS,MEB,Melbourne-Essendon,Victoria,144.897341,-37.727408,1,verified_alias,1985,,1416,1353,2769,0,0,0,1416,1353,2769,1419,0,1419,1.95,0.0
ESSENDON FIELDS,MEB,Melbourne-Essendon,Victoria,144.897341,-37.727408,1,verified_alias,1986,,2306,2423,4729,0,0,0,2306,2423,4729,2339,0,2339,2.02,0.0
ESSENDON FIELDS,MEB,Melbourne-Essendon,Victoria,144.897341,-37.727408,1,verified_alias,1987,,3656,4425,8081,0,0,0,3656,4425,8081,3247,0,3247,2.49,0.0
ESSENDON FIELDS,MEB,Melbourne-Essendon,Victoria,144.897341,-37.727408,1,verified_alias,1988,,5298,5292,10590,0,0,0,5298,5292,10590,5122,0,5122,2.07,0.0
ESSENDON FIELDS,MEB,Melbourne-Essendon,Victoria,144.897341,-37.727408,1,verified_alias,1989,,6230,6523,12753,0,0,0,6230,6523,12753,4171,0,4171,3.06,0.0
ESSENDON FIELDS,MEB,Melbourne-Essendon,Victoria,144.897341,-37.727408,1,verified_alias,1990,,9743,9855,19598,0,0,0,9743,9855,19598,2348,0,2348,8.35,0.0
ESSENDON FIELDS,MEB,Melbourne-Essendon,Victoria,144.897341,-37.727408,1,verified_alias,1991,,5106,4944,10050,0,0,0,5106,4944,10050,2165,0,2165,4.64,0.0
ESSENDON FIELDS,MEB,Melbourne-Essendon,Victoria,144.897341,-37.727408,1,verified_alias,1992,,2989,2825,5814,0,0,0,2989,2825,5814,1873,0,1873,3.1,0.0
ESSENDON FIELDS,MEB,Melbourne-Essendon,Victoria,144.897341,-37.727408,1,verified_alias,1993,,1726,1632,3358,0,0,0,1726,1632,3358,1243,0,1243,2.7,0.0
ESSENDON FIELDS,MEB,Melbourne-Essendon,Victoria,144.897341,-37.727408,1,verified_alias,1994,,2938,2892,5830,0,0,0,2938,2892,5830,2031,0,2031,2.87,0.0
ESSENDON FIELDS,MEB,Melbourne-Essendon,Victoria,144.897341,-37.727408,1,verified_alias,1995,,132,132,264,0,0,0,132,132,264,101,0,101,2.61,0.0
ESSENDON FIELDS,MEB,Melbourne-Essendon,Victoria,144.897341,-37.727408,1,verified_alias,1996,,203,201,404,0,0,0,203,201,404,91,0,91,4.44,0.0
ESSENDON FIELDS,MEB,Melbourne-Essendon,Victoria,144.897341,-37.727408,1,verified_alias,1997,,1357,1361,2718,0,0,0,1357,1361,2718,619,0,619,4.39,0.0
ESSENDON FIELDS,MEB,Melbourne-Essendon,Victoria,144.897341,-37.727408,1,verified_alias,1998,,1422,1412,2834,0,0,0,1422,1412,2834,592,0,592,4.79,0.0
ESSENDON FIELDS,MEB,Melbourne-Essendon,Victoria,144.897341,-37.727408,1,verified_alias,1999,,1297,1297,2594,0,0,0,1297,1297,2594,418,0,418,6.21,0.0
ESSENDON FIELDS,MEB,Melbourne-Essendon,Victoria,144.897341,-37.727408,1,verified_alias,2000,,820,820,1640,0,0,0,820,820,1640,290,0,290,5.66,0.0
ESSENDON FIELDS,MEB,Melbourne-Essendon,Victoria,144.897341,-37.727408,1,verified_alias,2001,,1206,1165,2371,0,0,0,1206,1165,2371,602,0,602,3.94,0.0
ESSENDON FIELDS,MEB,Melbourne-Essendon,Victoria,144.897341,-37.727408,1,verified_alias,2002,,1949,1841,3790,0,0,0,1949,1841,3790,1500,0,1500,2.53,0.0
ESSENDON FIELDS,MEB,Melbourne-Essendon,Victoria,144.897341,-37.727408,1,verified_alias,2003,,1092,1025,2117,0,0,0,1092,1025,2117,1048,0,1048,2.02,0.0
ESSENDON FIELDS,MEB,Melbourne-Essendon,Victoria,144.897341,-37.727408,1,verified_alias,2004,,5018,4654,9672,0,0,0,5018,4654,9672,2611,0,2611,3.7,0.0
ESSENDON FIELDS,MEB,Melbourne-Essendon,Victoria,144.897341,-37.727408,1,verified_alias,2005,,3856,3794,7650,0,0,0,3856,3794,7650,2291,0,2291,3.34,0.0
ESSENDON FIELDS,MEB,Melbourne-Essendon,Victoria,144.897341,-37.727408,1,verified_alias,2006,,3401,3304,6705,0,0,0,3401,3304,6705,2224,0,2224,3.01,0.0
ESSENDON FIELDS,MEB,Melbourne-Essendon,Victoria,144.897341,-37.727408,1,verified_alias,2007,,5793,5440,11233,0,0,0,5793,5440,11233,1342,0,1342,8.37,0.0
ESSENDON FIELDS,MEB,Melbourne-Essendon,Victoria,144.897341,-37.727408,1,verified_alias,2008,,8701,8271,16972,0,0,0,8701,8271,16972,1502,0,1502,11.3,0.0
ESSENDON FIELDS,MEB,Melbourne-Essendon,Victoria,144.897341,-37.727408,1,verified_alias,2009,,7687,7779,15466,0,0,0,7687,7779,15466,1576,0,1576,9.81,0.0
ESSENDON FIELDS,MEB,Melbourne-Essendon,Victoria,144.897341,-37.727408,1,verified_alias,2010,,10676,11054,21730,0,0,0,10676,11054,21730,2300,0,2300,9.45,0.0
ESSENDON FIELDS,MEB,Melbourne-Essendon,Victoria,144.897341,-37.727408,1,verified_alias,2011,,10128,9803,19931,0,0,0,10128,9803,19931,2222,0,2222,8.97,0.0
ESSENDON FIELDS,MEB,Melbourne-Essendon,Victoria,144.897341,-37.727408,1,verified_alias,2012,,9299,9537,18836,0,0,0,9299,9537,18836,1668,0,1668,11.29,0.0
ESSENDON FIELDS,MEB,Melbourne-Essendon,Victoria,144.897341,-37.727408,1,verified_alias,2013,,8593,8634,17227,0,0,0,8593,8634,17227,1638,0,1638,10.52,0.0
ESSENDON FIELDS,MEB,Melbourne-Essendon,Victoria,144.897341,-37.727408,1,verified_alias,2014,,8277,6650,14927,0,0,0,8277,6650,14927,1565,0,1565,9.54,0.0
ESSENDON FIELDS,MEB,Melbourne-Essendon,Victoria,144.897341,-37.727408,1,verified_alias,2015,,7435,7091,14526,0,0,0,7435,7091,14526,2641,0,2641,5.5,0.0
ESSENDON FIELDS,MEB,Melbourne-Essendon,Victoria,144.897341,-37.727408,1,verified_alias,2016,,9521,9409,18930,0,0,0,9521,9409,18930,3028,0,3028,6.25,0.0
ESSENDON FIELDS,MEB,Melbourne-Essendon,Victoria,144.897341,-37.727408,1,verified_alias,2017,,17444,17203,34647,0,0,0,17444,17203,34647,3681,0,3681,9.41,0.0
ESSENDON FIELDS,MEB,Melbourne-Essendon,Victoria,144.897341,-37.727408,1,verified_alias,2018,,19796,20236,40032,0,0,0,19796,20236,40032,3744,0,3744,10.69,0.0
ESSENDON FIELDS,MEB,Melbourne-Essendon,Victoria,144.897341,-37.727408,1,verified_alias,2019,,23008,20416,43424,0,0,0,23008,20416,43424,4844,0,4844,8.96,0.0
ESSENDON FIELDS,MEB,Melbourne-Essendon,Victoria,144.897341,-37.727408,1,verified_alias,2020,,7819,7836,15655,0,0,0,7819,7836,15655,2936,0,2936,5.33,0.0
ESSENDON FIELDS,MEB,Melbourne-Essendon,Victoria,144.897341,-37.727408,1,verified_alias,2021,,8984,9179,18163,0,0,0,8984,9179,18163,3132,0,3132,5.8,0.0
ESSENDON FIELDS,MEB,Melbourne-Essendon,Victoria,144.897341,-37.727408,1,verified_alias,2022,,17006,16935,33941,0,0,0,17006,16935,33941,3029,0,3029,11.21,0.0
ESSENDON FIELDS,MEB,Melbourne-Essendon,Victoria,144.897341,-37.727408,1,verified_alias,2023,,18836,18520,37356,0,0,0,18836,18520,37356,2966,0,2966,12.59,0.0
ESSENDON FIELDS,MEB,Melbourne-Essendon,Victoria,144.897341,-37.727408,1,verified_alias,2024,,7137,7005,14142,0,0,0,7137,7005,14142,1694,0,1694,8.35,0.0
ESSENDON FIELDS,MEB,Melbourne-Essendon,Victoria,144.897341,-37.727408,1,verified_alias,2025,,5823,5857,11680,0,0,0,5823,5857,11680,1436,0,1436,8.13,0.0
FLINDERS ISLAND,,,,,,,unmatched,1985,,8029,8042,16071,0,0,0,8029,8042,16071,2054,0,2054,7.82,0.0
FLINDERS ISLAND,,,,,,,unmatched,1986,,7719,7768,15487,0,0,0,7719,7768,15487,1963,0,1963,7.89,0.0
FLINDERS ISLAND,,,,,,,unmatched,1987,,7937,7738,15675,0,0,0,7937,7738,15675,2102,0,2102,7.46,0.0
FLINDERS ISLAND,,,,,,,unmatched,1988,,8539,8546,17085,0,0,0,8539,8546,17085,2430,0,2430,7.03,0.0
FLINDERS ISLAND,,,,,,,unmatched,1989,,8756,8752,17508,0,0,0,8756,8752,17508,2419,0,2419,7.24,0.0
FLINDERS ISLAND,,,,,,,unmatched,1990,,10346,10384,20730,0,0,0,10346,10384,20730,3822,0,3822,5.42,0.0
FLINDERS ISLAND,,,,,,,unmatched,1991,,10697,10704,21401,0,0,0,10697,10704,21401,4708,0,4708,4.55,0.0
FLINDERS ISLAND,,,,,,,unmatched,1992,,10994,11097,22091,0,0,0,10994,11097,22091,4228,0,4228,5.22,0.0
FLINDERS ISLAND,,,,,,,unmatched,1993,,10355,10447,20802,0,0,0,10355,10447,20802,4223,0,4223,4.93,0.0
FLINDERS ISLAND,,,,,,,unmatched,1994,,10445,10544,20989,0,0,0,10445,10544,20989,5175,0,5175,4.06,0.0
FLINDERS ISLAND,,,,,,,unmatched,1995,,8832,8960,17792,0,0,0,8832,8960,17792,2906,0,2906,6.12,0.0
FLINDERS ISLAND,,,,,,,unmatched,1996,,8241,8265,16506,0,0,0,8241,8265,16506,2999,0,2999,5.5,0.0
FLINDERS ISLAND,,,,,,,unmatched,1997,,10500,10581,21081,0,0,0,10500,10581,21081,3985,0,3985,5.29,0.0
FLINDERS ISLAND,,,,,,,unmatched,1998,,11132,11142,22274,0,0,0,11132,11142,22274,4124,0,4124,5.4,0.0
FLINDERS ISLAND,,,,,,,unmatched,1999,,10135,10055,20190,0,0,0,10135,10055,20190,4056,0,4056,4.98,0.0
FLINDERS ISLAND,,,,,,,unmatched,2000,,4604,4474,9078,0,0,0,4604,4474,9078,1844,0,1844,4.92,0.0
FLINDERS ISLAND,,,,,,,unmatched,2001,,3703,3703,7406,0,0,0,3703,3703,7406,1880,0,1880,3.94,0.0
FLINDERS ISLAND,,,,,,,unmatched,2002,,3746,3746,7492,0,0,0,3746,3746,7492,2084,0,2084,3.6,0.0
FLINDERS ISLAND,,,,,,,unmatched,2003,,3276,3276,6552,0,0,0,3276,3276,6552,1688,0,1688,3.88,0.0
FLINDERS ISLAND,,,,,,,unmatched,2004,,6825,8191,15016,0,0,0,6825,8191,15016,1918,0,1918,7.83,0.0
FLINDERS ISLAND,,,,,,,unmatched,2005,,7691,8213,15904,0,0,0,7691,8213,15904,2093,0,2093,7.6,0.0
FLINDERS ISLAND,,,,,,,unmatched,2006,,8827,8928,17755,0,0,0,8827,8928,17755,2527,0,2527,7.03,0.0
FLINDERS ISLAND,,,,,,,unmatched,2007,,8930,9103,18033,0,0,0,8930,9103,18033,3766,0,3766,4.79,0.0
FLINDERS ISLAND,,,,,,,unmatched,2008,,9214,9083,18297,0,0,0,9214,9083,18297,4259,0,4259,4.3,0.0
FLINDERS ISLAND,,,,,,,unmatched,2009,,9617,9571,19188,0,0,0,9617,9571,19188,3392,0,3392,5.66,0.0
FLINDERS ISLAND,,,,,,,unmatched,2010,,9733,9658,19391,0,0,0,9733,9658,19391,3004,0,3004,6.46,0.0
FLINDERS ISLAND,,,,,,,unmatched,2011,,9247,9894,19141,0,0,0,9247,9894,19141,1980,0,1980,9.67,0.0
FLINDERS ISLAND,,,,,,,unmatched,2012,,9849,9982,19831,0,0,0,9849,9982,19831,1957,0,1957,10.13,0.0
FLINDERS ISLAND,,,,,,,unmatched,2013,,9854,10066,19920,0,0,0,9854,10066,19920,1936,0,1936,10.29,0.0
FLINDERS ISLAND,,,,,,,unmatched,2014,,9904,9933,19837,0,0,0,9904,9933,19837,1703,0,1703,11.65,0.0
FLINDERS ISLAND,,,,,,,unmatched,2015,,9948,9967,19915,0,0,0,9948,9967,19915,1808,0,1808,11.01,0.0
FLINDERS ISLAND,,,,,,,unmatched,2016,,10567,10667,21234,0,0,0,10567,10667,21234,1832,0,1832,11.59,0.0
FLINDERS ISLAND,,,,,,,unmatched,2017,,10343,10342,20685,0,0,0,10343,10342,20685,1839,0,1839,11.25,0.0
FLINDERS ISLAND,,,,,,,unmatched,2018,,11214,11253,22467,0,0,0,11214,11253,22467,1947,0,1947,11.54,0.0
FLINDERS ISLAND,,,,,,,unmatched,2019,,10977,11091,22068,0,0,0,10977,11091,22068,1914,0,1914,11.53,0.0
FLINDERS ISLAND,,,,,,,unmatched,2020,,7720,7804,15524,0,0,0,7720,7804,15524,1432,0,1432,10.84,0.0
FLINDERS ISLAND,,,,,,,unmatched,2021,,11614,11619,23233,0,0,0,11614,11619,23233,2140,0,2140,10.86,0.0
FLINDERS ISLAND,,,,,,,unmatched,2022,,11403,11501,22904,0,0,0,11403,11501,22904,2020,0,2020,11.34,0.0
FLINDERS ISLAND,,,,,,,unmatched,2023,,10973,10949,21922,0,0,0,10973,10949,21922,1750,0,1750,12.53,0.0
FLINDERS ISLAND,,,,,,,unmatched,2024,,10153,10366,20519,0,0,0,10153,10366,20519,1628,0,1628,12.6,0.0
FLINDERS ISLAND,,,,,,,unmatched,2025,,9442,9651,19093,0,0,0,9442,9651,19093,1447,0,1447,13.19,0.0
GERALDTON,GET,Geraldton,Western Australia,114.702432,-28.796043,1,normalised_exact,1985,37,36374,36070,72444,0,0,0,36374,36070,72444,4378,0,4378,16.55,0.0
GERALDTON,GET,Geraldton,Western Australia,114.702432,-28.796043,1,normalised_exact,1986,37,37470,37214,74684,0,0,0,37470,37214,74684,3711,0,3711,20.13,0.0
GERALDTON,GET,Geraldton,Western Australia,114.702432,-28.796043,1,normalised_exact,1987,35,33865,33879,67744,0,0,0,33865,33879,67744,3491,0,3491,19.41,0.0
GERALDTON,GET,Geraldton,Western Australia,114.702432,-28.796043,1,normalised_exact,1988,37,34128,33492,67620,0,0,0,34128,33492,67620,2484,0,2484,27.22,0.0
GERALDTON,GET,Geraldton,Western Australia,114.702432,-28.796043,1,normalised_exact,1989,,24749,24919,49668,0,0,0,24749,24919,49668,2232,0,2232,22.25,0.0
GERALDTON,GET,Geraldton,Western Australia,114.702432,-28.796043,1,normalised_exact,1990,34,31931,31710,63641,0,0,0,31931,31710,63641,2857,0,2857,22.28,0.0
GERALDTON,GET,Geraldton,Western Australia,114.702432,-28.796043,1,normalised_exact,1991,35,33324,32978,66302,0,0,0,33324,32978,66302,2913,0,2913,22.76,0.0
GERALDTON,GET,Geraldton,Western Australia,114.702432,-28.796043,1,normalised_exact,1992,36,34292,33863,68155,0,0,0,34292,33863,68155,2950,0,2950,23.1,0.0
GERALDTON,GET,Geraldton,Western Australia,114.702432,-28.796043,1,normalised_exact,1993,38,36171,35247,71418,0,0,0,36171,35247,71418,2856,0,2856,25.01,0.0
GERALDTON,GET,Geraldton,Western Australia,114.702432,-28.796043,1,normalised_exact,1994,39,37961,37840,75801,0,0,0,37961,37840,75801,3021,0,3021,25.09,0.0
GERALDTON,GET,Geraldton,Western Australia,114.702432,-28.796043,1,normalised_exact,1995,47,28994,29016,58010,0,0,0,28994,29016,58010,3182,0,3182,18.23,0.0
GERALDTON,GET,Geraldton,Western Australia,114.702432,-28.796043,1,normalised_exact,1996,41,36205,36262,72467,0,0,0,36205,36262,72467,4038,0,4038,17.95,0.0
GERALDTON,GET,Geraldton,Western Australia,114.702432,-28.796043,1,normalised_exact,1997,43,33154,32869,66023,0,0,0,33154,32869,66023,3344,0,3344,19.74,0.0
GERALDTON,GET,Geraldton,Western Australia,114.702432,-28.796043,1,normalised_exact,1998,45,32217,32039,64256,0,0,0,32217,32039,64256,2953,0,2953,21.76,0.0
GERALDTON,GET,Geraldton,Western Australia,114.702432,-28.796043,1,normalised_exact,1999,45,31947,31878,63825,0,0,0,31947,31878,63825,3350,0,3350,19.05,0.0
GERALDTON,GET,Geraldton,Western Australia,114.702432,-28.796043,1,normalised_exact,2000,44,32731,32811,65542,0,0,0,32731,32811,65542,3428,0,3428,19.12,0.0
GERALDTON,GET,Geraldton,Western Australia,114.702432,-28.796043,1,normalised_exact,2001,44,27597,27509,55106,0,0,0,27597,27509,55106,2741,0,2741,20.1,0.0
GERALDTON,GET,Geraldton,Western Australia,114.702432,-28.796043,1,normalised_exact,2002,46,26089,25884,51973,0,0,0,26089,25884,51973,2396,0,2396,21.69,0.0
GERALDTON,GET,Geraldton,Western Australia,114.702432,-28.796043,1,normalised_exact,2003,46,28109,28011,56120,0,0,0,28109,28011,56120,2575,0,2575,21.79,0.0
GERALDTON,GET,Geraldton,Western Australia,114.702432,-28.796043,1,normalised_exact,2004,44,33411,33408,66819,0,0,0,33411,33408,66819,3110,0,3110,21.49,0.0
GERALDTON,GET,Geraldton,Western Australia,114.702432,-28.796043,1,normalised_exact,2005,44,40093,40363,80456,0,0,0,40093,40363,80456,3690,0,3690,21.8,0.0
GERALDTON,GET,Geraldton,Western Australia,114.702432,-28.796043,1,normalised_exact,2006,46,44078,44497,88575,0,0,0,44078,44497,88575,3455,0,3455,25.64,0.0
GERALDTON,GET,Geraldton,Western Australia,114.702432,-28.796043,1,normalised_exact,2007,43,48473,49150,97623,0,0,0,48473,49150,97623,3999,0,3999,24.41,0.0
GERALDTON,GET,Geraldton,Western Australia,114.702432,-28.796043,1,normalised_exact,2008,44,52130,52310,104440,0,0,0,52130,52310,104440,4290,0,4290,24.34,0.0
GERALDTON,GET,Geraldton,Western Australia,114.702432,-28.796043,1,normalised_exact,2009,44,48259,47927,96186,0,0,0,48259,47927,96186,3999,0,3999,24.05,0.0
GERALDTON,GET,Geraldton,Western Australia,114.702432,-28.796043,1,normalised_exact,2010,44,51684,51767,103451,0,0,0,51684,51767,103451,4110,0,4110,25.17,0.0
GERALDTON,GET,Geraldton,Western Australia,114.702432,-28.796043,1,normalised_exact,2011,42,53599,54089,107688,0,0,0,53599,54089,107688,3526,0,3526,30.54,0.0
GERALDTON,GET,Geraldton,Western Australia,114.702432,-28.796043,1,normalised_exact,2012,40,68836,69230,138066,0,0,0,68836,69230,138066,3851,0,3851,35.85,0.0
GERALDTON,GET,Geraldton,Western Australia,114.702432,-28.796043,1,normalised_exact,2013,43,63746,64338,128084,0,0,0,63746,64338,128084,3789,0,3789,33.8,0.0
GERALDTON,GET,Geraldton,Western Australia,114.702432,-28.796043,1,normalised_exact,2014,44,63355,63517,126872,0,0,0,63355,63517,126872,3638,0,3638,34.87,0.0
GERALDTON,GET,Geraldton,Western Australia,114.702432,-28.796043,1,normalised_exact,2015,45,58070,58102,116172,0,0,0,58070,58102,116172,3297,0,3297,35.24,0.0
GERALDTON,GET,Geraldton,Western Australia,114.702432,-28.796043,1,normalised_exact,2016,43,58081,59472,117553,0,0,0,58081,59472,117553,2496,0,2496,47.1,0.0
GERALDTON,GET,Geraldton,Western Australia,114.702432,-28.796043,1,normalised_exact,2017,45,55320,56544,111864,0,0,0,55320,56544,111864,2309,0,2309,48.45,0.0
GERALDTON,GET,Geraldton,Western Australia,114.702432,-28.796043,1,normalised_exact,2018,44,55235,58099,113334,0,0,0,55235,58099,113334,2251,0,2251,50.35,0.0
GERALDTON,GET,Geraldton,Western Australia,114.702432,-28.796043,1,normalised_exact,2019,45,53195,53498,106693,0,0,0,53195,53498,106693,1714,0,1714,62.25,0.0
GERALDTON,GET,Geraldton,Western Australia,114.702432,-28.796043,1,normalised_exact,2020,,21037,21283,42320,0,0,0,21037,21283,42320,753,0,753,56.2,0.0
GERALDTON,GET,Geraldton,Western Australia,114.702432,-28.796043,1,normalised_exact,2021,38,36872,38185,75057,0,0,0,36872,38185,75057,1230,0,1230,61.02,0.0
GERALDTON,GET,Geraldton,Western Australia,114.702432,-28.796043,1,normalised_exact,2022,50,40002,40204,80206,0,0,0,40002,40204,80206,1061,0,1061,75.59,0.0
GERALDTON,GET,Geraldton,Western Australia,114.702432,-28.796043,1,normalised_exact,2023,49,47170,48144,95314,0,0,0,47170,48144,95314,1747,0,1747,54.56,0.0
GERALDTON,GET,Geraldton,Western Australia,114.702432,-28.796043,1,normalised_exact,2024,42,58628,60351,118979,0,0,0,58628,60351,118979,2786,0,2786,42.71,0.0
GERALDTON,GET,Geraldton,Western Australia,114.702432,-28.796043,1,normalised_exact,2025,42,63841,65531,129372,0,0,0,63841,65531,129372,2740,0,2740,47.22,0.0
GLADSTONE,GLT,Gladstone,Queensland,151.223797,-23.871397,1,normalised_exact,1985,39,34050,34548,68598,0,0,0,34050,34548,68598,4903,0,4903,13.99,0.0
GLADSTONE,GLT,Gladstone,Queensland,151.223797,-23.871397,1,normalised_exact,1986,39,32435,34062,66497,0,0,0,32435,34062,66497,4598,0,4598,14.46,0.0
GLADSTONE,GLT,Gladstone,Queensland,151.223797,-23.871397,1,normalised_exact,1987,39,30483,31554,62037,0,0,0,30483,31554,62037,5462,0,5462,11.36,0.0
GLADSTONE,GLT,Gladstone,Queensland,151.223797,-23.871397,1,normalised_exact,1988,38,31629,33214,64843,0,0,0,31629,33214,64843,6074,0,6074,10.68,0.0
GLADSTONE,GLT,Gladstone,Queensland,151.223797,-23.871397,1,normalised_exact,1989,33,28215,29335,57550,0,0,0,28215,29335,57550,6356,0,6356,9.05,0.0
GLADSTONE,GLT,Gladstone,Queensland,151.223797,-23.871397,1,normalised_exact,1990,35,29968,30766,60734,0,0,0,29968,30766,60734,6266,0,6266,9.69,0.0
GLADSTONE,GLT,Gladstone,Queensland,151.223797,-23.871397,1,normalised_exact,1991,31,37719,39065,76784,0,0,0,37719,39065,76784,9037,0,9037,8.5,0.0
GLADSTONE,GLT,Gladstone,Queensland,151.223797,-23.871397,1,normalised_exact,1992,30,41899,43375,85274,0,0,0,41899,43375,85274,8376,0,8376,10.18,0.0
GLADSTONE,GLT,Gladstone,Queensland,151.223797,-23.871397,1,normalised_exact,1993,28,47106,48228,95334,0,0,0,47106,48228,95334,8138,0,8138,11.71,0.0
GLADSTONE,GLT,Gladstone,Queensland,151.223797,-23.871397,1,normalised_exact,1994,30,47909,48681,96590,0,0,0,47909,48681,96590,8397,0,8397,11.5,0.0
GLADSTONE,GLT,Gladstone,Queensland,151.223797,-23.871397,1,normalised_exact,1995,32,50587,51088,101675,0,0,0,50587,51088,101675,7834,0,7834,12.98,0.0
GLADSTONE,GLT,Gladstone,Queensland,151.223797,-23.871397,1,normalised_exact,1996,31,52760,53063,105823,0,0,0,52760,53063,105823,8003,0,8003,13.22,0.0
GLADSTONE,GLT,Gladstone,Queensland,151.223797,-23.871397,1,normalised_exact,1997,32,51939,52415,104354,0,0,0,51939,52415,104354,7749,0,7749,13.47,0.0
GLADSTONE,GLT,Gladstone,Queensland,151.223797,-23.871397,1,normalised_exact,1998,33,51833,52328,104161,0,0,0,51833,52328,104161,7202,0,7202,14.46,0.0
GLADSTONE,GLT,Gladstone,Queensland,151.223797,-23.871397,1,normalised_exact,1999,33,51748,52673,104421,0,0,0,51748,52673,104421,7516,0,7516,13.89,0.0
GLADSTONE,GLT,Gladstone,Queensland,151.223797,-23.871397,1,normalised_exact,2000,31,51720,52380,104100,0,0,0,51720,52380,104100,7178,0,7178,14.5,0.0
GLADSTONE,GLT,Gladstone,Queensland,151.223797,-23.871397,1,normalised_exact,2001,31,46442,46979,93421,0,0,0,46442,46979,93421,5690,0,5690,16.42,0.0
GLADSTONE,GLT,Gladstone,Queensland,151.223797,-23.871397,1,normalised_exact,2002,24,63280,64650,127930,0,0,0,63280,64650,127930,6207,0,6207,20.61,0.0
GLADSTONE,GLT,Gladstone,Queensland,151.223797,-23.871397,1,normalised_exact,2003,25,64574,66971,131545,0,0,0,64574,66971,131545,5975,0,5975,22.02,0.0
GLADSTONE,GLT,Gladstone,Queensland,151.223797,-23.871397,1,normalised_exact,2004,30,66768,69674,136442,0,0,0,66768,69674,136442,5487,0,5487,24.87,0.0
GLADSTONE,GLT,Gladstone,Queensland,151.223797,-23.871397,1,normalised_exact,2005,30,73645,75726,149371,0,0,0,73645,75726,149371,5353,0,5353,27.9,0.0
GLADSTONE,GLT,Gladstone,Queensland,151.223797,-23.871397,1,normalised_exact,2006,28,85720,87605,173325,0,0,0,85720,87605,173325,5447,0,5447,31.82,0.0
GLADSTONE,GLT,Gladstone,Queensland,151.223797,-23.871397,1,normalised_exact,2007,29,97649,101469,199118,0,0,0,97649,101469,199118,5374,0,5374,37.05,0.0
GLADSTONE,GLT,Gladstone,Queensland,151.223797,-23.871397,1,normalised_exact,2008,30,98289,99727,198016,0,0,0,98289,99727,198016,4963,0,4963,39.9,0.0
GLADSTONE,GLT,Gladstone,Queensland,151.223797,-23.871397,1,normalised_exact,2009,32,87737,89191,176928,0,0,0,87737,89191,176928,4860,0,4860,36.4,0.0
GLADSTONE,GLT,Gladstone,Queensland,151.223797,-23.871397,1,normalised_exact,2010,33,98965,100646,199611,0,0,0,98965,100646,199611,5123,0,5123,38.96,0.0
GLADSTONE,GLT,Gladstone,Queensland,151.223797,-23.871397,1,normalised_exact,2011,25,147733,149964,297697,0,0,0,147733,149964,297697,6551,0,6551,45.44,0.0
GLADSTONE,GLT,Gladstone,Queensland,151.223797,-23.871397,1,normalised_exact,2012,21,208435,209749,418184,0,0,0,208435,209749,418184,8889,0,8889,47.05,0.0
GLADSTONE,GLT,Gladstone,Queensland,151.223797,-23.871397,1,normalised_exact,2013,19,246428,248354,494782,0,0,0,246428,248354,494782,10496,0,10496,47.14,0.0
GLADSTONE,GLT,Gladstone,Queensland,151.223797,-23.871397,1,normalised_exact,2014,21,236265,237409,473674,0,0,0,236265,237409,473674,10379,0,10379,45.64,0.0
GLADSTONE,GLT,Gladstone,Queensland,151.223797,-23.871397,1,normalised_exact,2015,22,198561,207198,405759,0,0,0,198561,207198,405759,8537,0,8537,47.53,0.0
GLADSTONE,GLT,Gladstone,Queensland,151.223797,-23.871397,1,normalised_exact,2016,26,164168,167065,331233,0,0,0,164168,167065,331233,7217,0,7217,45.9,0.0
GLADSTONE,GLT,Gladstone,Queensland,151.223797,-23.871397,1,normalised_exact,2017,27,140430,141404,281834,0,0,0,140430,141404,281834,5257,0,5257,53.61,0.0
GLADSTONE,GLT,Gladstone,Queensland,151.223797,-23.871397,1,normalised_exact,2018,29,126081,127127,253208,0,0,0,126081,127127,253208,4757,0,4757,53.23,0.0
GLADSTONE,GLT,Gladstone,Queensland,151.223797,-23.871397,1,normalised_exact,2019,29,123544,124291,247835,0,0,0,123544,124291,247835,4941,0,4941,50.16,0.0
GLADSTONE,GLT,Gladstone,Queensland,151.223797,-23.871397,1,normalised_exact,2020,29,54843,55149,109992,0,0,0,54843,55149,109992,2806,0,2806,39.2,0.0
GLADSTONE,GLT,Gladstone,Queensland,151.223797,-23.871397,1,normalised_exact,2021,29,69857,70934,140791,0,0,0,69857,70934,140791,3470,0,3470,40.57,0.0
GLADSTONE,GLT,Gladstone,Queensland,151.223797,-23.871397,1,normalised_exact,2022,31,96035,97456,193491,0,0,0,96035,97456,193491,3720,0,3720,52.01,0.0
GLADSTONE,GLT,Gladstone,Queensland,151.223797,-23.871397,1,normalised_exact,2023,31,112919,114395,227314,0,0,0,112919,114395,227314,4426,0,4426,51.36,0.0
GLADSTONE,GLT,Gladstone,Queensland,151.223797,-23.871397,1,normalised_exact,2024,31,116844,117088,233932,0,0,0,116844,117088,233932,3983,0,3983,58.73,0.0
GLADSTONE,GLT,Gladstone,Queensland,151.223797,-23.871397,1,normalised_exact,2025,33,109095,109111,218206,0,0,0,109095,109111,218206,3743,0,3743,58.3,0.0
GOLD COAST,OOL,Gold Coast,Queensland,153.512467,-28.166038,1,normalised_exact,1985,8,346356,367784,714140,0,0,0,346356,367784,714140,13651,0,13651,52.31,0.0
GOLD COAST,OOL,Gold Coast,Queensland,153.512467,-28.166038,1,normalised_exact,1986,8,411045,444893,855938,0,0,0,411045,444893,855938,14583,0,14583,58.69,0.0
GOLD COAST,OOL,Gold Coast,Queensland,153.512467,-28.166038,1,normalised_exact,1987,7,481171,534630,1015801,0,0,0,481171,534630,1015801,18675,0,18675,54.39,0.0
GOLD COAST,OOL,Gold Coast,Queensland,153.512467,-28.166038,1,normalised_exact,1988,6,604153,683327,1287480,0,0,0,604153,683327,1287480,21070,0,21070,61.1,0.0
GOLD COAST,OOL,Gold Coast,Queensland,153.512467,-28.166038,1,normalised_exact,1989,7,365911,414323,780234,0,0,0,365911,414323,780234,17760,0,17760,43.93,0.0
GOLD COAST,OOL,Gold Coast,Queensland,153.512467,-28.166038,1,normalised_exact,1990,8,461781,520135,981916,0,0,0,461781,520135,981916,19507,0,19507,50.34,0.0
GOLD COAST,OOL,Gold Coast,Queensland,153.512467,-28.166038,1,normalised_exact,1991,7,619393,673999,1293392,0,0,0,619393,673999,1293392,26648,0,26648,48.54,0.0
GOLD COAST,OOL,Gold Coast,Queensland,153.512467,-28.166038,1,normalised_exact,1992,7,722695,805293,1527988,0,0,0,722695,805293,1527988,25505,0,25505,59.91,0.0
GOLD COAST,OOL,Gold Coast,Queensland,153.512467,-28.166038,1,normalised_exact,1993,7,764843,854464,1619307,0,0,0,764843,854464,1619307,27257,0,27257,59.41,0.0
GOLD COAST,OOL,Gold Coast,Queensland,153.512467,-28.166038,1,normalised_exact,1994,7,860905,957786,1818691,0,0,0,860905,957786,1818691,26783,0,26783,67.9,0.0
GOLD COAST,OOL,Gold Coast,Queensland,153.512467,-28.166038,1,normalised_exact,1995,7,931957,1007862,1939819,0,0,0,931957,1007862,1939819,26402,0,26402,73.47,0.0
GOLD COAST,OOL,Gold Coast,Queensland,153.512467,-28.166038,1,normalised_exact,1996,7,947787,1041532,1989319,214,249,463,948001,1041781,1989782,26349,6,26355,75.5,0.00023
GOLD COAST,OOL,Gold Coast,Queensland,153.512467,-28.166038,1,normalised_exact,1997,7,896956,980845,1877801,6769,7053,13822,903725,987898,1891623,22386,144,22530,83.96,0.00731
GOLD COAST,OOL,Gold Coast,Queensland,153.512467,-28.166038,1,normalised_exact,1998,7,888887,951309,1840196,7534,6985,14519,896421,958294,1854715,22144,162,22306,83.15,0.00783
GOLD COAST,OOL,Gold Coast,Queensland,153.512467,-28.166038,1,normalised_exact,1999,8,919680,963016,1882696,8722,8201,16923,928402,971217,1899619,21735,156,21891,86.78,0.00891
GOLD COAST,OOL,Gold Coast,Queensland,153.512467,-28.166038,1,normalised_exact,2000,8,915759,941813,1857572,14598,13540,28138,930357,955353,1885710,20591,294,20885,90.29,0.01492
GOLD COAST,OOL,Gold Coast,Queensland,153.512467,-28.166038,1,normalised_exact,2001,8,884621,907430,1792051,20931,20650,41581,905552,928080,1833632,17903,447,18350,99.93,0.02268
GOLD COAST,OOL,Gold Coast,Queensland,153.512467,-28.166038,1,normalised_exact,2002,7,937304,950530,1887834,56816,56311,113127,994120,1006841,2000961,18054,1147,19201,104.21,0.05654
GOLD COAST,OOL,Gold Coast,Queensland,153.512467,-28.166038,1,normalised_exact,2003,7,1055312,1061213,2116525,70007,68931,138938,1125319,1130144,2255463,17491,1964,19455,115.93,0.0616
GOLD COAST,OOL,Gold Coast,Queensland,153.512467,-28.166038,1,normalised_exact,2004,7,1335033,1342787,2677820,67554,68854,136408,1402587,1411641,2814228,23007,1920,24927,112.9,0.04847
GOLD COAST,OOL,Gold Coast,Queensland,153.512467,-28.166038,1,normalised_exact,2005,7,1621003,1611941,3232944,100791,102732,203523,1721794,1714673,3436467,25384,2602,27986,122.79,0.05922
GOLD COAST,OOL,Gold Coast,Queensland,153.512467,-28.166038,1,normalised_exact,2006,7,1705153,1718205,3423358,96136,97305,193441,1801289,1815510,3616799,25104,2101,27205,132.95,0.05348
GOLD COAST,OOL,Gold Coast,Queensland,153.512467,-28.166038,1,normalised_exact,2007,6,1867501,1868325,3735826,104756,106006,210762,1972257,1974331,3946588,26646,1686,28332,139.3,0.0534
GOLD COAST,OOL,Gold Coast,Queensland,153.512467,-28.166038,1,normalised_exact,2008,6,2090725,2092627,4183352,172896,166248,339144,2263621,2258875,4522496,30423,2578,33001,137.04,0.07499
GOLD COAST,OOL,Gold Coast,Queensland,153.512467,-28.166038,1,normalised_exact,2009,6,2125869,2120567,4246436,315638,320694,636332,2441507,2441261,4882768,28955,4147,33102,147.51,0.13032
GOLD COAST,OOL,Gold Coast,Queensland,153.512467,-28.166038,1,normalised_exact,2010,6,2368125,2361826,4729951,384901,401768,786669,2753026,2763594,5516620,33197,4480,37677,146.42,0.1426
GOLD COAST,OOL,Gold Coast,Queensland,153.512467,-28.166038,1,normalised_exact,2011,6,2292296,2289004,4581300,356305,359558,715863,2648601,2648562,5297163,31985,4039,36024,147.05,0.13514
GOLD COAST,OOL,Gold Coast,Queensland,153.512467,-28.166038,1,normalised_exact,2012,6,2424806,2430079,4854885,409401,415023,824424,2834207,2845102,5679309,33831,4460,38291,148.32,0.14516
GOLD COAST,OOL,Gold Coast,Queensland,153.512467,-28.166038,1,normalised_exact,2013,6,2443017,2459252,4902269,433165,431740,864905,2876182,2890992,5767174,34108,4582,38690,149.06,0.14997
GOLD COAST,OOL,Gold Coast,Queensland,153.512467,-28.166038,1,normalised_exact,2014,6,2467494,2480359,4947853,445016,435955,880971,2912510,2916314,5828824,34126,4647,38773,150.33,0.15114
GOLD COAST,OOL,Gold Coast,Queensland,153.512467,-28.166038,1,normalised_exact,2015,6,2534979,2546412,5081391,478806,464161,942967,3013785,3010573,6024358,34694,5144,39838,151.22,0.15653
GOLD COAST,OOL,Gold Coast,Queensland,153.512467,-28.166038,1,normalised_exact,2016,6,2644966,2672791,5317757,562700,530858,1093558,3207666,3203649,6411315,35975,6501,42476,150.94,0.17057
GOLD COAST,OOL,Gold Coast,Queensland,153.512467,-28.166038,1,normalised_exact,2017,6,2692636,2706349,5398985,555640,524458,1080098,3248276,3230807,6479083,35619,6661,42280,153.24,0.16671
GOLD COAST,OOL,Gold Coast,Queensland,153.512467,-28.166038,1,normalised_exact,2018,6,2724535,2736649,5461184,519417,505781,1025198,3243952,3242430,6486382,35271,6180,41451,156.48,0.15805
GOLD COAST,OOL,Gold Coast,Queensland,153.512467,-28.166038,1,normalised_exact,2019,6,2766244,2777364,5543608,476535,464460,940995,3242779,3241824,6484603,35464,5049,40513,160.06,0.14511
GOLD COAST,OOL,Gold Coast,Queensland,153.512467,-28.166038,1,normalised_exact,2020,6,751188,763284,1514472,109436,98308,207744,860624,861592,1722216,10712,1213,11925,144.42,0.12063
GOLD COAST,OOL,Gold Coast,Queensland,153.512467,-28.166038,1,normalised_exact,2021,7,1021762,1017050,2038812,21660,22584,44244,1043422,1039634,2083056,17402,451,17853,116.68,0.02124
GOLD COAST,OOL,Gold Coast,Queensland,153.512467,-28.166038,1,normalised_exact,2022,6,2655952,2661543,5317495,197126,194066,391192,2853078,2855609,5708687,36133,2184,38317,148.99,0.06853
GOLD COAST,OOL,Gold Coast,Queensland,153.512467,-28.166038,1,normalised_exact,2023,6,2721684,2717862,5439546,401705,388919,790624,3123389,3106781,6230170,34980,4432,39412,158.08,0.1269
GOLD COAST,OOL,Gold Coast,Queensland,153.512467,-28.166038,1,normalised_exact,2024,6,2788358,2789524,5577882,318169,310165,628334,3106527,3099689,6206216,35127,3860,38987,159.19,0.10124
GOLD COAST,OOL,Gold Coast,Queensland,153.512467,-28.166038,1,normalised_exact,2025,6,2755527,2744357,5499884,360653,354110,714763,3116180,3098467,6214647,34609,4357,38966,159.49,0.11501
GOVE,GOV,Gove,Northern Territory,136.822422,-12.269843,1,normalised_exact,1985,33,38023,37513,75536,0,0,0,38023,37513,75536,2490,0,2490,30.34,0.0
GOVE,GOV,Gove,Northern Territory,136.822422,-12.269843,1,normalised_exact,1986,30,42496,42494,84990,0,0,0,42496,42494,84990,2423,0,2423,35.08,0.0
GOVE,GOV,Gove,Northern Territory,136.822422,-12.269843,1,normalised_exact,1987,27,44999,44260,89259,0,0,0,44999,44260,89259,2817,0,2817,31.69,0.0
GOVE,GOV,Gove,Northern Territory,136.822422,-12.269843,1,normalised_exact,1988,26,46975,46324,93299,0,0,0,46975,46324,93299,2947,0,2947,31.66,0.0
GOVE,GOV,Gove,Northern Territory,136.822422,-12.269843,1,normalised_exact,1989,30,31832,31000,62832,0,0,0,31832,31000,62832,2376,0,2376,26.44,0.0
GOVE,GOV,Gove,Northern Territory,136.822422,-12.269843,1,normalised_exact,1990,26,44588,43856,88444,0,0,0,44588,43856,88444,3234,0,3234,27.35,0.0
GOVE,GOV,Gove,Northern Territory,136.822422,-12.269843,1,normalised_exact,1991,27,49414,49333,98747,0,0,0,49414,49333,98747,3809,0,3809,25.92,0.0
GOVE,GOV,Gove,Northern Territory,136.822422,-12.269843,1,normalised_exact,1992,27,49292,49255,98547,0,0,0,49292,49255,98547,3884,0,3884,25.37,0.0
GOVE,GOV,Gove,Northern Territory,136.822422,-12.269843,1,normalised_exact,1993,34,39739,39642,79381,0,0,0,39739,39642,79381,3329,0,3329,23.85,0.0
GOVE,GOV,Gove,Northern Territory,136.822422,-12.269843,1,normalised_exact,1994,35,42755,43206,85961,0,0,0,42755,43206,85961,3488,0,3488,24.64,0.0
GOVE,GOV,Gove,Northern Territory,136.822422,-12.269843,1,normalised_exact,1995,28,59487,59484,118971,0,0,0,59487,59484,118971,4312,0,4312,27.59,0.0
GOVE,GOV,Gove,Northern Territory,136.822422,-12.269843,1,normalised_exact,1996,24,75826,74361,150187,0,0,0,75826,74361,150187,5099,0,5099,29.45,0.0
GOVE,GOV,Gove,Northern Territory,136.822422,-12.269843,1,normalised_exact,1997,24,75195,75612,150807,0,0,0,75195,75612,150807,4935,0,4935,30.56,0.0
GOVE,GOV,Gove,Northern Territory,136.822422,-12.269843,1,normalised_exact,1998,24,74769,74991,149760,0,0,0,74769,74991,149760,5112,0,5112,29.3,0.0
GOVE,GOV,Gove,Northern Territory,136.822422,-12.269843,1,normalised_exact,1999,23,84424,84878,169302,0,0,0,84424,84878,169302,5282,0,5282,32.05,0.0
GOVE,GOV,Gove,Northern Territory,136.822422,-12.269843,1,normalised_exact,2000,22,90627,91085,181712,0,0,0,90627,91085,181712,5320,0,5320,34.16,0.0
GOVE,GOV,Gove,Northern Territory,136.822422,-12.269843,1,normalised_exact,2001,25,76928,61434,138362,0,0,0,76928,61434,138362,4965,0,4965,27.87,0.0
GOVE,GOV,Gove,Northern Territory,136.822422,-12.269843,1,normalised_exact,2002,29,50496,50776,101272,0,0,0,50496,50776,101272,3837,0,3837,26.39,0.0
GOVE,GOV,Gove,Northern Territory,136.822422,-12.269843,1,normalised_exact,2003,31,49210,49739,98949,0,0,0,49210,49739,98949,4102,0,4102,24.12,0.0
GOVE,GOV,Gove,Northern Territory,136.822422,-12.269843,1,normalised_exact,2004,34,48336,48436,96772,0,0,0,48336,48436,96772,4530,0,4530,21.36,0.0
GOVE,GOV,Gove,Northern Territory,136.822422,-12.269843,1,normalised_exact,2005,35,52405,51257,103662,0,0,0,52405,51257,103662,3765,0,3765,27.53,0.0
GOVE,GOV,Gove,Northern Territory,136.822422,-12.269843,1,normalised_exact,2006,35,59163,58735,117898,0,0,0,59163,58735,117898,3453,0,3453,34.14,0.0
GOVE,GOV,Gove,Northern Territory,136.822422,-12.269843,1,normalised_exact,2007,35,63099,63249,126348,0,0,0,63099,63249,126348,3120,0,3120,40.5,0.0
GOVE,GOV,Gove,Northern Territory,136.822422,-12.269843,1,normalised_exact,2008,37,64902,65084,129986,0,0,0,64902,65084,129986,3230,0,3230,40.24,0.0
GOVE,GOV,Gove,Northern Territory,136.822422,-12.269843,1,normalised_exact,2009,42,55414,55978,111392,0,0,0,55414,55978,111392,3198,0,3198,34.83,0.0
GOVE,GOV,Gove,Northern Territory,136.822422,-12.269843,1,normalised_exact,2010,42,53988,54112,108100,0,0,0,53988,54112,108100,2714,0,2714,39.83,0.0
GOVE,GOV,Gove,Northern Territory,136.822422,-12.269843,1,normalised_exact,2011,44,51267,51452,102719,0,0,0,51267,51452,102719,2633,0,2633,39.01,0.0
GOVE,GOV,Gove,Northern Territory,136.822422,-12.269843,1,normalised_exact,2012,46,51646,51950,103596,0,0,0,51646,51950,103596,2711,0,2711,38.21,0.0
GOVE,GOV,Gove,Northern Territory,136.822422,-12.269843,1,normalised_exact,2013,45,54258,54360,108618,0,0,0,54258,54360,108618,2702,0,2702,40.2,0.0
GOVE,GOV,Gove,Northern Territory,136.822422,-12.269843,1,normalised_exact,2014,48,39987,40699,80686,0,0,0,39987,40699,80686,2342,0,2342,34.45,0.0
GOVE,GOV,Gove,Northern Territory,136.822422,-12.269843,1,normalised_exact,2015,57,28971,28822,57793,0,0,0,28971,28822,57793,1892,0,1892,30.55,0.0
GOVE,GOV,Gove,Northern Territory,136.822422,-12.269843,1,normalised_exact,2016,56,28989,27823,56812,0,0,0,28989,27823,56812,1977,0,1977,28.74,0.0
GOVE,GOV,Gove,Northern Territory,136.822422,-12.269843,1,normalised_exact,2017,59,30203,28897,59100,0,0,0,30203,28897,59100,2106,0,2106,28.06,0.0
GOVE,GOV,Gove,Northern Territory,136.822422,-12.269843,1,normalised_exact,2018,61,29209,28405,57614,0,0,0,29209,28405,57614,1904,0,1904,30.26,0.0
GOVE,GOV,Gove,Northern Territory,136.822422,-12.269843,1,normalised_exact,2019,61,29523,28575,58098,0,0,0,29523,28575,58098,1911,0,1911,30.4,0.0
GOVE,GOV,Gove,Northern Territory,136.822422,-12.269843,1,normalised_exact,2020,,15761,16046,31807,0,0,0,15761,16046,31807,1485,0,1485,21.42,0.0
GOVE,GOV,Gove,Northern Territory,136.822422,-12.269843,1,normalised_exact,2021,,21757,22378,44135,0,0,0,21757,22378,44135,1567,0,1567,28.17,0.0
GOVE,GOV,Gove,Northern Territory,136.822422,-12.269843,1,normalised_exact,2022,55,30328,30327,60655,0,0,0,30328,30327,60655,1630,0,1630,37.21,0.0
GOVE,GOV,Gove,Northern Territory,136.822422,-12.269843,1,normalised_exact,2023,55,33614,33150,66764,0,0,0,33614,33150,66764,1779,0,1779,37.53,0.0
GOVE,GOV,Gove,Northern Territory,136.822422,-12.269843,1,normalised_exact,2024,55,34967,35029,69996,0,0,0,34967,35029,69996,1904,0,1904,36.76,0.0
GOVE,GOV,Gove,Northern Territory,136.822422,-12.269843,1,normalised_exact,2025,56,34567,34430,68997,0,0,0,34567,34430,68997,1876,0,1876,36.78,0.0
GRIFFITH,GFF,Griffith,New South Wales,146.06246,-34.25527,1,normalised_exact,1985,,17291,16734,34025,0,0,0,17291,16734,34025,1042,0,1042,32.65,0.0
GRIFFITH,GFF,Griffith,New South Wales,146.06246,-34.25527,1,normalised_exact,1986,,17892,17042,34934,0,0,0,17892,17042,34934,1327,0,1327,26.33,0.0
GRIFFITH,GFF,Griffith,New South Wales,146.06246,-34.25527,1,normalised_exact,1987,,16686,15997,32683,0,0,0,16686,15997,32683,1240,0,1240,26.36,0.0
GRIFFITH,GFF,Griffith,New South Wales,146.06246,-34.25527,1,normalised_exact,1988,,17357,16646,34003,0,0,0,17357,16646,34003,1054,0,1054,32.26,0.0
GRIFFITH,GFF,Griffith,New South Wales,146.06246,-34.25527,1,normalised_exact,1989,,12078,11605,23683,0,0,0,12078,11605,23683,900,0,900,26.31,0.0
GRIFFITH,GFF,Griffith,New South Wales,146.06246,-34.25527,1,normalised_exact,1990,,9964,9984,19948,0,0,0,9964,9984,19948,2237,0,2237,8.92,0.0
GRIFFITH,GFF,Griffith,New South Wales,146.06246,-34.25527,1,normalised_exact,1991,,9563,9423,18986,0,0,0,9563,9423,18986,2402,0,2402,7.9,0.0
GRIFFITH,GFF,Griffith,New South Wales,146.06246,-34.25527,1,normalised_exact,1992,,10113,9924,20037,0,0,0,10113,9924,20037,2422,0,2422,8.27,0.0
GRIFFITH,GFF,Griffith,New South Wales,146.06246,-34.25527,1,normalised_exact,1993,,11517,11160,22677,0,0,0,11517,11160,22677,2043,0,2043,11.1,0.0
GRIFFITH,GFF,Griffith,New South Wales,146.06246,-34.25527,1,normalised_exact,1994,,13246,13091,26337,0,0,0,13246,13091,26337,2339,0,2339,11.26,0.0
GRIFFITH,GFF,Griffith,New South Wales,146.06246,-34.25527,1,normalised_exact,1995,,13238,12988,26226,0,0,0,13238,12988,26226,2286,0,2286,11.47,0.0
GRIFFITH,GFF,Griffith,New South Wales,146.06246,-34.25527,1,normalised_exact,1996,,15423,15224,30647,0,0,0,15423,15224,30647,1932,0,1932,15.86,0.0
GRIFFITH,GFF,Griffith,New South Wales,146.06246,-34.25527,1,normalised_exact,1997,,16619,17049,33668,0,0,0,16619,17049,33668,2301,0,2301,14.63,0.0
GRIFFITH,GFF,Griffith,New South Wales,146.06246,-34.25527,1,normalised_exact,1998,,19173,19612,38785,0,0,0,19173,19612,38785,2864,0,2864,13.54,0.0
GRIFFITH,GFF,Griffith,New South Wales,146.06246,-34.25527,1,normalised_exact,1999,,19738,19868,39606,0,0,0,19738,19868,39606,2722,0,2722,14.55,0.0
GRIFFITH,GFF,Griffith,New South Wales,146.06246,-34.25527,1,normalised_exact,2000,,20082,20057,40139,0,0,0,20082,20057,40139,2736,0,2736,14.67,0.0
GRIFFITH,GFF,Griffith,New South Wales,146.06246,-34.25527,1,normalised_exact,2001,,17554,17376,34930,0,0,0,17554,17376,34930,2754,0,2754,12.68,0.0
GRIFFITH,GFF,Griffith,New South Wales,146.06246,-34.25527,1,normalised_exact,2002,,15975,15807,31782,0,0,0,15975,15807,31782,3054,0,3054,10.41,0.0
GRIFFITH,GFF,Griffith,New South Wales,146.06246,-34.25527,1,normalised_exact,2003,,17917,18080,35997,0,0,0,17917,18080,35997,3215,0,3215,11.2,0.0
GRIFFITH,GFF,Griffith,New South Wales,146.06246,-34.25527,1,normalised_exact,2004,,24410,24884,49294,0,0,0,24410,24884,49294,3484,0,3484,14.15,0.0
GRIFFITH,GFF,Griffith,New South Wales,146.06246,-34.25527,1,normalised_exact,2005,50,28276,28883,57159,0,0,0,28276,28883,57159,3237,0,3237,17.66,0.0
GRIFFITH,GFF,Griffith,New South Wales,146.06246,-34.25527,1,normalised_exact,2006,49,31098,31037,62135,0,0,0,31098,31037,62135,2885,0,2885,21.54,0.0
GRIFFITH,GFF,Griffith,New South Wales,146.06246,-34.25527,1,normalised_exact,2007,48,37315,37529,74844,0,0,0,37315,37529,74844,3643,0,3643,20.54,0.0
GRIFFITH,GFF,Griffith,New South Wales,146.06246,-34.25527,1,normalised_exact,2008,52,33026,32824,65850,0,0,0,33026,32824,65850,3036,0,3036,21.69,0.0
GRIFFITH,GFF,Griffith,New South Wales,146.06246,-34.25527,1,normalised_exact,2009,52,30198,30067,60265,0,0,0,30198,30067,60265,3090,0,3090,19.5,0.0
GRIFFITH,GFF,Griffith,New South Wales,146.06246,-34.25527,1,normalised_exact,2010,48,34120,34278,68398,0,0,0,34120,34278,68398,3595,0,3595,19.03,0.0
GRIFFITH,GFF,Griffith,New South Wales,146.06246,-34.25527,1,normalised_exact,2011,54,33815,34230,68045,0,0,0,33815,34230,68045,3667,0,3667,18.56,0.0
GRIFFITH,GFF,Griffith,New South Wales,146.06246,-34.25527,1,normalised_exact,2012,56,32874,33113,65987,0,0,0,32874,33113,65987,3501,0,3501,18.85,0.0
GRIFFITH,GFF,Griffith,New South Wales,146.06246,-34.25527,1,normalised_exact,2013,55,31189,31512,62701,0,0,0,31189,31512,62701,3214,0,3214,19.51,0.0
GRIFFITH,GFF,Griffith,New South Wales,146.06246,-34.25527,1,normalised_exact,2014,54,31022,30927,61949,0,0,0,31022,30927,61949,3662,0,3662,16.92,0.0
GRIFFITH,GFF,Griffith,New South Wales,146.06246,-34.25527,1,normalised_exact,2015,56,30880,30383,61263,0,0,0,30880,30383,61263,3517,0,3517,17.42,0.0
GRIFFITH,GFF,Griffith,New South Wales,146.06246,-34.25527,1,normalised_exact,2016,52,32204,32277,64481,0,0,0,32204,32277,64481,3546,0,3546,18.18,0.0
GRIFFITH,GFF,Griffith,New South Wales,146.06246,-34.25527,1,normalised_exact,2017,53,33782,33750,67532,0,0,0,33782,33750,67532,3592,0,3592,18.8,0.0
GRIFFITH,GFF,Griffith,New South Wales,146.06246,-34.25527,1,normalised_exact,2018,55,35705,35688,71393,0,0,0,35705,35688,71393,3780,0,3780,18.89,0.0
GRIFFITH,GFF,Griffith,New South Wales,146.06246,-34.25527,1,normalised_exact,2019,53,38391,38324,76715,0,0,0,38391,38324,76715,4845,0,4845,15.83,0.0
GRIFFITH,GFF,Griffith,New South Wales,146.06246,-34.25527,1,normalised_exact,2020,,11430,11255,22685,0,0,0,11430,11255,22685,1679,0,1679,13.51,0.0
GRIFFITH,GFF,Griffith,New South Wales,146.06246,-34.25527,1,normalised_exact,2021,,13404,13672,27076,0,0,0,13404,13672,27076,1676,0,1676,16.16,0.0
GRIFFITH,GFF,Griffith,New South Wales,146.06246,-34.25527,1,normalised_exact,2022,54,33616,34048,67664,0,0,0,33616,34048,67664,3474,0,3474,19.48,0.0
GRIFFITH,GFF,Griffith,New South Wales,146.06246,-34.25527,1,normalised_exact,2023,53,36073,35844,71917,0,0,0,36073,35844,71917,3262,0,3262,22.05,0.0
GRIFFITH,GFF,Griffith,New South Wales,146.06246,-34.25527,1,normalised_exact,2024,56,33730,33919,67649,0,0,0,33730,33919,67649,2571,0,2571,26.31,0.0
GRIFFITH,GFF,Griffith,New South Wales,146.06246,-34.25527,1,normalised_exact,2025,53,37217,36675,73892,0,0,0,37217,36675,73892,2619,0,2619,28.21,0.0
GROOTE EYLANDT,,,,,,,unmatched,1985,,9946,9765,19711,0,0,0,9946,9765,19711,779,0,779,25.3,0.0
GROOTE EYLANDT,,,,,,,unmatched,1986,,10409,10512,20921,0,0,0,10409,10512,20921,747,0,747,28.01,0.0
GROOTE EYLANDT,,,,,,,unmatched,1987,,10590,10512,21102,0,0,0,10590,10512,21102,1055,0,1055,20.0,0.0
GROOTE EYLANDT,,,,,,,unmatched,1988,,12872,12716,25588,0,0,0,12872,12716,25588,843,0,843,30.35,0.0
GROOTE EYLANDT,,,,,,,unmatched,1989,,9759,9738,19497,0,0,0,9759,9738,19497,417,0,417,46.76,0.0
GROOTE EYLANDT,,,,,,,unmatched,1990,,13857,14003,27860,0,0,0,13857,14003,27860,544,0,544,51.21,0.0
GROOTE EYLANDT,,,,,,,unmatched,1991,,16859,17246,34105,0,0,0,16859,17246,34105,1026,0,1026,33.24,0.0
GROOTE EYLANDT,,,,,,,unmatched,1992,,15411,15409,30820,0,0,0,15411,15409,30820,914,0,914,33.72,0.0
GROOTE EYLANDT,,,,,,,unmatched,1993,,17799,17778,35577,0,0,0,17799,17778,35577,1034,0,1034,34.41,0.0
GROOTE EYLANDT,,,,,,,unmatched,1994,,17988,17589,35577,0,0,0,17988,17589,35577,1124,0,1124,31.65,0.0
GROOTE EYLANDT,,,,,,,unmatched,1995,,17758,17284,35042,0,0,0,17758,17284,35042,1286,0,1286,27.25,0.0
GROOTE EYLANDT,,,,,,,unmatched,1996,,23002,22427,45429,0,0,0,23002,22427,45429,1567,0,1567,28.99,0.0
GROOTE EYLANDT,,,,,,,unmatched,1997,,23179,23091,46270,0,0,0,23179,23091,46270,1799,0,1799,25.72,0.0
GROOTE EYLANDT,,,,,,,unmatched,1998,,22471,22692,45163,0,0,0,22471,22692,45163,1884,0,1884,23.97,0.0
GROOTE EYLANDT,,,,,,,unmatched,1999,,16112,16002,32114,0,0,0,16112,16002,32114,1977,0,1977,16.24,0.0
GROOTE EYLANDT,,,,,,,unmatched,2000,,9021,8547,17568,0,0,0,9021,8547,17568,1874,0,1874,9.37,0.0
GROOTE EYLANDT,,,,,,,unmatched,2001,,7932,7427,15359,0,0,0,7932,7427,15359,1762,0,1762,8.72,0.0
GROOTE EYLANDT,,,,,,,unmatched,2002,,6495,6190,12685,0,0,0,6495,6190,12685,1463,0,1463,8.67,0.0
GROOTE EYLANDT,,,,,,,unmatched,2003,,7287,7121,14408,0,0,0,7287,7121,14408,1558,0,1558,9.25,0.0
GROOTE EYLANDT,,,,,,,unmatched,2004,,7567,7211,14778,0,0,0,7567,7211,14778,2097,0,2097,7.05,0.0
GROOTE EYLANDT,,,,,,,unmatched,2005,,10964,10540,21504,0,0,0,10964,10540,21504,2089,0,2089,10.29,0.0
GROOTE EYLANDT,,,,,,,unmatched,2006,,13730,13486,27216,0,0,0,13730,13486,27216,2696,0,2696,10.09,0.0
GROOTE EYLANDT,,,,,,,unmatched,2007,,17410,16919,34329,0,0,0,17410,16919,34329,2991,0,2991,11.48,0.0
GROOTE EYLANDT,,,,,,,unmatched,2008,,18421,18106,36527,0,0,0,18421,18106,36527,2894,0,2894,12.62,0.0
GROOTE EYLANDT,,,,,,,unmatched,2009,,17785,17325,35110,0,0,0,17785,17325,35110,3010,0,3010,11.66,0.0
GROOTE EYLANDT,,,,,,,unmatched,2010,,16974,16930,33904,0,0,0,16974,16930,33904,2784,0,2784,12.18,0.0
GROOTE EYLANDT,,,,,,,unmatched,2011,,16476,16972,33448,0,0,0,16476,16972,33448,2721,0,2721,12.29,0.0
GROOTE EYLANDT,,,,,,,unmatched,2012,,17658,18152,35810,0,0,0,17658,18152,35810,2776,0,2776,12.9,0.0
GROOTE EYLANDT,,,,,,,unmatched,2013,,15945,16664,32609,0,0,0,15945,16664,32609,2652,0,2652,12.3,0.0
GROOTE EYLANDT,,,,,,,unmatched,2014,,11933,12764,24697,0,0,0,11933,12764,24697,1773,0,1773,13.93,0.0
GROOTE EYLANDT,,,,,,,unmatched,2015,,11277,11484,22761,0,0,0,11277,11484,22761,1321,0,1321,17.23,0.0
GROOTE EYLANDT,,,,,,,unmatched,2016,,10888,11335,22223,0,0,0,10888,11335,22223,1340,0,1340,16.58,0.0
GROOTE EYLANDT,,,,,,,unmatched,2017,,11862,10821,22683,0,0,0,11862,10821,22683,1319,0,1319,17.2,0.0
GROOTE EYLANDT,,,,,,,unmatched,2018,,13656,9952,23608,0,0,0,13656,9952,23608,1136,0,1136,20.78,0.0
GROOTE EYLANDT,,,,,,,unmatched,2019,,17427,9033,26460,0,0,0,17427,9033,26460,1214,0,1214,21.8,0.0
GROOTE EYLANDT,,,,,,,unmatched,2020,,8502,6967,15469,0,0,0,8502,6967,15469,932,0,932,16.6,0.0
GROOTE EYLANDT,,,,,,,unmatched,2021,,19945,20261,40206,0,0,0,19945,20261,40206,1493,0,1493,26.93,0.0
GROOTE EYLANDT,,,,,,,unmatched,2022,,23087,23777,46864,0,0,0,23087,23777,46864,1137,0,1137,41.22,0.0
GROOTE EYLANDT,,,,,,,unmatched,2023,64,24931,25089,50020,0,0,0,24931,25089,50020,1365,0,1365,36.64,0.0
GROOTE EYLANDT,,,,,,,unmatched,2024,,24096,24655,48751,0,0,0,24096,24655,48751,1327,0,1327,36.74,0.0
GROOTE EYLANDT,,,,,,,unmatched,2025,,24648,25014,49662,0,0,0,24648,25014,49662,1371,0,1371,36.22,0.0
HAMILTON ISLAND,HTI,Hamilton Island,Queensland,148.948958,-20.3518,1,normalised_exact,1985,43,26209,26140,52349,0,0,0,26209,26140,52349,1430,0,1430,36.61,0.0
HAMILTON ISLAND,HTI,Hamilton Island,Queensland,148.948958,-20.3518,1,normalised_exact,1986,34,39471,39625,79096,0,0,0,39471,39625,79096,2035,0,2035,38.87,0.0
HAMILTON ISLAND,HTI,Hamilton Island,Queensland,148.948958,-20.3518,1,normalised_exact,1987,21,76862,76239,153101,0,0,0,76862,76239,153101,2893,0,2893,52.92,0.0
HAMILTON ISLAND,HTI,Hamilton Island,Queensland,148.948958,-20.3518,1,normalised_exact,1988,19,90131,91452,181583,0,0,0,90131,91452,181583,3275,0,3275,55.45,0.0
HAMILTON ISLAND,HTI,Hamilton Island,Queensland,148.948958,-20.3518,1,normalised_exact,1989,18,61670,65055,126725,0,0,0,61670,65055,126725,2337,0,2337,54.23,0.0
HAMILTON ISLAND,HTI,Hamilton Island,Queensland,148.948958,-20.3518,1,normalised_exact,1990,16,89017,89854,178871,0,0,0,89017,89854,178871,2729,0,2729,65.54,0.0
HAMILTON ISLAND,HTI,Hamilton Island,Queensland,148.948958,-20.3518,1,normalised_exact,1991,15,104834,105272,210106,0,0,0,104834,105272,210106,3230,0,3230,65.05,0.0
HAMILTON ISLAND,HTI,Hamilton Island,Queensland,148.948958,-20.3518,1,normalised_exact,1992,15,109915,110146,220061,0,0,0,109915,110146,220061,2943,0,2943,74.77,0.0
HAMILTON ISLAND,HTI,Hamilton Island,Queensland,148.948958,-20.3518,1,normalised_exact,1993,15,133454,133001,266455,0,0,0,133454,133001,266455,3570,0,3570,74.64,0.0
HAMILTON ISLAND,HTI,Hamilton Island,Queensland,148.948958,-20.3518,1,normalised_exact,1994,14,155083,153559,308642,0,0,0,155083,153559,308642,4286,0,4286,72.01,0.0
HAMILTON ISLAND,HTI,Hamilton Island,Queensland,148.948958,-20.3518,1,normalised_exact,1995,15,153155,151903,305058,0,0,0,153155,151903,305058,4362,0,4362,69.94,0.0
HAMILTON ISLAND,HTI,Hamilton Island,Queensland,148.948958,-20.3518,1,normalised_exact,1996,17,150950,148648,299598,0,0,0,150950,148648,299598,4014,0,4014,74.64,0.0
HAMILTON ISLAND,HTI,Hamilton Island,Queensland,148.948958,-20.3518,1,normalised_exact,1997,16,150529,150332,300861,0,0,0,150529,150332,300861,3781,0,3781,79.57,0.0
HAMILTON ISLAND,HTI,Hamilton Island,Queensland,148.948958,-20.3518,1,normalised_exact,1998,16,149065,148994,298059,0,0,0,149065,148994,298059,3767,0,3767,79.12,0.0
HAMILTON ISLAND,HTI,Hamilton Island,Queensland,148.948958,-20.3518,1,normalised_exact,1999,15,156732,156979,313711,0,0,0,156732,156979,313711,3769,0,3769,83.23,0.0
HAMILTON ISLAND,HTI,Hamilton Island,Queensland,148.948958,-20.3518,1,normalised_exact,2000,15,162005,163094,325099,0,0,0,162005,163094,325099,4786,0,4786,67.93,0.0
HAMILTON ISLAND,HTI,Hamilton Island,Queensland,148.948958,-20.3518,1,normalised_exact,2001,16,137019,138708,275727,0,0,0,137019,138708,275727,4645,0,4645,59.36,0.0
HAMILTON ISLAND,HTI,Hamilton Island,Queensland,148.948958,-20.3518,1,normalised_exact,2002,16,133442,133421,266863,0,0,0,133442,133421,266863,3895,0,3895,68.51,0.0
HAMILTON ISLAND,HTI,Hamilton Island,Queensland,148.948958,-20.3518,1,normalised_exact,2003,18,156487,157161,313648,0,0,0,156487,157161,313648,4485,0,4485,69.93,0.0
HAMILTON ISLAND,HTI,Hamilton Island,Queensland,148.948958,-20.3518,1,normalised_exact,2004,18,174826,176782,351608,0,0,0,174826,176782,351608,4472,0,4472,78.62,0.0
HAMILTON ISLAND,HTI,Hamilton Island,Queensland,148.948958,-20.3518,1,normalised_exact,2005,18,193667,196490,390157,0,0,0,193667,196490,390157,4326,0,4326,90.19,0.0
HAMILTON ISLAND,HTI,Hamilton Island,Queensland,148.948958,-20.3518,1,normalised_exact,2006,18,229232,231514,460746,0,0,0,229232,231514,460746,4605,0,4605,100.05,0.0
HAMILTON ISLAND,HTI,Hamilton Island,Queensland,148.948958,-20.3518,1,normalised_exact,2007,18,233654,234616,468270,0,0,0,233654,234616,468270,4523,0,4523,103.53,0.0
HAMILTON ISLAND,HTI,Hamilton Island,Queensland,148.948958,-20.3518,1,normalised_exact,2008,19,221096,223391,444487,0,0,0,221096,223391,444487,4111,0,4111,108.12,0.0
HAMILTON ISLAND,HTI,Hamilton Island,Queensland,148.948958,-20.3518,1,normalised_exact,2009,19,226933,229505,456438,0,0,0,226933,229505,456438,3981,0,3981,114.65,0.0
HAMILTON ISLAND,HTI,Hamilton Island,Queensland,148.948958,-20.3518,1,normalised_exact,2010,19,237910,239165,477075,0,0,0,237910,239165,477075,4266,0,4266,111.83,0.0
HAMILTON ISLAND,HTI,Hamilton Island,Queensland,148.948958,-20.3518,1,normalised_exact,2011,19,225345,227083,452428,0,0,0,225345,227083,452428,4141,0,4141,109.26,0.0
HAMILTON ISLAND,HTI,Hamilton Island,Queensland,148.948958,-20.3518,1,normalised_exact,2012,20,220664,220023,440687,0,0,0,220664,220023,440687,3810,0,3810,115.67,0.0
HAMILTON ISLAND,HTI,Hamilton Island,Queensland,148.948958,-20.3518,1,normalised_exact,2013,21,232872,232428,465300,0,0,0,232872,232428,465300,3954,0,3954,117.68,0.0
HAMILTON ISLAND,HTI,Hamilton Island,Queensland,148.948958,-20.3518,1,normalised_exact,2014,20,243056,243449,486505,0,0,0,243056,243449,486505,4212,0,4212,115.5,0.0
HAMILTON ISLAND,HTI,Hamilton Island,Queensland,148.948958,-20.3518,1,normalised_exact,2015,19,243445,243041,486486,0,0,0,243445,243041,486486,4332,0,4332,112.3,0.0
HAMILTON ISLAND,HTI,Hamilton Island,Queensland,148.948958,-20.3518,1,normalised_exact,2016,18,274701,275121,549822,0,0,0,274701,275121,549822,5073,0,5073,108.38,0.0
HAMILTON ISLAND,HTI,Hamilton Island,Queensland,148.948958,-20.3518,1,normalised_exact,2017,21,210463,213088,423551,0,0,0,210463,213088,423551,4697,0,4697,90.17,0.0
HAMILTON ISLAND,HTI,Hamilton Island,Queensland,148.948958,-20.3518,1,normalised_exact,2018,21,212496,214888,427384,0,0,0,212496,214888,427384,4605,0,4605,92.81,0.0
HAMILTON ISLAND,HTI,Hamilton Island,Queensland,148.948958,-20.3518,1,normalised_exact,2019,21,225438,227108,452546,0,0,0,225438,227108,452546,4731,0,4731,95.66,0.0
HAMILTON ISLAND,HTI,Hamilton Island,Queensland,148.948958,-20.3518,1,normalised_exact,2020,23,92831,95941,188772,0,0,0,92831,95941,188772,1946,0,1946,97.01,0.0
HAMILTON ISLAND,HTI,Hamilton Island,Queensland,148.948958,-20.3518,1,normalised_exact,2021,21,163128,164033,327161,0,0,0,163128,164033,327161,3154,0,3154,103.73,0.0
HAMILTON ISLAND,HTI,Hamilton Island,Queensland,148.948958,-20.3518,1,normalised_exact,2022,17,249233,250819,500052,0,0,0,249233,250819,500052,4270,0,4270,117.11,0.0
HAMILTON ISLAND,HTI,Hamilton Island,Queensland,148.948958,-20.3518,1,normalised_exact,2023,20,247183,249408,496591,0,0,0,247183,249408,496591,3987,0,3987,124.55,0.0
HAMILTON ISLAND,HTI,Hamilton Island,Queensland,148.948958,-20.3518,1,normalised_exact,2024,20,242866,245674,488540,0,0,0,242866,245674,488540,3875,0,3875,126.07,0.0
HAMILTON ISLAND,HTI,Hamilton Island,Queensland,148.948958,-20.3518,1,normalised_exact,2025,20,246395,248229,494624,0,0,0,246395,248229,494624,3798,0,3798,130.23,0.0
HERVEY BAY,HVB,Hervey Bay,Queensland,152.885275,-25.320059,1,normalised_exact,1985,,1435,1613,3048,0,0,0,1435,1613,3048,603,0,603,5.05,0.0
HERVEY BAY,HVB,Hervey Bay,Queensland,152.885275,-25.320059,1,normalised_exact,1986,,1375,1631,3006,0,0,0,1375,1631,3006,636,0,636,4.73,0.0
HERVEY BAY,HVB,Hervey Bay,Queensland,152.885275,-25.320059,1,normalised_exact,1987,,1792,1695,3487,0,0,0,1792,1695,3487,1460,0,1460,2.39,0.0
HERVEY BAY,HVB,Hervey Bay,Queensland,152.885275,-25.320059,1,normalised_exact,1988,,2985,3162,6147,0,0,0,2985,3162,6147,1988,0,1988,3.09,0.0
HERVEY BAY,HVB,Hervey Bay,Queensland,152.885275,-25.320059,1,normalised_exact,1989,,3273,3225,6498,0,0,0,3273,3225,6498,1857,0,1857,3.5,0.0
HERVEY BAY,HVB,Hervey Bay,Queensland,152.885275,-25.320059,1,normalised_exact,1990,,4377,4575,8952,0,0,0,4377,4575,8952,2065,0,2065,4.34,0.0
HERVEY BAY,HVB,Hervey Bay,Queensland,152.885275,-25.320059,1,normalised_exact,1991,,5728,6019,11747,0,0,0,5728,6019,11747,2190,0,2190,5.36,0.0
HERVEY BAY,HVB,Hervey Bay,Queensland,152.885275,-25.320059,1,normalised_exact,1992,,8417,8640,17057,0,0,0,8417,8640,17057,3382,0,3382,5.04,0.0
HERVEY BAY,HVB,Hervey Bay,Queensland,152.885275,-25.320059,1,normalised_exact,1993,,12593,13061,25654,0,0,0,12593,13061,25654,4670,0,4670,5.49,0.0
HERVEY BAY,HVB,Hervey Bay,Queensland,152.885275,-25.320059,1,normalised_exact,1994,,20454,20501,40955,0,0,0,20454,20501,40955,4688,0,4688,8.74,0.0
HERVEY BAY,HVB,Hervey Bay,Queensland,152.885275,-25.320059,1,normalised_exact,1995,,20774,20521,41295,0,0,0,20774,20521,41295,3692,0,3692,11.18,0.0
HERVEY BAY,HVB,Hervey Bay,Queensland,152.885275,-25.320059,1,normalised_exact,1996,,20065,20282,40347,0,0,0,20065,20282,40347,3616,0,3616,11.16,0.0
HERVEY BAY,HVB,Hervey Bay,Queensland,152.885275,-25.320059,1,normalised_exact,1997,,20600,20777,41377,0,0,0,20600,20777,41377,3533,0,3533,11.71,0.0
HERVEY BAY,HVB,Hervey Bay,Queensland,152.885275,-25.320059,1,normalised_exact,1998,,20210,20335,40545,0,0,0,20210,20335,40545,3480,0,3480,11.65,0.0
HERVEY BAY,HVB,Hervey Bay,Queensland,152.885275,-25.320059,1,normalised_exact,1999,,21366,21557,42923,0,0,0,21366,21557,42923,3554,0,3554,12.08,0.0
HERVEY BAY,HVB,Hervey Bay,Queensland,152.885275,-25.320059,1,normalised_exact,2000,,20911,21346,42257,0,0,0,20911,21346,42257,3669,0,3669,11.52,0.0
HERVEY BAY,HVB,Hervey Bay,Queensland,152.885275,-25.320059,1,normalised_exact,2001,,17416,17960,35376,0,0,0,17416,17960,35376,3810,0,3810,9.29,0.0
HERVEY BAY,HVB,Hervey Bay,Queensland,152.885275,-25.320059,1,normalised_exact,2002,,14529,14529,29058,0,0,0,14529,14529,29058,2268,0,2268,12.81,0.0
HERVEY BAY,HVB,Hervey Bay,Queensland,152.885275,-25.320059,1,normalised_exact,2003,,14411,14460,28871,0,0,0,14411,14460,28871,2111,0,2111,13.68,0.0
HERVEY BAY,HVB,Hervey Bay,Queensland,152.885275,-25.320059,1,normalised_exact,2004,,16874,17104,33978,0,0,0,16874,17104,33978,2377,0,2377,14.29,0.0
HERVEY BAY,HVB,Hervey Bay,Queensland,152.885275,-25.320059,1,normalised_exact,2005,43,40292,40692,80984,0,0,0,40292,40692,80984,2963,0,2963,27.33,0.0
HERVEY BAY,HVB,Hervey Bay,Queensland,152.885275,-25.320059,1,normalised_exact,2006,29,84575,86185,170760,0,0,0,84575,86185,170760,3907,0,3907,43.71,0.0
HERVEY BAY,HVB,Hervey Bay,Queensland,152.885275,-25.320059,1,normalised_exact,2007,28,98356,101792,200148,0,0,0,98356,101792,200148,3052,0,3052,65.58,0.0
HERVEY BAY,HVB,Hervey Bay,Queensland,152.885275,-25.320059,1,normalised_exact,2008,28,106741,111211,217952,0,0,0,106741,111211,217952,3337,0,3337,65.31,0.0
HERVEY BAY,HVB,Hervey Bay,Queensland,152.885275,-25.320059,1,normalised_exact,2009,34,81529,83029,164558,0,0,0,81529,83029,164558,3060,0,3060,53.78,0.0
HERVEY BAY,HVB,Hervey Bay,Queensland,152.885275,-25.320059,1,normalised_exact,2010,37,75451,75122,150573,0,0,0,75451,75122,150573,2919,0,2919,51.58,0.0
HERVEY BAY,HVB,Hervey Bay,Queensland,152.885275,-25.320059,1,normalised_exact,2011,39,74628,74740,149368,0,0,0,74628,74740,149368,2937,0,2937,50.86,0.0
HERVEY BAY,HVB,Hervey Bay,Queensland,152.885275,-25.320059,1,normalised_exact,2012,39,75447,75742,151189,0,0,0,75447,75742,151189,2970,0,2970,50.91,0.0
HERVEY BAY,HVB,Hervey Bay,Queensland,152.885275,-25.320059,1,normalised_exact,2013,42,75280,75091,150371,0,0,0,75280,75091,150371,3006,0,3006,50.02,0.0
HERVEY BAY,HVB,Hervey Bay,Queensland,152.885275,-25.320059,1,normalised_exact,2014,41,79433,78600,158033,0,0,0,79433,78600,158033,3436,0,3436,45.99,0.0
HERVEY BAY,HVB,Hervey Bay,Queensland,152.885275,-25.320059,1,normalised_exact,2015,38,81713,81827,163540,0,0,0,81713,81827,163540,3614,0,3614,45.25,0.0
HERVEY BAY,HVB,Hervey Bay,Queensland,152.885275,-25.320059,1,normalised_exact,2016,39,85128,84924,170052,0,0,0,85128,84924,170052,3496,0,3496,48.64,0.0
HERVEY BAY,HVB,Hervey Bay,Queensland,152.885275,-25.320059,1,normalised_exact,2017,38,86821,86559,173380,0,0,0,86821,86559,173380,3193,0,3193,54.3,0.0
HERVEY BAY,HVB,Hervey Bay,Queensland,152.885275,-25.320059,1,normalised_exact,2018,39,82100,81470,163570,0,0,0,82100,81470,163570,2740,0,2740,59.7,0.0
HERVEY BAY,HVB,Hervey Bay,Queensland,152.885275,-25.320059,1,normalised_exact,2019,39,83756,83083,166839,0,0,0,83756,83083,166839,2966,0,2966,56.25,0.0
HERVEY BAY,HVB,Hervey Bay,Queensland,152.885275,-25.320059,1,normalised_exact,2020,,21294,21116,42410,0,0,0,21294,21116,42410,940,0,940,45.12,0.0
HERVEY BAY,HVB,Hervey Bay,Queensland,152.885275,-25.320059,1,normalised_exact,2021,47,25690,25410,51100,0,0,0,25690,25410,51100,1248,0,1248,40.95,0.0
HERVEY BAY,HVB,Hervey Bay,Queensland,152.885275,-25.320059,1,normalised_exact,2022,39,62179,62816,124995,0,0,0,62179,62816,124995,1869,0,1869,66.88,0.0
HERVEY BAY,HVB,Hervey Bay,Queensland,152.885275,-25.320059,1,normalised_exact,2023,40,73035,74020,147055,0,0,0,73035,74020,147055,2278,0,2278,64.55,0.0
HERVEY BAY,HVB,Hervey Bay,Queensland,152.885275,-25.320059,1,normalised_exact,2024,37,91758,91586,183344,0,0,0,91758,91586,183344,2509,0,2509,73.07,0.0
HERVEY BAY,HVB,Hervey Bay,Queensland,152.885275,-25.320059,1,normalised_exact,2025,32,109173,109661,218834,0,0,0,109173,109661,218834,2629,0,2629,83.24,0.0
HOBART,HBA,Hobart - Terminal 2,Tasmania,147.505126,-42.836777,2,normalised_exact,1985,11,245640,248357,493997,7911,7395,15306,253551,255752,509303,11128,194,11322,44.98,0.03005
HOBART,HBA,Hobart - Terminal 2,Tasmania,147.505126,-42.836777,2,normalised_exact,1986,12,237094,244187,481281,7764,6380,14144,244858,250567,495425,11563,286,11849,41.81,0.02855
HOBART,HBA,Hobart - Terminal 2,Tasmania,147.505126,-42.836777,2,normalised_exact,1987,12,251947,252828,504775,9412,8010,17422,261359,260838,522197,11806,240,12046,43.35,0.03336
HOBART,HBA,Hobart - Terminal 2,Tasmania,147.505126,-42.836777,2,normalised_exact,1988,12,263238,266575,529813,8146,7217,15363,271384,273792,545176,10254,248,10502,51.91,0.02818
HOBART,HBA,Hobart - Terminal 2,Tasmania,147.505126,-42.836777,2,normalised_exact,1989,11,222154,222213,444367,8330,7405,15735,230484,229618,460102,8591,357,8948,51.42,0.0342
HOBART,HBA,Hobart - Terminal 2,Tasmania,147.505126,-42.836777,2,normalised_exact,1990,10,267329,268748,536077,9163,7932,17095,276492,276680,553172,8975,334,9309,59.42,0.0309
HOBART,HBA,Hobart - Terminal 2,Tasmania,147.505126,-42.836777,2,normalised_exact,1991,10,314276,317161,631437,6185,5580,11765,320461,322741,643202,10552,159,10711,60.05,0.01829
HOBART,HBA,Hobart - Terminal 2,Tasmania,147.505126,-42.836777,2,normalised_exact,1992,10,333782,340634,674416,4436,4223,8659,338218,344857,683075,10188,112,10300,66.32,0.01268
HOBART,HBA,Hobart - Terminal 2,Tasmania,147.505126,-42.836777,2,normalised_exact,1993,10,356400,360683,717083,4815,4052,8867,361215,364735,725950,11454,116,11570,62.74,0.01221
HOBART,HBA,Hobart - Terminal 2,Tasmania,147.505126,-42.836777,2,normalised_exact,1994,11,383522,386737,770259,4088,3888,7976,387610,390625,778235,11838,104,11942,65.17,0.01025
HOBART,HBA,Hobart - Terminal 2,Tasmania,147.505126,-42.836777,2,normalised_exact,1995,11,409890,419096,828986,3848,3514,7362,413738,422610,836348,11618,102,11720,71.36,0.0088
HOBART,HBA,Hobart - Terminal 2,Tasmania,147.505126,-42.836777,2,normalised_exact,1996,10,423639,428867,852506,2785,2318,5103,426424,431185,857609,10707,68,10775,79.59,0.00595
HOBART,HBA,Hobart - Terminal 2,Tasmania,147.505126,-42.836777,2,normalised_exact,1997,10,413800,418407,832207,2117,1572,3689,415917,419979,835896,8497,52,8549,97.78,0.00441
HOBART,HBA,Hobart - Terminal 2,Tasmania,147.505126,-42.836777,2,normalised_exact,1998,10,426569,429365,855934,1408,1282,2690,427977,430647,858624,9678,34,9712,88.41,0.00313
HOBART,HBA,Hobart - Terminal 2,Tasmania,147.505126,-42.836777,2,normalised_exact,1999,10,437745,440247,877992,0,0,0,437745,440247,877992,9678,0,9678,90.72,0.0
HOBART,HBA,Hobart - Terminal 2,Tasmania,147.505126,-42.836777,2,normalised_exact,2000,10,462862,465095,927957,0,0,0,462862,465095,927957,13126,0,13126,70.7,0.0
HOBART,HBA,Hobart - Terminal 2,Tasmania,147.505126,-42.836777,2,normalised_exact,2001,10,500965,495214,996179,0,0,0,500965,495214,996179,14712,0,14712,67.71,0.0
HOBART,HBA,Hobart - Terminal 2,Tasmania,147.505126,-42.836777,2,normalised_exact,2002,10,470149,477533,947682,0,0,0,470149,477533,947682,11097,0,11097,85.4,0.0
HOBART,HBA,Hobart - Terminal 2,Tasmania,147.505126,-42.836777,2,normalised_exact,2003,9,549024,552531,1101555,0,0,0,549024,552531,1101555,11695,0,11695,94.19,0.0
HOBART,HBA,Hobart - Terminal 2,Tasmania,147.505126,-42.836777,2,normalised_exact,2004,9,688375,692474,1380849,0,0,0,688375,692474,1380849,14761,0,14761,93.55,0.0
HOBART,HBA,Hobart - Terminal 2,Tasmania,147.505126,-42.836777,2,normalised_exact,2005,9,798945,801240,1600185,0,0,0,798945,801240,1600185,15368,0,15368,104.12,0.0
HOBART,HBA,Hobart - Terminal 2,Tasmania,147.505126,-42.836777,2,normalised_exact,2006,9,805463,812347,1617810,0,0,0,805463,812347,1617810,13720,0,13720,117.92,0.0
HOBART,HBA,Hobart - Terminal 2,Tasmania,147.505126,-42.836777,2,normalised_exact,2007,9,829154,834442,1663596,0,0,0,829154,834442,1663596,13753,0,13753,120.96,0.0
HOBART,HBA,Hobart - Terminal 2,Tasmania,147.505126,-42.836777,2,normalised_exact,2008,9,911931,918939,1830870,0,0,0,911931,918939,1830870,15214,0,15214,120.34,0.0
HOBART,HBA,Hobart - Terminal 2,Tasmania,147.505126,-42.836777,2,normalised_exact,2009,9,936852,937607,1874459,0,0,0,936852,937607,1874459,14614,0,14614,128.26,0.0
HOBART,HBA,Hobart - Terminal 2,Tasmania,147.505126,-42.836777,2,normalised_exact,2010,9,943398,938694,1882092,0,0,0,943398,938694,1882092,15946,0,15946,118.03,0.0
HOBART,HBA,Hobart - Terminal 2,Tasmania,147.505126,-42.836777,2,normalised_exact,2011,10,917513,927168,1844681,0,0,0,917513,927168,1844681,15176,0,15176,121.55,0.0
HOBART,HBA,Hobart - Terminal 2,Tasmania,147.505126,-42.836777,2,normalised_exact,2012,10,958200,960826,1919026,0,0,0,958200,960826,1919026,15432,0,15432,124.35,0.0
HOBART,HBA,Hobart - Terminal 2,Tasmania,147.505126,-42.836777,2,normalised_exact,2013,9,1040639,1051067,2091706,0,0,0,1040639,1051067,2091706,16564,0,16564,126.28,0.0
HOBART,HBA,Hobart - Terminal 2,Tasmania,147.505126,-42.836777,2,normalised_exact,2014,9,1061280,1066701,2127981,0,0,0,1061280,1066701,2127981,16861,0,16861,126.21,0.0
HOBART,HBA,Hobart - Terminal 2,Tasmania,147.505126,-42.836777,2,normalised_exact,2015,9,1115464,1122968,2238432,0,0,0,1115464,1122968,2238432,17556,0,17556,127.5,0.0
HOBART,HBA,Hobart - Terminal 2,Tasmania,147.505126,-42.836777,2,normalised_exact,2016,9,1181569,1196568,2378137,0,0,0,1181569,1196568,2378137,18761,0,18761,126.76,0.0
HOBART,HBA,Hobart - Terminal 2,Tasmania,147.505126,-42.836777,2,normalised_exact,2017,9,1252149,1258194,2510343,0,0,0,1252149,1258194,2510343,18947,0,18947,132.49,0.0
HOBART,HBA,Hobart - Terminal 2,Tasmania,147.505126,-42.836777,2,normalised_exact,2018,9,1337761,1338867,2676628,0,0,0,1337761,1338867,2676628,19477,0,19477,137.43,0.0
HOBART,HBA,Hobart - Terminal 2,Tasmania,147.505126,-42.836777,2,normalised_exact,2019,9,1389111,1392628,2781739,0,0,0,1389111,1392628,2781739,20268,0,20268,137.25,0.0
HOBART,HBA,Hobart - Terminal 2,Tasmania,147.505126,-42.836777,2,normalised_exact,2020,9,434999,444664,879663,0,0,0,434999,444664,879663,8111,10,8121,108.32,0.0
HOBART,HBA,Hobart - Terminal 2,Tasmania,147.505126,-42.836777,2,normalised_exact,2021,8,629588,631701,1261289,2147,2333,4480,631735,634034,1265769,13763,98,13861,91.32,0.00354
HOBART,HBA,Hobart - Terminal 2,Tasmania,147.505126,-42.836777,2,normalised_exact,2022,9,1142385,1146626,2289011,7263,7264,14527,1149648,1153890,2303538,20053,117,20170,114.21,0.00631
HOBART,HBA,Hobart - Terminal 2,Tasmania,147.505126,-42.836777,2,normalised_exact,2023,9,1289680,1289834,2579514,15905,16010,31915,1305585,1305844,2611429,20569,244,20813,125.47,0.01222
HOBART,HBA,Hobart - Terminal 2,Tasmania,147.505126,-42.836777,2,normalised_exact,2024,9,1366522,1362764,2729286,10025,10267,20292,1376547,1373031,2749578,20579,134,20713,132.75,0.00738
HOBART,HBA,Hobart - Terminal 2,Tasmania,147.505126,-42.836777,2,normalised_exact,2025,8,1435014,1430373,2865387,9706,9874,19580,1444720,1440247,2884967,20094,124,20218,142.69,0.00679
KALGOORLIE,KGI,Kalgoorlie-Boulder,Western Australia,121.45802,-30.78547,1,verified_alias,1985,28,42798,44251,87049,0,0,0,42798,44251,87049,4320,0,4320,20.15,0.0
KALGOORLIE,KGI,Kalgoorlie-Boulder,Western Australia,121.45802,-30.78547,1,verified_alias,1986,25,45207,46815,92022,0,0,0,45207,46815,92022,4956,0,4956,18.57,0.0
KALGOORLIE,KGI,Kalgoorlie-Boulder,Western Australia,121.45802,-30.78547,1,verified_alias,1987,24,53926,54892,108818,0,0,0,53926,54892,108818,4548,0,4548,23.93,0.0
KALGOORLIE,KGI,Kalgoorlie-Boulder,Western Australia,121.45802,-30.78547,1,verified_alias,1988,22,60813,61582,122395,0,0,0,60813,61582,122395,4440,0,4440,27.57,0.0
KALGOORLIE,KGI,Kalgoorlie-Boulder,Western Australia,121.45802,-30.78547,1,verified_alias,1989,23,42688,43285,85973,0,0,0,42688,43285,85973,3580,0,3580,24.01,0.0
KALGOORLIE,KGI,Kalgoorlie-Boulder,Western Australia,121.45802,-30.78547,1,verified_alias,1990,25,46073,46687,92760,0,0,0,46073,46687,92760,3547,0,3547,26.15,0.0
KALGOORLIE,KGI,Kalgoorlie-Boulder,Western Australia,121.45802,-30.78547,1,verified_alias,1991,29,43616,43302,86918,0,0,0,43616,43302,86918,3388,0,3388,25.65,0.0
KALGOORLIE,KGI,Kalgoorlie-Boulder,Western Australia,121.45802,-30.78547,1,verified_alias,1992,28,45141,44970,90111,0,0,0,45141,44970,90111,3395,0,3395,26.54,0.0
KALGOORLIE,KGI,Kalgoorlie-Boulder,Western Australia,121.45802,-30.78547,1,verified_alias,1993,27,53056,53751,106807,0,0,0,53056,53751,106807,3357,0,3357,31.82,0.0
KALGOORLIE,KGI,Kalgoorlie-Boulder,Western Australia,121.45802,-30.78547,1,verified_alias,1994,25,63441,63922,127363,0,0,0,63441,63922,127363,4411,0,4411,28.87,0.0
KALGOORLIE,KGI,Kalgoorlie-Boulder,Western Australia,121.45802,-30.78547,1,verified_alias,1995,21,86137,87252,173389,0,0,0,86137,87252,173389,4825,0,4825,35.94,0.0
KALGOORLIE,KGI,Kalgoorlie-Boulder,Western Australia,121.45802,-30.78547,1,verified_alias,1996,20,101808,103168,204976,0,0,0,101808,103168,204976,4584,0,4584,44.72,0.0
KALGOORLIE,KGI,Kalgoorlie-Boulder,Western Australia,121.45802,-30.78547,1,verified_alias,1997,20,106692,107819,214511,0,0,0,106692,107819,214511,4711,0,4711,45.53,0.0
KALGOORLIE,KGI,Kalgoorlie-Boulder,Western Australia,121.45802,-30.78547,1,verified_alias,1998,19,111727,112705,224432,0,0,0,111727,112705,224432,4712,0,4712,47.63,0.0
KALGOORLIE,KGI,Kalgoorlie-Boulder,Western Australia,121.45802,-30.78547,1,verified_alias,1999,20,102284,103586,205870,0,0,0,102284,103586,205870,4617,0,4617,44.59,0.0
KALGOORLIE,KGI,Kalgoorlie-Boulder,Western Australia,121.45802,-30.78547,1,verified_alias,2000,21,108580,108566,217146,0,0,0,108580,108566,217146,4782,0,4782,45.41,0.0
KALGOORLIE,KGI,Kalgoorlie-Boulder,Western Australia,121.45802,-30.78547,1,verified_alias,2001,21,85948,86003,171951,0,0,0,85948,86003,171951,3740,0,3740,45.98,0.0
KALGOORLIE,KGI,Kalgoorlie-Boulder,Western Australia,121.45802,-30.78547,1,verified_alias,2002,22,76569,76962,153531,0,0,0,76569,76962,153531,3303,0,3303,46.48,0.0
KALGOORLIE,KGI,Kalgoorlie-Boulder,Western Australia,121.45802,-30.78547,1,verified_alias,2003,23,78358,78279,156637,0,0,0,78358,78279,156637,2969,0,2969,52.76,0.0
KALGOORLIE,KGI,Kalgoorlie-Boulder,Western Australia,121.45802,-30.78547,1,verified_alias,2004,25,85680,85660,171340,0,0,0,85680,85660,171340,3111,0,3111,55.08,0.0
KALGOORLIE,KGI,Kalgoorlie-Boulder,Western Australia,121.45802,-30.78547,1,verified_alias,2005,25,96131,96495,192626,0,0,0,96131,96495,192626,3237,0,3237,59.51,0.0
KALGOORLIE,KGI,Kalgoorlie-Boulder,Western Australia,121.45802,-30.78547,1,verified_alias,2006,26,98696,98835,197531,0,0,0,98696,98835,197531,2890,0,2890,68.35,0.0
KALGOORLIE,KGI,Kalgoorlie-Boulder,Western Australia,121.45802,-30.78547,1,verified_alias,2007,25,114342,114492,228834,0,0,0,114342,114492,228834,2754,0,2754,83.09,0.0
KALGOORLIE,KGI,Kalgoorlie-Boulder,Western Australia,121.45802,-30.78547,1,verified_alias,2008,25,132375,132834,265209,0,0,0,132375,132834,265209,3173,0,3173,83.58,0.0
KALGOORLIE,KGI,Kalgoorlie-Boulder,Western Australia,121.45802,-30.78547,1,verified_alias,2009,27,107556,108314,215870,0,0,0,107556,108314,215870,2913,0,2913,74.11,0.0
KALGOORLIE,KGI,Kalgoorlie-Boulder,Western Australia,121.45802,-30.78547,1,verified_alias,2010,26,124307,124493,248800,0,0,0,124307,124493,248800,2757,0,2757,90.24,0.0
KALGOORLIE,KGI,Kalgoorlie-Boulder,Western Australia,121.45802,-30.78547,1,verified_alias,2011,27,132676,133389,266065,0,0,0,132676,133389,266065,2882,0,2882,92.32,0.0
KALGOORLIE,KGI,Kalgoorlie-Boulder,Western Australia,121.45802,-30.78547,1,verified_alias,2012,30,132929,132683,265612,0,0,0,132929,132683,265612,3267,0,3267,81.3,0.0
KALGOORLIE,KGI,Kalgoorlie-Boulder,Western Australia,121.45802,-30.78547,1,verified_alias,2013,29,120725,120693,241418,0,0,0,120725,120693,241418,3781,0,3781,63.85,0.0
KALGOORLIE,KGI,Kalgoorlie-Boulder,Western Australia,121.45802,-30.78547,1,verified_alias,2014,31,115512,116281,231793,0,0,0,115512,116281,231793,3581,0,3581,64.73,0.0
KALGOORLIE,KGI,Kalgoorlie-Boulder,Western Australia,121.45802,-30.78547,1,verified_alias,2015,29,114256,114655,228911,0,0,0,114256,114655,228911,3464,0,3464,66.08,0.0
KALGOORLIE,KGI,Kalgoorlie-Boulder,Western Australia,121.45802,-30.78547,1,verified_alias,2016,29,120035,120192,240227,0,0,0,120035,120192,240227,3528,0,3528,68.09,0.0
KALGOORLIE,KGI,Kalgoorlie-Boulder,Western Australia,121.45802,-30.78547,1,verified_alias,2017,29,125601,126408,252009,0,0,0,125601,126408,252009,3552,0,3552,70.95,0.0
KALGOORLIE,KGI,Kalgoorlie-Boulder,Western Australia,121.45802,-30.78547,1,verified_alias,2018,27,144215,144739,288954,0,0,0,144215,144739,288954,3768,0,3768,76.69,0.0
KALGOORLIE,KGI,Kalgoorlie-Boulder,Western Australia,121.45802,-30.78547,1,verified_alias,2019,27,143452,146284,289736,0,0,0,143452,146284,289736,4034,0,4034,71.82,0.0
KALGOORLIE,KGI,Kalgoorlie-Boulder,Western Australia,121.45802,-30.78547,1,verified_alias,2020,25,79550,80453,160003,0,0,0,79550,80453,160003,2285,0,2285,70.02,0.0
KALGOORLIE,KGI,Kalgoorlie-Boulder,Western Australia,121.45802,-30.78547,1,verified_alias,2021,25,125674,129403,255077,0,0,0,125674,129403,255077,3156,0,3156,80.82,0.0
KALGOORLIE,KGI,Kalgoorlie-Boulder,Western Australia,121.45802,-30.78547,1,verified_alias,2022,25,150344,152481,302825,0,0,0,150344,152481,302825,3301,0,3301,91.74,0.0
KALGOORLIE,KGI,Kalgoorlie-Boulder,Western Australia,121.45802,-30.78547,1,verified_alias,2023,24,179788,179944,359732,0,0,0,179788,179944,359732,3776,0,3776,95.27,0.0
KALGOORLIE,KGI,Kalgoorlie-Boulder,Western Australia,121.45802,-30.78547,1,verified_alias,2024,25,183118,184498,367616,0,0,0,183118,184498,367616,4431,0,4431,82.96,0.0
KALGOORLIE,KGI,Kalgoorlie-Boulder,Western Australia,121.45802,-30.78547,1,verified_alias,2025,24,198225,198864,397089,0,0,0,198225,198864,397089,4714,0,4714,84.24,0.0
KARRATHA,KTA,Karratha,Western Australia,116.770071,-20.708567,1,normalised_exact,1985,19,97233,99132,196365,0,0,0,97233,99132,196365,6303,0,6303,31.15,0.0
KARRATHA,KTA,Karratha,Western Australia,116.770071,-20.708567,1,normalised_exact,1986,19,102983,104634,207617,0,0,0,102983,104634,207617,5546,0,5546,37.44,0.0
KARRATHA,KTA,Karratha,Western Australia,116.770071,-20.708567,1,normalised_exact,1987,17,101124,101840,202964,0,0,0,101124,101840,202964,5269,0,5269,38.52,0.0
KARRATHA,KTA,Karratha,Western Australia,116.770071,-20.708567,1,normalised_exact,1988,18,93535,93799,187334,0,0,0,93535,93799,187334,4554,0,4554,41.14,0.0
KARRATHA,KTA,Karratha,Western Australia,116.770071,-20.708567,1,normalised_exact,1989,17,67402,67826,135228,0,0,0,67402,67826,135228,3238,0,3238,41.76,0.0
KARRATHA,KTA,Karratha,Western Australia,116.770071,-20.708567,1,normalised_exact,1990,18,72199,73461,145660,0,0,0,72199,73461,145660,3370,0,3370,43.22,0.0
KARRATHA,KTA,Karratha,Western Australia,116.770071,-20.708567,1,normalised_exact,1991,18,79001,80412,159413,0,0,0,79001,80412,159413,3517,0,3517,45.33,0.0
KARRATHA,KTA,Karratha,Western Australia,116.770071,-20.708567,1,normalised_exact,1992,17,85689,86287,171976,0,0,0,85689,86287,171976,3724,0,3724,46.18,0.0
KARRATHA,KTA,Karratha,Western Australia,116.770071,-20.708567,1,normalised_exact,1993,19,87821,88371,176192,0,0,0,87821,88371,176192,3854,0,3854,45.72,0.0
KARRATHA,KTA,Karratha,Western Australia,116.770071,-20.708567,1,normalised_exact,1994,19,98808,99945,198753,0,0,0,98808,99945,198753,4398,0,4398,45.19,0.0
KARRATHA,KTA,Karratha,Western Australia,116.770071,-20.708567,1,normalised_exact,1995,20,87015,87662,174677,0,0,0,87015,87662,174677,4843,0,4843,36.07,0.0
KARRATHA,KTA,Karratha,Western Australia,116.770071,-20.708567,1,normalised_exact,1996,21,85417,86386,171803,0,0,0,85417,86386,171803,5237,0,5237,32.81,0.0
KARRATHA,KTA,Karratha,Western Australia,116.770071,-20.708567,1,normalised_exact,1997,21,89021,89899,178920,0,0,0,89021,89899,178920,4899,0,4899,36.52,0.0
KARRATHA,KTA,Karratha,Western Australia,116.770071,-20.708567,1,normalised_exact,1998,21,94896,96002,190898,0,0,0,94896,96002,190898,4735,0,4735,40.32,0.0
KARRATHA,KTA,Karratha,Western Australia,116.770071,-20.708567,1,normalised_exact,1999,22,84423,85941,170364,0,0,0,84423,85941,170364,3993,0,3993,42.67,0.0
KARRATHA,KTA,Karratha,Western Australia,116.770071,-20.708567,1,normalised_exact,2000,25,81387,82210,163597,0,0,0,81387,82210,163597,4435,0,4435,36.89,0.0
KARRATHA,KTA,Karratha,Western Australia,116.770071,-20.708567,1,normalised_exact,2001,22,78163,78701,156864,0,0,0,78163,78701,156864,4141,0,4141,37.88,0.0
KARRATHA,KTA,Karratha,Western Australia,116.770071,-20.708567,1,normalised_exact,2002,23,75330,77589,152919,0,0,0,75330,77589,152919,3114,0,3114,49.11,0.0
KARRATHA,KTA,Karratha,Western Australia,116.770071,-20.708567,1,normalised_exact,2003,22,86922,88115,175037,0,0,0,86922,88115,175037,2761,0,2761,63.4,0.0
KARRATHA,KTA,Karratha,Western Australia,116.770071,-20.708567,1,normalised_exact,2004,22,99439,101337,200776,0,0,0,99439,101337,200776,3241,0,3241,61.95,0.0
KARRATHA,KTA,Karratha,Western Australia,116.770071,-20.708567,1,normalised_exact,2005,22,120020,121449,241469,0,0,0,120020,121449,241469,3497,0,3497,69.05,0.0
KARRATHA,KTA,Karratha,Western Australia,116.770071,-20.708567,1,normalised_exact,2006,23,144656,146574,291230,0,0,0,144656,146574,291230,3188,0,3188,91.35,0.0
KARRATHA,KTA,Karratha,Western Australia,116.770071,-20.708567,1,normalised_exact,2007,21,168494,170148,338642,0,0,0,168494,170148,338642,3167,0,3167,106.93,0.0
KARRATHA,KTA,Karratha,Western Australia,116.770071,-20.708567,1,normalised_exact,2008,18,220791,224181,444972,0,0,0,220791,224181,444972,4652,0,4652,95.65,0.0
KARRATHA,KTA,Karratha,Western Australia,116.770071,-20.708567,1,normalised_exact,2009,18,268292,270877,539169,0,0,0,268292,270877,539169,6347,0,6347,84.95,0.0
KARRATHA,KTA,Karratha,Western Australia,116.770071,-20.708567,1,normalised_exact,2010,18,310192,318616,628808,0,0,0,310192,318616,628808,7197,0,7197,87.37,0.0
KARRATHA,KTA,Karratha,Western Australia,116.770071,-20.708567,1,normalised_exact,2011,16,369715,370596,740311,0,0,0,369715,370596,740311,8039,0,8039,92.09,0.0
KARRATHA,KTA,Karratha,Western Australia,116.770071,-20.708567,1,normalised_exact,2012,15,409303,409112,818415,0,0,0,409303,409112,818415,8914,0,8914,91.81,0.0
KARRATHA,KTA,Karratha,Western Australia,116.770071,-20.708567,1,normalised_exact,2013,16,384101,386514,770615,0,0,0,384101,386514,770615,8875,0,8875,86.83,0.0
KARRATHA,KTA,Karratha,Western Australia,116.770071,-20.708567,1,normalised_exact,2014,16,354186,356182,710368,0,0,0,354186,356182,710368,8509,0,8509,83.48,0.0
KARRATHA,KTA,Karratha,Western Australia,116.770071,-20.708567,1,normalised_exact,2015,17,303359,304227,607586,0,0,0,303359,304227,607586,7991,0,7991,76.03,0.0
KARRATHA,KTA,Karratha,Western Australia,116.770071,-20.708567,1,normalised_exact,2016,19,248446,246448,494894,0,0,0,248446,246448,494894,7144,0,7144,69.27,0.0
KARRATHA,KTA,Karratha,Western Australia,116.770071,-20.708567,1,normalised_exact,2017,19,219366,219681,439047,0,0,0,219366,219681,439047,6221,0,6221,70.57,0.0
KARRATHA,KTA,Karratha,Western Australia,116.770071,-20.708567,1,normalised_exact,2018,20,219494,221955,441449,0,0,0,219494,221955,441449,5975,0,5975,73.88,0.0
KARRATHA,KTA,Karratha,Western Australia,116.770071,-20.708567,1,normalised_exact,2019,20,232672,235226,467898,0,0,0,232672,235226,467898,5976,0,5976,78.3,0.0
KARRATHA,KTA,Karratha,Western Australia,116.770071,-20.708567,1,normalised_exact,2020,18,135230,137941,273171,0,0,0,135230,137941,273171,3463,0,3463,78.88,0.0
KARRATHA,KTA,Karratha,Western Australia,116.770071,-20.708567,1,normalised_exact,2021,17,209999,212902,422901,0,0,0,209999,212902,422901,4536,0,4536,93.23,0.0
KARRATHA,KTA,Karratha,Western Australia,116.770071,-20.708567,1,normalised_exact,2022,18,244555,249448,494003,0,0,0,244555,249448,494003,4615,0,4615,107.04,0.0
KARRATHA,KTA,Karratha,Western Australia,116.770071,-20.708567,1,normalised_exact,2023,18,272083,274997,547080,0,0,0,272083,274997,547080,5007,0,5007,109.26,0.0
KARRATHA,KTA,Karratha,Western Australia,116.770071,-20.708567,1,normalised_exact,2024,18,306730,308697,615427,0,0,0,306730,308697,615427,5968,0,5968,103.12,0.0
KARRATHA,KTA,Karratha,Western Australia,116.770071,-20.708567,1,normalised_exact,2025,16,345926,350573,696499,0,0,0,345926,350573,696499,6477,0,6477,107.53,0.0
KING ISLAND,KNS,King Island,Tasmania,143.881891,-39.879636,1,normalised_exact,1985,,10296,10624,20920,0,0,0,10296,10624,20920,2443,0,2443,8.56,0.0
KING ISLAND,KNS,King Island,Tasmania,143.881891,-39.879636,1,normalised_exact,1986,,9765,9966,19731,0,0,0,9765,9966,19731,2217,0,2217,8.9,0.0
KING ISLAND,KNS,King Island,Tasmania,143.881891,-39.879636,1,normalised_exact,1987,,12361,12261,24622,0,0,0,12361,12261,24622,4130,0,4130,5.96,0.0
KING ISLAND,KNS,King Island,Tasmania,143.881891,-39.879636,1,normalised_exact,1988,,14809,14420,29229,0,0,0,14809,14420,29229,5247,0,5247,5.57,0.0
KING ISLAND,KNS,King Island,Tasmania,143.881891,-39.879636,1,normalised_exact,1989,,15390,15284,30674,0,0,0,15390,15284,30674,5266,0,5266,5.82,0.0
KING ISLAND,KNS,King Island,Tasmania,143.881891,-39.879636,1,normalised_exact,1990,,15770,15916,31686,0,0,0,15770,15916,31686,5347,0,5347,5.93,0.0
KING ISLAND,KNS,King Island,Tasmania,143.881891,-39.879636,1,normalised_exact,1991,,15390,15167,30557,0,0,0,15390,15167,30557,5657,0,5657,5.4,0.0
KING ISLAND,KNS,King Island,Tasmania,143.881891,-39.879636,1,normalised_exact,1992,,15651,15182,30833,0,0,0,15651,15182,30833,5470,0,5470,5.64,0.0
KING ISLAND,KNS,King Island,Tasmania,143.881891,-39.879636,1,normalised_exact,1993,,17608,17367,34975,0,0,0,17608,17367,34975,5982,0,5982,5.85,0.0
KING ISLAND,KNS,King Island,Tasmania,143.881891,-39.879636,1,normalised_exact,1994,,18182,18377,36559,0,0,0,18182,18377,36559,6123,0,6123,5.97,0.0
KING ISLAND,KNS,King Island,Tasmania,143.881891,-39.879636,1,normalised_exact,1995,,18144,17809,35953,0,0,0,18144,17809,35953,6155,0,6155,5.84,0.0
KING ISLAND,KNS,King Island,Tasmania,143.881891,-39.879636,1,normalised_exact,1996,,17027,16940,33967,0,0,0,17027,16940,33967,5667,0,5667,5.99,0.0
KING ISLAND,KNS,King Island,Tasmania,143.881891,-39.879636,1,normalised_exact,1997,,17628,17751,35379,0,0,0,17628,17751,35379,6069,0,6069,5.83,0.0
KING ISLAND,KNS,King Island,Tasmania,143.881891,-39.879636,1,normalised_exact,1998,,20162,20142,40304,0,0,0,20162,20142,40304,7202,0,7202,5.6,0.0
KING ISLAND,KNS,King Island,Tasmania,143.881891,-39.879636,1,normalised_exact,1999,,17079,17202,34281,0,0,0,17079,17202,34281,5906,0,5906,5.8,0.0
KING ISLAND,KNS,King Island,Tasmania,143.881891,-39.879636,1,normalised_exact,2000,,13872,13873,27745,0,0,0,13872,13873,27745,3624,0,3624,7.66,0.0
KING ISLAND,KNS,King Island,Tasmania,143.881891,-39.879636,1,normalised_exact,2001,,13778,13781,27559,0,0,0,13778,13781,27559,3496,0,3496,7.88,0.0
KING ISLAND,KNS,King Island,Tasmania,143.881891,-39.879636,1,normalised_exact,2002,,8817,8664,17481,0,0,0,8817,8664,17481,2618,0,2618,6.68,0.0
KING ISLAND,KNS,King Island,Tasmania,143.881891,-39.879636,1,normalised_exact,2003,,9052,8857,17909,0,0,0,9052,8857,17909,2419,0,2419,7.4,0.0
KING ISLAND,KNS,King Island,Tasmania,143.881891,-39.879636,1,normalised_exact,2004,,14322,14158,28480,0,0,0,14322,14158,28480,4018,0,4018,7.09,0.0
KING ISLAND,KNS,King Island,Tasmania,143.881891,-39.879636,1,normalised_exact,2005,,13180,13165,26345,0,0,0,13180,13165,26345,3251,0,3251,8.1,0.0
KING ISLAND,KNS,King Island,Tasmania,143.881891,-39.879636,1,normalised_exact,2006,,14552,14485,29037,0,0,0,14552,14485,29037,3272,0,3272,8.87,0.0
KING ISLAND,KNS,King Island,Tasmania,143.881891,-39.879636,1,normalised_exact,2007,,15381,15376,30757,0,0,0,15381,15376,30757,3300,0,3300,9.32,0.0
KING ISLAND,KNS,King Island,Tasmania,143.881891,-39.879636,1,normalised_exact,2008,,16128,16079,32207,0,0,0,16128,16079,32207,3316,0,3316,9.71,0.0
KING ISLAND,KNS,King Island,Tasmania,143.881891,-39.879636,1,normalised_exact,2009,,16325,16275,32600,0,0,0,16325,16275,32600,3268,0,3268,9.98,0.0
KING ISLAND,KNS,King Island,Tasmania,143.881891,-39.879636,1,normalised_exact,2010,,15716,15546,31262,0,0,0,15716,15546,31262,3270,0,3270,9.56,0.0
KING ISLAND,KNS,King Island,Tasmania,143.881891,-39.879636,1,normalised_exact,2011,,15918,15790,31708,0,0,0,15918,15790,31708,3525,0,3525,9.0,0.0
KING ISLAND,KNS,King Island,Tasmania,143.881891,-39.879636,1,normalised_exact,2012,,17084,17089,34173,0,0,0,17084,17089,34173,3881,0,3881,8.81,0.0
KING ISLAND,KNS,King Island,Tasmania,143.881891,-39.879636,1,normalised_exact,2013,,16885,16704,33589,0,0,0,16885,16704,33589,4178,0,4178,8.04,0.0
KING ISLAND,KNS,King Island,Tasmania,143.881891,-39.879636,1,normalised_exact,2014,,16679,16711,33390,0,0,0,16679,16711,33390,4106,0,4106,8.13,0.0
KING ISLAND,KNS,King Island,Tasmania,143.881891,-39.879636,1,normalised_exact,2015,,17029,17015,34044,0,0,0,17029,17015,34044,4302,0,4302,7.91,0.0
KING ISLAND,KNS,King Island,Tasmania,143.881891,-39.879636,1,normalised_exact,2016,,18937,18873,37810,0,0,0,18937,18873,37810,4870,0,4870,7.76,0.0
KING ISLAND,KNS,King Island,Tasmania,143.881891,-39.879636,1,normalised_exact,2017,,21506,21539,43045,0,0,0,21506,21539,43045,5272,0,5272,8.16,0.0
KING ISLAND,KNS,King Island,Tasmania,143.881891,-39.879636,1,normalised_exact,2018,,22211,21836,44047,0,0,0,22211,21836,44047,5344,0,5344,8.24,0.0
KING ISLAND,KNS,King Island,Tasmania,143.881891,-39.879636,1,normalised_exact,2019,,23058,22878,45936,0,0,0,23058,22878,45936,5590,0,5590,8.22,0.0
KING ISLAND,KNS,King Island,Tasmania,143.881891,-39.879636,1,normalised_exact,2020,,13395,13348,26743,0,0,0,13395,13348,26743,5042,0,5042,5.3,0.0
KING ISLAND,KNS,King Island,Tasmania,143.881891,-39.879636,1,normalised_exact,2021,,18139,18207,36346,0,0,0,18139,18207,36346,6032,0,6032,6.03,0.0
KING ISLAND,KNS,King Island,Tasmania,143.881891,-39.879636,1,normalised_exact,2022,,23951,23743,47694,0,0,0,23951,23743,47694,6012,0,6012,7.93,0.0
KING ISLAND,KNS,King Island,Tasmania,143.881891,-39.879636,1,normalised_exact,2023,,24520,24235,48755,0,0,0,24520,24235,48755,5736,0,5736,8.5,0.0
KING ISLAND,KNS,King Island,Tasmania,143.881891,-39.879636,1,normalised_exact,2024,,23149,22959,46108,0,0,0,23149,22959,46108,5416,0,5416,8.51,0.0
KING ISLAND,KNS,King Island,Tasmania,143.881891,-39.879636,1,normalised_exact,2025,,21759,21191,42950,0,0,0,21759,21191,42950,5068,0,5068,8.47,0.0
KINGSCOTE,KGC,Kingscote,South Australia,137.523358,-35.709453,1,normalised_exact,1985,42,26913,27344,54257,0,0,0,26913,27344,54257,10433,0,10433,5.2,0.0
KINGSCOTE,KGC,Kingscote,South Australia,137.523358,-35.709453,1,normalised_exact,1986,,23880,24393,48273,0,0,0,23880,24393,48273,11460,0,11460,4.21,0.0
KINGSCOTE,KGC,Kingscote,South Australia,137.523358,-35.709453,1,normalised_exact,1987,,20531,21084,41615,0,0,0,20531,21084,41615,7525,0,7525,5.53,0.0
KINGSCOTE,KGC,Kingscote,South Australia,137.523358,-35.709453,1,normalised_exact,1988,,20734,20760,41494,0,0,0,20734,20760,41494,7270,0,7270,5.71,0.0
KINGSCOTE,KGC,Kingscote,South Australia,137.523358,-35.709453,1,normalised_exact,1989,,21393,22168,43561,0,0,0,21393,22168,43561,5211,0,5211,8.36,0.0
KINGSCOTE,KGC,Kingscote,South Australia,137.523358,-35.709453,1,normalised_exact,1990,,10629,10032,20661,0,0,0,10629,10032,20661,2591,0,2591,7.97,0.0
KINGSCOTE,KGC,Kingscote,South Australia,137.523358,-35.709453,1,normalised_exact,1991,,21928,21766,43694,0,0,0,21928,21766,43694,6008,0,6008,7.27,0.0
KINGSCOTE,KGC,Kingscote,South Australia,137.523358,-35.709453,1,normalised_exact,1992,,22719,22534,45253,0,0,0,22719,22534,45253,9169,0,9169,4.94,0.0
KINGSCOTE,KGC,Kingscote,South Australia,137.523358,-35.709453,1,normalised_exact,1993,46,27142,27458,54600,0,0,0,27142,27458,54600,7399,0,7399,7.38,0.0
KINGSCOTE,KGC,Kingscote,South Australia,137.523358,-35.709453,1,normalised_exact,1994,44,31707,32690,64397,0,0,0,31707,32690,64397,8343,0,8343,7.72,0.0
KINGSCOTE,KGC,Kingscote,South Australia,137.523358,-35.709453,1,normalised_exact,1995,42,33376,33924,67300,0,0,0,33376,33924,67300,9409,0,9409,7.15,0.0
KINGSCOTE,KGC,Kingscote,South Australia,137.523358,-35.709453,1,normalised_exact,1996,40,36617,37490,74107,0,0,0,36617,37490,74107,9150,0,9150,8.1,0.0
KINGSCOTE,KGC,Kingscote,South Australia,137.523358,-35.709453,1,normalised_exact,1997,39,39266,40418,79684,0,0,0,39266,40418,79684,10625,0,10625,7.5,0.0
KINGSCOTE,KGC,Kingscote,South Australia,137.523358,-35.709453,1,normalised_exact,1998,36,45045,46917,91962,0,0,0,45045,46917,91962,11732,0,11732,7.84,0.0
KINGSCOTE,KGC,Kingscote,South Australia,137.523358,-35.709453,1,normalised_exact,1999,37,44420,46123,90543,0,0,0,44420,46123,90543,10070,0,10070,8.99,0.0
KINGSCOTE,KGC,Kingscote,South Australia,137.523358,-35.709453,1,normalised_exact,2000,38,40545,42230,82775,0,0,0,40545,42230,82775,8625,0,8625,9.6,0.0
KINGSCOTE,KGC,Kingscote,South Australia,137.523358,-35.709453,1,normalised_exact,2001,40,35316,36176,71492,0,0,0,35316,36176,71492,8348,0,8348,8.56,0.0
KINGSCOTE,KGC,Kingscote,South Australia,137.523358,-35.709453,1,normalised_exact,2002,40,32341,32221,64562,0,0,0,32341,32221,64562,8520,0,8520,7.58,0.0
KINGSCOTE,KGC,Kingscote,South Australia,137.523358,-35.709453,1,normalised_exact,2003,43,29382,31302,60684,0,0,0,29382,31302,60684,6692,0,6692,9.07,0.0
KINGSCOTE,KGC,Kingscote,South Australia,137.523358,-35.709453,1,normalised_exact,2004,45,32350,33774,66124,0,0,0,32350,33774,66124,6924,0,6924,9.55,0.0
KINGSCOTE,KGC,Kingscote,South Australia,137.523358,-35.709453,1,normalised_exact,2005,48,30270,31886,62156,0,0,0,30270,31886,62156,4895,0,4895,12.7,0.0
KINGSCOTE,KGC,Kingscote,South Australia,137.523358,-35.709453,1,normalised_exact,2006,52,27853,30246,58099,0,0,0,27853,30246,58099,2878,0,2878,20.19,0.0
KINGSCOTE,KGC,Kingscote,South Australia,137.523358,-35.709453,1,normalised_exact,2007,53,30283,33024,63307,0,0,0,30283,33024,63307,5943,0,5943,10.65,0.0
KINGSCOTE,KGC,Kingscote,South Australia,137.523358,-35.709453,1,normalised_exact,2008,53,29957,32065,62022,0,0,0,29957,32065,62022,5037,0,5037,12.31,0.0
KINGSCOTE,KGC,Kingscote,South Australia,137.523358,-35.709453,1,normalised_exact,2009,54,27489,29069,56558,0,0,0,27489,29069,56558,4365,0,4365,12.96,0.0
KINGSCOTE,KGC,Kingscote,South Australia,137.523358,-35.709453,1,normalised_exact,2010,57,25153,27399,52552,0,0,0,25153,27399,52552,2409,0,2409,21.81,0.0
KINGSCOTE,KGC,Kingscote,South Australia,137.523358,-35.709453,1,normalised_exact,2011,,21628,23988,45616,0,0,0,21628,23988,45616,2271,0,2271,20.09,0.0
KINGSCOTE,KGC,Kingscote,South Australia,137.523358,-35.709453,1,normalised_exact,2012,,19113,20389,39502,0,0,0,19113,20389,39502,2198,0,2198,17.97,0.0
KINGSCOTE,KGC,Kingscote,South Australia,137.523358,-35.709453,1,normalised_exact,2013,,18126,20244,38370,0,0,0,18126,20244,38370,2188,0,2188,17.54,0.0
KINGSCOTE,KGC,Kingscote,South Australia,137.523358,-35.709453,1,normalised_exact,2014,,17591,19262,36853,0,0,0,17591,19262,36853,2135,0,2135,17.26,0.0
KINGSCOTE,KGC,Kingscote,South Australia,137.523358,-35.709453,1,normalised_exact,2015,,16705,18297,35002,0,0,0,16705,18297,35002,2135,0,2135,16.39,0.0
KINGSCOTE,KGC,Kingscote,South Australia,137.523358,-35.709453,1,normalised_exact,2016,,18142,20043,38185,0,0,0,18142,20043,38185,2152,0,2152,17.74,0.0
KINGSCOTE,KGC,Kingscote,South Australia,137.523358,-35.709453,1,normalised_exact,2017,,18292,20071,38363,0,0,0,18292,20071,38363,2044,0,2044,18.77,0.0
KINGSCOTE,KGC,Kingscote,South Australia,137.523358,-35.709453,1,normalised_exact,2018,,21379,23444,44823,0,0,0,21379,23444,44823,2274,0,2274,19.71,0.0
KINGSCOTE,KGC,Kingscote,South Australia,137.523358,-35.709453,1,normalised_exact,2019,,20661,22382,43043,0,0,0,20661,22382,43043,2278,0,2278,18.9,0.0
KINGSCOTE,KGC,Kingscote,South Australia,137.523358,-35.709453,1,normalised_exact,2020,,6203,6762,12965,0,0,0,6203,6762,12965,892,0,892,14.53,0.0
KINGSCOTE,KGC,Kingscote,South Australia,137.523358,-35.709453,1,normalised_exact,2021,,6338,6417,12755,0,0,0,6338,6417,12755,774,0,774,16.48,0.0
KINGSCOTE,KGC,Kingscote,South Australia,137.523358,-35.709453,1,normalised_exact,2022,,7372,7864,15236,0,0,0,7372,7864,15236,778,0,778,19.58,0.0
KINGSCOTE,KGC,Kingscote,South Australia,137.523358,-35.709453,1,normalised_exact,2023,,9930,10055,19985,0,0,0,9930,10055,19985,787,0,787,25.39,0.0
KINGSCOTE,KGC,Kingscote,South Australia,137.523358,-35.709453,1,normalised_exact,2024,,14918,15407,30325,0,0,0,14918,15407,30325,1076,0,1076,28.18,0.0
KINGSCOTE,KGC,Kingscote,South Australia,137.523358,-35.709453,1,normalised_exact,2025,,16438,17005,33443,0,0,0,16438,17005,33443,1059,0,1059,31.58,0.0
KOWANYAMA,,,,,,,unmatched,1985,,1346,1288,2634,0,0,0,1346,1288,2634,636,0,636,4.14,0.0
KOWANYAMA,,,,,,,unmatched,1986,,1312,1274,2586,0,0,0,1312,1274,2586,610,0,610,4.24,0.0
KOWANYAMA,,,,,,,unmatched,1987,,1126,1086,2212,0,0,0,1126,1086,2212,474,0,474,4.67,0.0
KOWANYAMA,,,,,,,unmatched,1990,,144,219,363,0,0,0,144,219,363,179,0,179,2.03,0.0
KOWANYAMA,,,,,,,unmatched,1991,,1214,1110,2324,0,0,0,1214,1110,2324,524,0,524,4.44,0.0
KOWANYAMA,,,,,,,unmatched,1992,,1243,1018,2261,0,0,0,1243,1018,2261,464,0,464,4.87,0.0
KOWANYAMA,,,,,,,unmatched,1993,,1361,1201,2562,0,0,0,1361,1201,2562,460,0,460,5.57,0.0
KOWANYAMA,,,,,,,unmatched,1994,,1257,1231,2488,0,0,0,1257,1231,2488,496,0,496,5.02,0.0
KOWANYAMA,,,,,,,unmatched,1995,,1388,1279,2667,0,0,0,1388,1279,2667,598,0,598,4.46,0.0
KOWANYAMA,,,,,,,unmatched,1996,,1256,1197,2453,0,0,0,1256,1197,2453,554,0,554,4.43,0.0
KOWANYAMA,,,,,,,unmatched,1997,,1332,1246,2578,0,0,0,1332,1246,2578,522,0,522,4.94,0.0
KOWANYAMA,,,,,,,unmatched,1998,,1339,1263,2602,0,0,0,1339,1263,2602,522,0,522,4.98,0.0
KOWANYAMA,,,,,,,unmatched,1999,,1377,1284,2661,0,0,0,1377,1284,2661,522,0,522,5.1,0.0
KOWANYAMA,,,,,,,unmatched,2000,,1408,1293,2701,0,0,0,1408,1293,2701,520,0,520,5.19,0.0
KOWANYAMA,,,,,,,unmatched,2001,,1407,1349,2756,0,0,0,1407,1349,2756,474,0,474,5.81,0.0
KOWANYAMA,,,,,,,unmatched,2002,,1295,1408,2703,0,0,0,1295,1408,2703,420,0,420,6.44,0.0
KOWANYAMA,,,,,,,unmatched,2003,,1489,1502,2991,0,0,0,1489,1502,2991,492,0,492,6.08,0.0
KOWANYAMA,,,,,,,unmatched,2004,,1695,1697,3392,0,0,0,1695,1697,3392,524,0,524,6.47,0.0
KOWANYAMA,,,,,,,unmatched,2005,,1765,1766,3531,0,0,0,1765,1766,3531,668,0,668,5.29,0.0
KOWANYAMA,,,,,,,unmatched,2006,,1791,1793,3584,0,0,0,1791,1793,3584,701,0,701,5.11,0.0
KOWANYAMA,,,,,,,unmatched,2007,,1936,1874,3810,0,0,0,1936,1874,3810,416,0,416,9.16,0.0
KOWANYAMA,,,,,,,unmatched,2008,,2151,1978,4129,0,0,0,2151,1978,4129,401,0,401,10.3,0.0
KOWANYAMA,,,,,,,unmatched,2009,,3660,3623,7283,0,0,0,3660,3623,7283,443,0,443,16.44,0.0
KOWANYAMA,,,,,,,unmatched,2010,,3515,3888,7403,0,0,0,3515,3888,7403,416,0,416,17.8,0.0
KOWANYAMA,,,,,,,unmatched,2011,,2673,2648,5321,0,0,0,2673,2648,5321,410,0,410,12.98,0.0
KOWANYAMA,,,,,,,unmatched,2012,,2571,2486,5057,0,0,0,2571,2486,5057,438,0,438,11.55,0.0
KOWANYAMA,,,,,,,unmatched,2013,,2349,2293,4642,0,0,0,2349,2293,4642,388,0,388,11.96,0.0
KOWANYAMA,,,,,,,unmatched,2014,,2337,2256,4593,0,0,0,2337,2256,4593,390,0,390,11.78,0.0
KOWANYAMA,,,,,,,unmatched,2015,,1866,2127,3993,0,0,0,1866,2127,3993,990,0,990,4.03,0.0
KOWANYAMA,,,,,,,unmatched,2016,,2992,3203,6195,0,0,0,2992,3203,6195,1369,0,1369,4.53,0.0
KOWANYAMA,,,,,,,unmatched,2017,,4620,4576,9196,0,0,0,4620,4576,9196,1140,0,1140,8.07,0.0
KOWANYAMA,,,,,,,unmatched,2018,,6273,6130,12403,0,0,0,6273,6130,12403,1264,0,1264,9.81,0.0
KOWANYAMA,,,,,,,unmatched,2019,,6367,6468,12835,0,0,0,6367,6468,12835,1222,0,1222,10.5,0.0
KOWANYAMA,,,,,,,unmatched,2020,,5112,5242,10354,0,0,0,5112,5242,10354,548,0,548,18.89,0.0
KOWANYAMA,,,,,,,unmatched,2021,,5452,5462,10914,0,0,0,5452,5462,10914,566,0,566,19.28,0.0
KOWANYAMA,,,,,,,unmatched,2022,,5661,5941,11602,0,0,0,5661,5941,11602,998,0,998,11.63,0.0
KOWANYAMA,,,,,,,unmatched,2023,,4859,5071,9930,0,0,0,4859,5071,9930,1075,0,1075,9.24,0.0
KOWANYAMA,,,,,,,unmatched,2024,,6431,5997,12428,0,0,0,6431,5997,12428,1387,0,1387,8.96,0.0
KOWANYAMA,,,,,,,unmatched,2025,,6797,6194,12991,0,0,0,6797,6194,12991,1469,0,1469,8.84,0.0
KUNUNURRA,KNX,Kununurra,Western Australia,128.71272,-15.783824,1,normalised_exact,1985,32,37929,38247,76176,0,0,0,37929,38247,76176,2238,0,2238,34.04,0.0
KUNUNURRA,KNX,Kununurra,Western Australia,128.71272,-15.783824,1,normalised_exact,1986,38,35691,35622,71313,0,0,0,35691,35622,71313,1839,0,1839,38.78,0.0
KUNUNURRA,KNX,Kununurra,Western Australia,128.71272,-15.783824,1,normalised_exact,1987,32,41031,41409,82440,0,0,0,41031,41409,82440,1885,0,1885,43.73,0.0
KUNUNURRA,KNX,Kununurra,Western Australia,128.71272,-15.783824,1,normalised_exact,1988,28,45480,45632,91112,0,0,0,45480,45632,91112,2202,0,2202,41.38,0.0
KUNUNURRA,KNX,Kununurra,Western Australia,128.71272,-15.783824,1,normalised_exact,1989,29,36647,36876,73523,0,0,0,36647,36876,73523,1787,0,1787,41.14,0.0
KUNUNURRA,KNX,Kununurra,Western Australia,128.71272,-15.783824,1,normalised_exact,1990,22,47646,48184,95830,0,0,0,47646,48184,95830,2208,0,2208,43.4,0.0
KUNUNURRA,KNX,Kununurra,Western Australia,128.71272,-15.783824,1,normalised_exact,1991,28,46878,47556,94434,0,0,0,46878,47556,94434,2173,0,2173,43.46,0.0
KUNUNURRA,KNX,Kununurra,Western Australia,128.71272,-15.783824,1,normalised_exact,1992,26,50062,50543,100605,0,0,0,50062,50543,100605,2202,0,2202,45.69,0.0
KUNUNURRA,KNX,Kununurra,Western Australia,128.71272,-15.783824,1,normalised_exact,1993,26,55924,56333,112257,0,0,0,55924,56333,112257,2421,0,2421,46.37,0.0
KUNUNURRA,KNX,Kununurra,Western Australia,128.71272,-15.783824,1,normalised_exact,1994,24,65925,65186,131111,0,0,0,65925,65186,131111,3074,0,3074,42.65,0.0
KUNUNURRA,KNX,Kununurra,Western Australia,128.71272,-15.783824,1,normalised_exact,1995,26,61435,61555,122990,0,0,0,61435,61555,122990,3962,0,3962,31.04,0.0
KUNUNURRA,KNX,Kununurra,Western Australia,128.71272,-15.783824,1,normalised_exact,1996,30,53576,54323,107899,0,0,0,53576,54323,107899,3993,0,3993,27.02,0.0
KUNUNURRA,KNX,Kununurra,Western Australia,128.71272,-15.783824,1,normalised_exact,1997,36,45305,45627,90932,0,0,0,45305,45627,90932,2595,0,2595,35.04,0.0
KUNUNURRA,KNX,Kununurra,Western Australia,128.71272,-15.783824,1,normalised_exact,1998,38,43836,44010,87846,0,0,0,43836,44010,87846,2483,0,2483,35.38,0.0
KUNUNURRA,KNX,Kununurra,Western Australia,128.71272,-15.783824,1,normalised_exact,1999,42,36970,37408,74378,0,0,0,36970,37408,74378,2187,0,2187,34.01,0.0
KUNUNURRA,KNX,Kununurra,Western Australia,128.71272,-15.783824,1,normalised_exact,2000,45,29412,27901,57313,0,0,0,29412,27901,57313,2254,0,2254,25.43,0.0
KUNUNURRA,KNX,Kununurra,Western Australia,128.71272,-15.783824,1,normalised_exact,2001,45,25322,25649,50971,0,0,0,25322,25649,50971,2166,0,2166,23.53,0.0
KUNUNURRA,KNX,Kununurra,Western Australia,128.71272,-15.783824,1,normalised_exact,2002,,17601,18316,35917,0,0,0,17601,18316,35917,2547,0,2547,14.1,0.0
KUNUNURRA,KNX,Kununurra,Western Australia,128.71272,-15.783824,1,normalised_exact,2003,,18173,18855,37028,0,0,0,18173,18855,37028,2539,0,2539,14.58,0.0
KUNUNURRA,KNX,Kununurra,Western Australia,128.71272,-15.783824,1,normalised_exact,2004,,22282,23567,45849,0,0,0,22282,23567,45849,2771,0,2771,16.55,0.0
KUNUNURRA,KNX,Kununurra,Western Australia,128.71272,-15.783824,1,normalised_exact,2005,,23362,23757,47119,0,0,0,23362,23757,47119,2433,0,2433,19.37,0.0
KUNUNURRA,KNX,Kununurra,Western Australia,128.71272,-15.783824,1,normalised_exact,2006,51,28975,29962,58937,0,0,0,28975,29962,58937,2975,0,2975,19.81,0.0
KUNUNURRA,KNX,Kununurra,Western Australia,128.71272,-15.783824,1,normalised_exact,2007,51,31503,32189,63692,0,0,0,31503,32189,63692,2903,0,2903,21.94,0.0
KUNUNURRA,KNX,Kununurra,Western Australia,128.71272,-15.783824,1,normalised_exact,2008,49,35990,36559,72549,0,0,0,35990,36559,72549,2588,0,2588,28.03,0.0
KUNUNURRA,KNX,Kununurra,Western Australia,128.71272,-15.783824,1,normalised_exact,2009,47,39119,40077,79196,0,0,0,39119,40077,79196,2588,0,2588,30.6,0.0
KUNUNURRA,KNX,Kununurra,Western Australia,128.71272,-15.783824,1,normalised_exact,2010,46,42022,42873,84895,0,0,0,42022,42873,84895,2331,0,2331,36.42,0.0
KUNUNURRA,KNX,Kununurra,Western Australia,128.71272,-15.783824,1,normalised_exact,2011,45,44086,45172,89258,0,0,0,44086,45172,89258,2237,0,2237,39.9,0.0
KUNUNURRA,KNX,Kununurra,Western Australia,128.71272,-15.783824,1,normalised_exact,2012,50,46120,46123,92243,0,0,0,46120,46123,92243,2351,0,2351,39.24,0.0
KUNUNURRA,KNX,Kununurra,Western Australia,128.71272,-15.783824,1,normalised_exact,2013,49,45230,45834,91064,0,0,0,45230,45834,91064,2410,0,2410,37.79,0.0
KUNUNURRA,KNX,Kununurra,Western Australia,128.71272,-15.783824,1,normalised_exact,2014,49,39879,39971,79850,0,0,0,39879,39971,79850,2154,0,2154,37.07,0.0
KUNUNURRA,KNX,Kununurra,Western Australia,128.71272,-15.783824,1,normalised_exact,2015,49,36840,37252,74092,0,0,0,36840,37252,74092,2165,0,2165,34.22,0.0
KUNUNURRA,KNX,Kununurra,Western Australia,128.71272,-15.783824,1,normalised_exact,2016,50,36072,36871,72943,0,0,0,36072,36871,72943,2139,0,2139,34.1,0.0
KUNUNURRA,KNX,Kununurra,Western Australia,128.71272,-15.783824,1,normalised_exact,2017,51,34612,35325,69937,0,0,0,34612,35325,69937,2083,0,2083,33.58,0.0
KUNUNURRA,KNX,Kununurra,Western Australia,128.71272,-15.783824,1,normalised_exact,2018,54,36945,37278,74223,0,0,0,36945,37278,74223,1972,0,1972,37.64,0.0
KUNUNURRA,KNX,Kununurra,Western Australia,128.71272,-15.783824,1,normalised_exact,2019,51,39710,40220,79930,0,0,0,39710,40220,79930,2129,0,2129,37.54,0.0
KUNUNURRA,KNX,Kununurra,Western Australia,128.71272,-15.783824,1,normalised_exact,2020,,22614,22827,45441,0,0,0,22614,22827,45441,1398,0,1398,32.5,0.0
KUNUNURRA,KNX,Kununurra,Western Australia,128.71272,-15.783824,1,normalised_exact,2021,34,42937,44412,87349,0,0,0,42937,44412,87349,1917,0,1917,45.57,0.0
KUNUNURRA,KNX,Kununurra,Western Australia,128.71272,-15.783824,1,normalised_exact,2022,46,45644,47038,92682,0,0,0,45644,47038,92682,1912,0,1912,48.47,0.0
KUNUNURRA,KNX,Kununurra,Western Australia,128.71272,-15.783824,1,normalised_exact,2023,47,48726,50269,98995,0,0,0,48726,50269,98995,2732,0,2732,36.24,0.0
KUNUNURRA,KNX,Kununurra,Western Australia,128.71272,-15.783824,1,normalised_exact,2024,49,48334,49883,98217,0,0,0,48334,49883,98217,3986,0,3986,24.64,0.0
KUNUNURRA,KNX,Kununurra,Western Australia,128.71272,-15.783824,1,normalised_exact,2025,46,51193,52145,103338,0,0,0,51193,52145,103338,3676,0,3676,28.11,0.0
LAUNCESTON,LST,Launceston,Tasmania,147.205617,-41.543393,1,normalised_exact,1985,9,298602,298479,597081,0,0,0,298602,298479,597081,14950,0,14950,39.94,0.0
LAUNCESTON,LST,Launceston,Tasmania,147.205617,-41.543393,1,normalised_exact,1986,11,291209,291361,582570,0,0,0,291209,291361,582570,15147,0,15147,38.46,0.0
LAUNCESTON,LST,Launceston,Tasmania,147.205617,-41.543393,1,normalised_exact,1987,11,298724,301477,600201,0,0,0,298724,301477,600201,15253,0,15253,39.35,0.0
LAUNCESTON,LST,Launceston,Tasmania,147.205617,-41.543393,1,normalised_exact,1988,11,310634,311595,622229,0,0,0,310634,311595,622229,15911,0,15911,39.11,0.0
LAUNCESTON,LST,Launceston,Tasmania,147.205617,-41.543393,1,normalised_exact,1989,13,193195,197873,391068,0,0,0,193195,197873,391068,12492,0,12492,31.31,0.0
LAUNCESTON,LST,Launceston,Tasmania,147.205617,-41.543393,1,normalised_exact,1990,13,195054,194801,389855,0,0,0,195054,194801,389855,15089,0,15089,25.84,0.0
LAUNCESTON,LST,Launceston,Tasmania,147.205617,-41.543393,1,normalised_exact,1991,13,213836,217316,431152,0,0,0,213836,217316,431152,14539,0,14539,29.65,0.0
LAUNCESTON,LST,Launceston,Tasmania,147.205617,-41.543393,1,normalised_exact,1992,13,227168,229515,456683,0,0,0,227168,229515,456683,14531,0,14531,31.43,0.0
LAUNCESTON,LST,Launceston,Tasmania,147.205617,-41.543393,1,normalised_exact,1993,13,243562,243332,486894,0,0,0,243562,243332,486894,13420,0,13420,36.28,0.0
LAUNCESTON,LST,Launceston,Tasmania,147.205617,-41.543393,1,normalised_exact,1994,13,268891,270489,539380,0,0,0,268891,270489,539380,13726,0,13726,39.3,0.0
LAUNCESTON,LST,Launceston,Tasmania,147.205617,-41.543393,1,normalised_exact,1995,13,285723,287395,573118,0,0,0,285723,287395,573118,12635,0,12635,45.36,0.0
LAUNCESTON,LST,Launceston,Tasmania,147.205617,-41.543393,1,normalised_exact,1996,13,294240,297377,591617,0,0,0,294240,297377,591617,12144,0,12144,48.72,0.0
LAUNCESTON,LST,Launceston,Tasmania,147.205617,-41.543393,1,normalised_exact,1997,13,277665,281172,558837,0,0,0,277665,281172,558837,11924,0,11924,46.87,0.0
LAUNCESTON,LST,Launceston,Tasmania,147.205617,-41.543393,1,normalised_exact,1998,13,266959,268985,535944,0,0,0,266959,268985,535944,11460,0,11460,46.77,0.0
LAUNCESTON,LST,Launceston,Tasmania,147.205617,-41.543393,1,normalised_exact,1999,13,270833,273131,543964,0,0,0,270833,273131,543964,10902,0,10902,49.9,0.0
LAUNCESTON,LST,Launceston,Tasmania,147.205617,-41.543393,1,normalised_exact,2000,13,263006,266852,529858,0,0,0,263006,266852,529858,12413,0,12413,42.69,0.0
LAUNCESTON,LST,Launceston,Tasmania,147.205617,-41.543393,1,normalised_exact,2001,13,253621,255391,509012,0,0,0,253621,255391,509012,11160,0,11160,45.61,0.0
LAUNCESTON,LST,Launceston,Tasmania,147.205617,-41.543393,1,normalised_exact,2002,12,283450,286958,570408,0,0,0,283450,286958,570408,7680,0,7680,74.27,0.0
LAUNCESTON,LST,Launceston,Tasmania,147.205617,-41.543393,1,normalised_exact,2003,12,302799,305118,607917,0,0,0,302799,305118,607917,7672,0,7672,79.24,0.0
LAUNCESTON,LST,Launceston,Tasmania,147.205617,-41.543393,1,normalised_exact,2004,12,374048,376414,750462,0,0,0,374048,376414,750462,10028,0,10028,74.84,0.0
LAUNCESTON,LST,Launceston,Tasmania,147.205617,-41.543393,1,normalised_exact,2005,12,440829,446275,887104,0,0,0,440829,446275,887104,11474,0,11474,77.31,0.0
LAUNCESTON,LST,Launceston,Tasmania,147.205617,-41.543393,1,normalised_exact,2006,12,479463,483870,963333,0,0,0,479463,483870,963333,11426,0,11426,84.31,0.0
LAUNCESTON,LST,Launceston,Tasmania,147.205617,-41.543393,1,normalised_exact,2007,12,521353,518085,1039438,0,0,0,521353,518085,1039438,12552,0,12552,82.81,0.0
LAUNCESTON,LST,Launceston,Tasmania,147.205617,-41.543393,1,normalised_exact,2008,13,565122,562365,1127487,0,0,0,565122,562365,1127487,13007,0,13007,86.68,0.0
LAUNCESTON,LST,Launceston,Tasmania,147.205617,-41.543393,1,normalised_exact,2009,13,568639,567735,1136374,0,0,0,568639,567735,1136374,12825,0,12825,88.61,0.0
LAUNCESTON,LST,Launceston,Tasmania,147.205617,-41.543393,1,normalised_exact,2010,13,579966,578001,1157967,0,0,0,579966,578001,1157967,13705,0,13705,84.49,0.0
LAUNCESTON,LST,Launceston,Tasmania,147.205617,-41.543393,1,normalised_exact,2011,13,563246,562368,1125614,0,0,0,563246,562368,1125614,12703,0,12703,88.61,0.0
LAUNCESTON,LST,Launceston,Tasmania,147.205617,-41.543393,1,normalised_exact,2012,13,585854,586419,1172273,0,0,0,585854,586419,1172273,13479,0,13479,86.97,0.0
LAUNCESTON,LST,Launceston,Tasmania,147.205617,-41.543393,1,normalised_exact,2013,12,628995,628150,1257145,0,0,0,628995,628150,1257145,14912,0,14912,84.3,0.0
LAUNCESTON,LST,Launceston,Tasmania,147.205617,-41.543393,1,normalised_exact,2014,12,644117,645065,1289182,0,0,0,644117,645065,1289182,14641,0,14641,88.05,0.0
LAUNCESTON,LST,Launceston,Tasmania,147.205617,-41.543393,1,normalised_exact,2015,12,642642,643766,1286408,0,0,0,642642,643766,1286408,14474,0,14474,88.88,0.0
LAUNCESTON,LST,Launceston,Tasmania,147.205617,-41.543393,1,normalised_exact,2016,12,665543,665482,1331025,0,0,0,665543,665482,1331025,14620,0,14620,91.04,0.0
LAUNCESTON,LST,Launceston,Tasmania,147.205617,-41.543393,1,normalised_exact,2017,12,670236,670986,1341222,0,0,0,670236,670986,1341222,14826,0,14826,90.46,0.0
LAUNCESTON,LST,Launceston,Tasmania,147.205617,-41.543393,1,normalised_exact,2018,12,689056,692685,1381741,0,0,0,689056,692685,1381741,15098,0,15098,91.52,0.0
LAUNCESTON,LST,Launceston,Tasmania,147.205617,-41.543393,1,normalised_exact,2019,12,695915,699389,1395304,0,0,0,695915,699389,1395304,15654,0,15654,89.13,0.0
LAUNCESTON,LST,Launceston,Tasmania,147.205617,-41.543393,1,normalised_exact,2020,12,224144,228293,452437,0,0,0,224144,228293,452437,8214,0,8214,55.08,0.0
LAUNCESTON,LST,Launceston,Tasmania,147.205617,-41.543393,1,normalised_exact,2021,13,313975,308479,622454,0,0,0,313975,308479,622454,10895,0,10895,57.13,0.0
LAUNCESTON,LST,Launceston,Tasmania,147.205617,-41.543393,1,normalised_exact,2022,13,583642,582172,1165814,0,0,0,583642,582172,1165814,13965,0,13965,83.48,0.0
LAUNCESTON,LST,Launceston,Tasmania,147.205617,-41.543393,1,normalised_exact,2023,13,682080,683126,1365206,0,0,0,682080,683126,1365206,15727,0,15727,86.81,0.0
LAUNCESTON,LST,Launceston,Tasmania,147.205617,-41.543393,1,normalised_exact,2024,13,706693,711817,1418510,0,0,0,706693,711817,1418510,14812,0,14812,95.77,0.0
LAUNCESTON,LST,Launceston,Tasmania,147.205617,-41.543393,1,normalised_exact,2025,13,729031,735455,1464486,0,0,0,729031,735455,1464486,14008,0,14008,104.55,0.0
LEARMONTH,LEA,Learmonth,Western Australia,114.094002,-22.23973,1,normalised_exact,1985,,11576,11559,23135,0,0,0,11576,11559,23135,1134,0,1134,20.4,0.0
LEARMONTH,LEA,Learmonth,Western Australia,114.094002,-22.23973,1,normalised_exact,1986,,12028,12104,24132,0,0,0,12028,12104,24132,893,0,893,27.02,0.0
LEARMONTH,LEA,Learmonth,Western Australia,114.094002,-22.23973,1,normalised_exact,1987,,11086,11155,22241,0,0,0,11086,11155,22241,749,0,749,29.69,0.0
LEARMONTH,LEA,Learmonth,Western Australia,114.094002,-22.23973,1,normalised_exact,1988,,10560,10609,21169,0,0,0,10560,10609,21169,702,0,702,30.16,0.0
LEARMONTH,LEA,Learmonth,Western Australia,114.094002,-22.23973,1,normalised_exact,1989,,8587,8607,17194,0,0,0,8587,8607,17194,568,0,568,30.27,0.0
LEARMONTH,LEA,Learmonth,Western Australia,114.094002,-22.23973,1,normalised_exact,1990,,10351,10361,20712,0,0,0,10351,10361,20712,710,0,710,29.17,0.0
LEARMONTH,LEA,Learmonth,Western Australia,114.094002,-22.23973,1,normalised_exact,1991,,9229,9458,18687,0,0,0,9229,9458,18687,634,0,634,29.47,0.0
LEARMONTH,LEA,Learmonth,Western Australia,114.094002,-22.23973,1,normalised_exact,1992,,10369,10843,21212,0,0,0,10369,10843,21212,654,0,654,32.43,0.0
LEARMONTH,LEA,Learmonth,Western Australia,114.094002,-22.23973,1,normalised_exact,1993,,13616,13841,27457,0,0,0,13616,13841,27457,723,0,723,37.98,0.0
LEARMONTH,LEA,Learmonth,Western Australia,114.094002,-22.23973,1,normalised_exact,1994,,18017,18336,36353,0,0,0,18017,18336,36353,873,0,873,41.64,0.0
LEARMONTH,LEA,Learmonth,Western Australia,114.094002,-22.23973,1,normalised_exact,1995,,13624,14102,27726,0,0,0,13624,14102,27726,1147,0,1147,24.17,0.0
LEARMONTH,LEA,Learmonth,Western Australia,114.094002,-22.23973,1,normalised_exact,1996,,14138,14062,28200,0,0,0,14138,14062,28200,1398,0,1398,20.17,0.0
LEARMONTH,LEA,Learmonth,Western Australia,114.094002,-22.23973,1,normalised_exact,1997,,14270,14472,28742,0,0,0,14270,14472,28742,1162,0,1162,24.73,0.0
LEARMONTH,LEA,Learmonth,Western Australia,114.094002,-22.23973,1,normalised_exact,1998,,9420,9742,19162,0,0,0,9420,9742,19162,843,0,843,22.73,0.0
LEARMONTH,LEA,Learmonth,Western Australia,114.094002,-22.23973,1,normalised_exact,1999,,9022,9400,18422,0,0,0,9022,9400,18422,754,0,754,24.43,0.0
LEARMONTH,LEA,Learmonth,Western Australia,114.094002,-22.23973,1,normalised_exact,2000,,8393,8624,17017,0,0,0,8393,8624,17017,1377,0,1377,12.36,0.0
LEARMONTH,LEA,Learmonth,Western Australia,114.094002,-22.23973,1,normalised_exact,2001,,6722,7040,13762,0,0,0,6722,7040,13762,965,0,965,14.26,0.0
LEARMONTH,LEA,Learmonth,Western Australia,114.094002,-22.23973,1,normalised_exact,2002,,8020,8160,16180,0,0,0,8020,8160,16180,902,0,902,17.94,0.0
LEARMONTH,LEA,Learmonth,Western Australia,114.094002,-22.23973,1,normalised_exact,2003,,8417,8587,17004,0,0,0,8417,8587,17004,842,0,842,20.19,0.0
LEARMONTH,LEA,Learmonth,Western Australia,114.094002,-22.23973,1,normalised_exact,2004,,10718,11181,21899,0,0,0,10718,11181,21899,817,0,817,26.8,0.0
LEARMONTH,LEA,Learmonth,Western Australia,114.094002,-22.23973,1,normalised_exact,2005,,13956,14502,28458,0,0,0,13956,14502,28458,876,0,876,32.49,0.0
LEARMONTH,LEA,Learmonth,Western Australia,114.094002,-22.23973,1,normalised_exact,2006,,16238,16869,33107,0,0,0,16238,16869,33107,904,0,904,36.62,0.0
LEARMONTH,LEA,Learmonth,Western Australia,114.094002,-22.23973,1,normalised_exact,2007,,19832,20935,40767,0,0,0,19832,20935,40767,1282,0,1282,31.8,0.0
LEARMONTH,LEA,Learmonth,Western Australia,114.094002,-22.23973,1,normalised_exact,2008,,22457,23119,45576,0,0,0,22457,23119,45576,1383,0,1383,32.95,0.0
LEARMONTH,LEA,Learmonth,Western Australia,114.094002,-22.23973,1,normalised_exact,2009,,20727,21687,42414,0,0,0,20727,21687,42414,1177,0,1177,36.04,0.0
LEARMONTH,LEA,Learmonth,Western Australia,114.094002,-22.23973,1,normalised_exact,2010,60,24562,25804,50366,0,0,0,24562,25804,50366,1429,0,1429,35.25,0.0
LEARMONTH,LEA,Learmonth,Western Australia,114.094002,-22.23973,1,normalised_exact,2011,51,33803,34867,68670,0,0,0,33803,34867,68670,1258,0,1258,54.59,0.0
LEARMONTH,LEA,Learmonth,Western Australia,114.094002,-22.23973,1,normalised_exact,2012,49,45474,46930,92404,0,0,0,45474,46930,92404,2196,0,2196,42.08,0.0
LEARMONTH,LEA,Learmonth,Western Australia,114.094002,-22.23973,1,normalised_exact,2013,48,44876,46867,91743,0,0,0,44876,46867,91743,1598,0,1598,57.41,0.0
LEARMONTH,LEA,Learmonth,Western Australia,114.094002,-22.23973,1,normalised_exact,2014,46,43788,44394,88182,0,0,0,43788,44394,88182,1466,0,1466,60.15,0.0
LEARMONTH,LEA,Learmonth,Western Australia,114.094002,-22.23973,1,normalised_exact,2015,47,42055,43362,85417,0,0,0,42055,43362,85417,1241,0,1241,68.83,0.0
LEARMONTH,LEA,Learmonth,Western Australia,114.094002,-22.23973,1,normalised_exact,2016,47,41716,42922,84638,0,0,0,41716,42922,84638,1245,0,1245,67.98,0.0
LEARMONTH,LEA,Learmonth,Western Australia,114.094002,-22.23973,1,normalised_exact,2017,47,40598,41988,82586,0,0,0,40598,41988,82586,1249,0,1249,66.12,0.0
LEARMONTH,LEA,Learmonth,Western Australia,114.094002,-22.23973,1,normalised_exact,2018,47,43477,44832,88309,0,0,0,43477,44832,88309,1264,0,1264,69.86,0.0
LEARMONTH,LEA,Learmonth,Western Australia,114.094002,-22.23973,1,normalised_exact,2019,49,41571,43114,84685,0,0,0,41571,43114,84685,1266,0,1266,66.89,0.0
LEARMONTH,LEA,Learmonth,Western Australia,114.094002,-22.23973,1,normalised_exact,2020,39,28035,29326,57361,0,0,0,28035,29326,57361,917,0,917,62.55,0.0
LEARMONTH,LEA,Learmonth,Western Australia,114.094002,-22.23973,1,normalised_exact,2021,32,46135,47615,93750,0,0,0,46135,47615,93750,1120,0,1120,83.71,0.0
LEARMONTH,LEA,Learmonth,Western Australia,114.094002,-22.23973,1,normalised_exact,2022,44,47695,49259,96954,0,0,0,47695,49259,96954,1007,0,1007,96.28,0.0
LEARMONTH,LEA,Learmonth,Western Australia,114.094002,-22.23973,1,normalised_exact,2023,45,51507,52623,104130,0,0,0,51507,52623,104130,1051,0,1051,99.08,0.0
LEARMONTH,LEA,Learmonth,Western Australia,114.094002,-22.23973,1,normalised_exact,2024,45,52930,53917,106847,0,0,0,52930,53917,106847,1148,0,1148,93.07,0.0
LEARMONTH,LEA,Learmonth,Western Australia,114.094002,-22.23973,1,normalised_exact,2025,44,54486,56012,110498,0,0,0,54486,56012,110498,1217,0,1217,90.8,0.0
LOCKHART RIVER,,,,,,,unmatched,1985,,1076,920,1996,0,0,0,1076,920,1996,715,0,715,2.79,0.0
LOCKHART RIVER,,,,,,,unmatched,1986,,2159,2232,4391,0,0,0,2159,2232,4391,917,0,917,4.79,0.0
LOCKHART RIVER,,,,,,,unmatched,1987,,6369,6500,12869,0,0,0,6369,6500,12869,1020,0,1020,12.62,0.0
LOCKHART RIVER,,,,,,,unmatched,1988,,1850,1852,3702,0,0,0,1850,1852,3702,1542,0,1542,2.4,0.0
LOCKHART RIVER,,,,,,,unmatched,1989,,250,305,555,0,0,0,250,305,555,1570,0,1570,0.35,0.0
LOCKHART RIVER,,,,,,,unmatched,1990,,487,539,1026,0,0,0,487,539,1026,559,0,559,1.84,0.0
LOCKHART RIVER,,,,,,,unmatched,1991,,1282,1340,2622,0,0,0,1282,1340,2622,1033,0,1033,2.54,0.0
LOCKHART RIVER,,,,,,,unmatched,1992,,1742,1888,3630,0,0,0,1742,1888,3630,1242,0,1242,2.92,0.0
LOCKHART RIVER,,,,,,,unmatched,1993,,1951,2048,3999,0,0,0,1951,2048,3999,1105,0,1105,3.62,0.0
LOCKHART RIVER,,,,,,,unmatched,1994,,1041,1156,2197,0,0,0,1041,1156,2197,468,0,468,4.69,0.0
LOCKHART RIVER,,,,,,,unmatched,1996,,545,545,1090,0,0,0,545,545,1090,362,0,362,3.01,0.0
LOCKHART RIVER,,,,,,,unmatched,1997,,1466,1293,2759,0,0,0,1466,1293,2759,599,0,599,4.61,0.0
LOCKHART RIVER,,,,,,,unmatched,1998,,1732,1411,3143,0,0,0,1732,1411,3143,617,0,617,5.09,0.0
LOCKHART RIVER,,,,,,,unmatched,1999,,1923,1719,3642,0,0,0,1923,1719,3642,762,0,762,4.78,0.0
LOCKHART RIVER,,,,,,,unmatched,2000,,1564,1623,3187,0,0,0,1564,1623,3187,788,0,788,4.04,0.0
LOCKHART RIVER,,,,,,,unmatched,2001,,1462,1533,2995,0,0,0,1462,1533,2995,716,0,716,4.18,0.0
LOCKHART RIVER,,,,,,,unmatched,2002,,1510,1599,3109,0,0,0,1510,1599,3109,746,0,746,4.17,0.0
LOCKHART RIVER,,,,,,,unmatched,2003,,1540,1461,3001,0,0,0,1540,1461,3001,736,0,736,4.08,0.0
LOCKHART RIVER,,,,,,,unmatched,2004,,1722,1740,3462,0,0,0,1722,1740,3462,764,0,764,4.53,0.0
LOCKHART RIVER,,,,,,,unmatched,2005,,1658,1664,3322,0,0,0,1658,1664,3322,692,0,692,4.8,0.0
LOCKHART RIVER,,,,,,,unmatched,2006,,1923,1850,3773,0,0,0,1923,1850,3773,774,0,774,4.87,0.0
LOCKHART RIVER,,,,,,,unmatched,2007,,1710,1749,3459,0,0,0,1710,1749,3459,594,0,594,5.82,0.0
LOCKHART RIVER,,,,,,,unmatched,2008,,3251,3210,6461,0,0,0,3251,3210,6461,414,0,414,15.61,0.0
LOCKHART RIVER,,,,,,,unmatched,2009,,4095,3996,8091,0,0,0,4095,3996,8091,466,0,466,17.36,0.0
LOCKHART RIVER,,,,,,,unmatched,2010,,4003,3890,7893,0,0,0,4003,3890,7893,522,0,522,15.12,0.0
LOCKHART RIVER,,,,,,,unmatched,2011,,2648,2649,5297,0,0,0,2648,2649,5297,505,0,505,10.49,0.0
LOCKHART RIVER,,,,,,,unmatched,2012,,2538,2586,5124,0,0,0,2538,2586,5124,580,0,580,8.83,0.0
LOCKHART RIVER,,,,,,,unmatched,2013,,2280,2319,4599,0,0,0,2280,2319,4599,516,0,516,8.91,0.0
LOCKHART RIVER,,,,,,,unmatched,2014,,2204,2265,4469,0,0,0,2204,2265,4469,513,0,513,8.71,0.0
LOCKHART RIVER,,,,,,,unmatched,2015,,1339,1370,2709,0,0,0,1339,1370,2709,369,0,369,7.34,0.0
LOCKHART RIVER,,,,,,,unmatched,2016,,1812,1799,3611,0,0,0,1812,1799,3611,462,0,462,7.82,0.0
LOCKHART RIVER,,,,,,,unmatched,2017,,5151,5246,10397,0,0,0,5151,5246,10397,686,0,686,15.16,0.0
LOCKHART RIVER,,,,,,,unmatched,2018,,7164,7144,14308,0,0,0,7164,7144,14308,742,0,742,19.28,0.0
LOCKHART RIVER,,,,,,,unmatched,2019,,6527,6593,13120,0,0,0,6527,6593,13120,679,0,679,19.32,0.0
LOCKHART RIVER,,,,,,,unmatched,2020,,4288,4411,8699,0,0,0,4288,4411,8699,473,0,473,18.39,0.0
LOCKHART RIVER,,,,,,,unmatched,2021,,4858,4962,9820,0,0,0,4858,4962,9820,572,0,572,17.17,0.0
LOCKHART RIVER,,,,,,,unmatched,2022,,5477,5577,11054,0,0,0,5477,5577,11054,598,0,598,18.48,0.0
LOCKHART RIVER,,,,,,,unmatched,2023,,5586,5695,11281,0,0,0,5586,5695,11281,584,0,584,19.32,0.0
LOCKHART RIVER,,,,,,,unmatched,2024,,5913,6074,11987,0,0,0,5913,6074,11987,834,0,834,14.37,0.0
LOCKHART RIVER,,,,,,,unmatched,2025,,8082,8348,16430,0,0,0,8082,8348,16430,1213,0,1213,13.54,0.0
LONGREACH,LRE,Longreach,Queensland,144.271581,-23.43928,1,normalised_exact,1985,,3051,3058,6109,0,0,0,3051,3058,6109,582,0,582,10.5,0.0
LONGREACH,LRE,Longreach,Queensland,144.271581,-23.43928,1,normalised_exact,1986,,3116,3067,6183,0,0,0,3116,3067,6183,612,0,612,10.1,0.0
LONGREACH,LRE,Longreach,Queensland,144.271581,-23.43928,1,normalised_exact,1987,,1218,1115,2333,0,0,0,1218,1115,2333,418,0,418,5.58,0.0
LONGREACH,LRE,Longreach,Queensland,144.271581,-23.43928,1,normalised_exact,1991,,3618,3546,7164,0,0,0,3618,3546,7164,1344,0,1344,5.33,0.0
LONGREACH,LRE,Longreach,Queensland,144.271581,-23.43928,1,normalised_exact,1992,,3877,4067,7944,0,0,0,3877,4067,7944,1017,0,1017,7.81,0.0
LONGREACH,LRE,Longreach,Queensland,144.271581,-23.43928,1,normalised_exact,1993,,3485,3549,7034,0,0,0,3485,3549,7034,788,0,788,8.93,0.0
LONGREACH,LRE,Longreach,Queensland,144.271581,-23.43928,1,normalised_exact,1994,,4757,5003,9760,0,0,0,4757,5003,9760,936,0,936,10.43,0.0
LONGREACH,LRE,Longreach,Queensland,144.271581,-23.43928,1,normalised_exact,1995,,5574,5763,11337,0,0,0,5574,5763,11337,949,0,949,11.95,0.0
LONGREACH,LRE,Longreach,Queensland,144.271581,-23.43928,1,normalised_exact,1996,,5662,5883,11545,0,0,0,5662,5883,11545,944,0,944,12.23,0.0
LONGREACH,LRE,Longreach,Queensland,144.271581,-23.43928,1,normalised_exact,1997,,5687,6387,12074,0,0,0,5687,6387,12074,1042,0,1042,11.59,0.0
LONGREACH,LRE,Longreach,Queensland,144.271581,-23.43928,1,normalised_exact,1998,,7272,8126,15398,0,0,0,7272,8126,15398,972,0,972,15.84,0.0
LONGREACH,LRE,Longreach,Queensland,144.271581,-23.43928,1,normalised_exact,1999,,9651,9884,19535,0,0,0,9651,9884,19535,947,0,947,20.63,0.0
LONGREACH,LRE,Longreach,Queensland,144.271581,-23.43928,1,normalised_exact,2000,,9524,9746,19270,0,0,0,9524,9746,19270,947,0,947,20.35,0.0
LONGREACH,LRE,Longreach,Queensland,144.271581,-23.43928,1,normalised_exact,2001,,8806,8718,17524,0,0,0,8806,8718,17524,977,0,977,17.94,0.0
LONGREACH,LRE,Longreach,Queensland,144.271581,-23.43928,1,normalised_exact,2002,,10400,10734,21134,0,0,0,10400,10734,21134,1014,0,1014,20.84,0.0
LONGREACH,LRE,Longreach,Queensland,144.271581,-23.43928,1,normalised_exact,2003,,8998,9494,18492,0,0,0,8998,9494,18492,964,0,964,19.18,0.0
LONGREACH,LRE,Longreach,Queensland,144.271581,-23.43928,1,normalised_exact,2004,,8373,8992,17365,0,0,0,8373,8992,17365,938,0,938,18.51,0.0
LONGREACH,LRE,Longreach,Queensland,144.271581,-23.43928,1,normalised_exact,2005,,8335,8916,17251,0,0,0,8335,8916,17251,936,0,936,18.43,0.0
LONGREACH,LRE,Longreach,Queensland,144.271581,-23.43928,1,normalised_exact,2006,,9332,9915,19247,0,0,0,9332,9915,19247,922,0,922,20.88,0.0
LONGREACH,LRE,Longreach,Queensland,144.271581,-23.43928,1,normalised_exact,2007,,11499,12401,23900,0,0,0,11499,12401,23900,958,0,958,24.95,0.0
LONGREACH,LRE,Longreach,Queensland,144.271581,-23.43928,1,normalised_exact,2008,,14062,15223,29285,0,0,0,14062,15223,29285,935,0,935,31.32,0.0
LONGREACH,LRE,Longreach,Queensland,144.271581,-23.43928,1,normalised_exact,2009,,13859,14976,28835,0,0,0,13859,14976,28835,891,0,891,32.36,0.0
LONGREACH,LRE,Longreach,Queensland,144.271581,-23.43928,1,normalised_exact,2010,,15133,16052,31185,0,0,0,15133,16052,31185,957,0,957,32.59,0.0
LONGREACH,LRE,Longreach,Queensland,144.271581,-23.43928,1,normalised_exact,2011,,15374,19572,34946,0,0,0,15374,19572,34946,1098,0,1098,31.83,0.0
LONGREACH,LRE,Longreach,Queensland,144.271581,-23.43928,1,normalised_exact,2012,,14760,15721,30481,0,0,0,14760,15721,30481,1273,0,1273,23.94,0.0
LONGREACH,LRE,Longreach,Queensland,144.271581,-23.43928,1,normalised_exact,2013,,15027,15996,31023,0,0,0,15027,15996,31023,1329,0,1329,23.34,0.0
LONGREACH,LRE,Longreach,Queensland,144.271581,-23.43928,1,normalised_exact,2014,,15258,16209,31467,0,0,0,15258,16209,31467,1260,0,1260,24.97,0.0
LONGREACH,LRE,Longreach,Queensland,144.271581,-23.43928,1,normalised_exact,2015,,14928,15731,30659,0,0,0,14928,15731,30659,1247,0,1247,24.59,0.0
LONGREACH,LRE,Longreach,Queensland,144.271581,-23.43928,1,normalised_exact,2016,,15071,15905,30976,0,0,0,15071,15905,30976,1235,0,1235,25.08,0.0
LONGREACH,LRE,Longreach,Queensland,144.271581,-23.43928,1,normalised_exact,2017,,15620,16666,32286,0,0,0,15620,16666,32286,1036,0,1036,31.16,0.0
LONGREACH,LRE,Longreach,Queensland,144.271581,-23.43928,1,normalised_exact,2018,,16543,17380,33923,0,0,0,16543,17380,33923,1269,0,1269,26.73,0.0
LONGREACH,LRE,Longreach,Queensland,144.271581,-23.43928,1,normalised_exact,2019,,16529,17439,33968,0,0,0,16529,17439,33968,1906,0,1906,17.82,0.0
LONGREACH,LRE,Longreach,Queensland,144.271581,-23.43928,1,normalised_exact,2020,,10656,10921,21577,0,0,0,10656,10921,21577,1773,0,1773,12.17,0.0
LONGREACH,LRE,Longreach,Queensland,144.271581,-23.43928,1,normalised_exact,2021,,16254,16921,33175,0,0,0,16254,16921,33175,1558,0,1558,21.29,0.0
LONGREACH,LRE,Longreach,Queensland,144.271581,-23.43928,1,normalised_exact,2022,,18874,19745,38619,0,0,0,18874,19745,38619,1440,0,1440,26.82,0.0
LONGREACH,LRE,Longreach,Queensland,144.271581,-23.43928,1,normalised_exact,2023,,19479,20172,39651,0,0,0,19479,20172,39651,1426,0,1426,27.81,0.0
LONGREACH,LRE,Longreach,Queensland,144.271581,-23.43928,1,normalised_exact,2024,,19354,20443,39797,0,0,0,19354,20443,39797,1432,0,1432,27.79,0.0
LONGREACH,LRE,Longreach,Queensland,144.271581,-23.43928,1,normalised_exact,2025,,20038,20866,40904,0,0,0,20038,20866,40904,1433,0,1433,28.54,0.0
LORD HOWE ISLAND,LDH,Lord Howe Island,New South Wales,159.078161,-31.540669,1,normalised_exact,1985,,8976,8029,17005,0,0,0,8976,8029,17005,2822,0,2822,6.03,0.0
LORD HOWE ISLAND,LDH,Lord Howe Island,New South Wales,159.078161,-31.540669,1,normalised_exact,1986,,9562,9212,18774,0,0,0,9562,9212,18774,3105,0,3105,6.05,0.0
LORD HOWE ISLAND,LDH,Lord Howe Island,New South Wales,159.078161,-31.540669,1,normalised_exact,1987,,9615,9675,19290,0,0,0,9615,9675,19290,3226,0,3226,5.98,0.0
LORD HOWE ISLAND,LDH,Lord Howe Island,New South Wales,159.078161,-31.540669,1,normalised_exact,1988,,10440,9975,20415,0,0,0,10440,9975,20415,3197,0,3197,6.39,0.0
LORD HOWE ISLAND,LDH,Lord Howe Island,New South Wales,159.078161,-31.540669,1,normalised_exact,1989,,10213,9660,19873,0,0,0,10213,9660,19873,3343,0,3343,5.94,0.0
LORD HOWE ISLAND,LDH,Lord Howe Island,New South Wales,159.078161,-31.540669,1,normalised_exact,1990,,8333,8752,17085,0,0,0,8333,8752,17085,1829,0,1829,9.34,0.0
LORD HOWE ISLAND,LDH,Lord Howe Island,New South Wales,159.078161,-31.540669,1,normalised_exact,1991,,6972,7075,14047,0,0,0,6972,7075,14047,1864,0,1864,7.54,0.0
LORD HOWE ISLAND,LDH,Lord Howe Island,New South Wales,159.078161,-31.540669,1,normalised_exact,1992,,11502,11747,23249,0,0,0,11502,11747,23249,2516,0,2516,9.24,0.0
LORD HOWE ISLAND,LDH,Lord Howe Island,New South Wales,159.078161,-31.540669,1,normalised_exact,1993,,9054,8674,17728,0,0,0,9054,8674,17728,1508,0,1508,11.76,0.0
LORD HOWE ISLAND,LDH,Lord Howe Island,New South Wales,159.078161,-31.540669,1,normalised_exact,1994,,8829,8562,17391,0,0,0,8829,8562,17391,687,0,687,25.31,0.0
LORD HOWE ISLAND,LDH,Lord Howe Island,New South Wales,159.078161,-31.540669,1,normalised_exact,1995,,10095,10038,20133,0,0,0,10095,10038,20133,779,0,779,25.84,0.0
LORD HOWE ISLAND,LDH,Lord Howe Island,New South Wales,159.078161,-31.540669,1,normalised_exact,1996,,10808,10802,21610,0,0,0,10808,10802,21610,942,0,942,22.94,0.0
LORD HOWE ISLAND,LDH,Lord Howe Island,New South Wales,159.078161,-31.540669,1,normalised_exact,1997,,12334,12347,24681,0,0,0,12334,12347,24681,1286,0,1286,19.19,0.0
LORD HOWE ISLAND,LDH,Lord Howe Island,New South Wales,159.078161,-31.540669,1,normalised_exact,1998,,13258,13416,26674,0,0,0,13258,13416,26674,1338,0,1338,19.94,0.0
LORD HOWE ISLAND,LDH,Lord Howe Island,New South Wales,159.078161,-31.540669,1,normalised_exact,1999,,13921,13943,27864,0,0,0,13921,13943,27864,1212,0,1212,22.99,0.0
LORD HOWE ISLAND,LDH,Lord Howe Island,New South Wales,159.078161,-31.540669,1,normalised_exact,2000,,12500,12596,25096,0,0,0,12500,12596,25096,1019,0,1019,24.63,0.0
LORD HOWE ISLAND,LDH,Lord Howe Island,New South Wales,159.078161,-31.540669,1,normalised_exact,2001,,12517,12542,25059,0,0,0,12517,12542,25059,998,0,998,25.11,0.0
LORD HOWE ISLAND,LDH,Lord Howe Island,New South Wales,159.078161,-31.540669,1,normalised_exact,2002,,12580,12565,25145,0,0,0,12580,12565,25145,1008,0,1008,24.95,0.0
LORD HOWE ISLAND,LDH,Lord Howe Island,New South Wales,159.078161,-31.540669,1,normalised_exact,2003,,13130,12985,26115,0,0,0,13130,12985,26115,1055,0,1055,24.75,0.0
LORD HOWE ISLAND,LDH,Lord Howe Island,New South Wales,159.078161,-31.540669,1,normalised_exact,2004,,13233,13218,26451,0,0,0,13233,13218,26451,1071,0,1071,24.7,0.0
LORD HOWE ISLAND,LDH,Lord Howe Island,New South Wales,159.078161,-31.540669,1,normalised_exact,2005,,14356,14253,28609,0,0,0,14356,14253,28609,1169,0,1169,24.47,0.0
LORD HOWE ISLAND,LDH,Lord Howe Island,New South Wales,159.078161,-31.540669,1,normalised_exact,2006,,16004,16095,32099,0,0,0,16004,16095,32099,1241,0,1241,25.87,0.0
LORD HOWE ISLAND,LDH,Lord Howe Island,New South Wales,159.078161,-31.540669,1,normalised_exact,2007,,16653,16872,33525,0,0,0,16653,16872,33525,1273,0,1273,26.34,0.0
LORD HOWE ISLAND,LDH,Lord Howe Island,New South Wales,159.078161,-31.540669,1,normalised_exact,2008,,17329,17244,34573,0,0,0,17329,17244,34573,1282,0,1282,26.97,0.0
LORD HOWE ISLAND,LDH,Lord Howe Island,New South Wales,159.078161,-31.540669,1,normalised_exact,2009,,16558,16520,33078,0,0,0,16558,16520,33078,1253,0,1253,26.4,0.0
LORD HOWE ISLAND,LDH,Lord Howe Island,New South Wales,159.078161,-31.540669,1,normalised_exact,2010,,16401,16433,32834,0,0,0,16401,16433,32834,1256,0,1256,26.14,0.0
LORD HOWE ISLAND,LDH,Lord Howe Island,New South Wales,159.078161,-31.540669,1,normalised_exact,2011,,15571,15554,31125,0,0,0,15571,15554,31125,1267,0,1267,24.57,0.0
LORD HOWE ISLAND,LDH,Lord Howe Island,New South Wales,159.078161,-31.540669,1,normalised_exact,2012,,16006,15871,31877,0,0,0,16006,15871,31877,1272,0,1272,25.06,0.0
LORD HOWE ISLAND,LDH,Lord Howe Island,New South Wales,159.078161,-31.540669,1,normalised_exact,2013,,16969,16989,33958,0,0,0,16969,16989,33958,1283,0,1283,26.47,0.0
LORD HOWE ISLAND,LDH,Lord Howe Island,New South Wales,159.078161,-31.540669,1,normalised_exact,2014,,16764,16716,33480,0,0,0,16764,16716,33480,1292,0,1292,25.91,0.0
LORD HOWE ISLAND,LDH,Lord Howe Island,New South Wales,159.078161,-31.540669,1,normalised_exact,2015,,16495,16448,32943,0,0,0,16495,16448,32943,1292,0,1292,25.5,0.0
LORD HOWE ISLAND,LDH,Lord Howe Island,New South Wales,159.078161,-31.540669,1,normalised_exact,2016,,17653,17819,35472,0,0,0,17653,17819,35472,1487,0,1487,23.85,0.0
LORD HOWE ISLAND,LDH,Lord Howe Island,New South Wales,159.078161,-31.540669,1,normalised_exact,2017,,17257,17300,34557,0,0,0,17257,17300,34557,1466,0,1466,23.57,0.0
LORD HOWE ISLAND,LDH,Lord Howe Island,New South Wales,159.078161,-31.540669,1,normalised_exact,2018,,17327,17180,34507,0,0,0,17327,17180,34507,1506,0,1506,22.91,0.0
LORD HOWE ISLAND,LDH,Lord Howe Island,New South Wales,159.078161,-31.540669,1,normalised_exact,2019,,16656,16824,33480,0,0,0,16656,16824,33480,1460,0,1460,22.93,0.0
LORD HOWE ISLAND,LDH,Lord Howe Island,New South Wales,159.078161,-31.540669,1,normalised_exact,2020,,8774,8787,17561,0,0,0,8774,8787,17561,850,0,850,20.66,0.0
LORD HOWE ISLAND,LDH,Lord Howe Island,New South Wales,159.078161,-31.540669,1,normalised_exact,2021,,12387,12329,24716,0,0,0,12387,12329,24716,1185,0,1185,20.86,0.0
LORD HOWE ISLAND,LDH,Lord Howe Island,New South Wales,159.078161,-31.540669,1,normalised_exact,2022,,15609,15524,31133,0,0,0,15609,15524,31133,1341,0,1341,23.22,0.0
LORD HOWE ISLAND,LDH,Lord Howe Island,New South Wales,159.078161,-31.540669,1,normalised_exact,2023,,14777,14771,29548,0,0,0,14777,14771,29548,1310,0,1310,22.56,0.0
LORD HOWE ISLAND,LDH,Lord Howe Island,New South Wales,159.078161,-31.540669,1,normalised_exact,2024,,14701,14654,29355,0,0,0,14701,14654,29355,1315,0,1315,22.32,0.0
LORD HOWE ISLAND,LDH,Lord Howe Island,New South Wales,159.078161,-31.540669,1,normalised_exact,2025,,15325,15298,30623,0,0,0,15325,15298,30623,1350,0,1350,22.68,0.0
MACKAY,MKY,Mackay,Queensland,149.181837,-21.176178,1,normalised_exact,1985,18,98746,99604,198350,0,0,0,98746,99604,198350,7854,0,7854,25.25,0.0
MACKAY,MKY,Mackay,Queensland,149.181837,-21.176178,1,normalised_exact,1986,17,110224,110812,221036,0,0,0,110224,110812,221036,8617,0,8617,25.65,0.0
MACKAY,MKY,Mackay,Queensland,149.181837,-21.176178,1,normalised_exact,1987,18,100409,101239,201648,0,0,0,100409,101239,201648,8445,0,8445,23.88,0.0
MACKAY,MKY,Mackay,Queensland,149.181837,-21.176178,1,normalised_exact,1988,16,99925,100977,200902,0,0,0,99925,100977,200902,10189,0,10189,19.72,0.0
MACKAY,MKY,Mackay,Queensland,149.181837,-21.176178,1,normalised_exact,1989,16,69542,71676,141218,0,0,0,69542,71676,141218,9021,0,9021,15.65,0.0
MACKAY,MKY,Mackay,Queensland,149.181837,-21.176178,1,normalised_exact,1990,17,83087,85060,168147,0,0,0,83087,85060,168147,7729,0,7729,21.76,0.0
MACKAY,MKY,Mackay,Queensland,149.181837,-21.176178,1,normalised_exact,1991,16,93939,96508,190447,0,0,0,93939,96508,190447,9942,0,9942,19.16,0.0
MACKAY,MKY,Mackay,Queensland,149.181837,-21.176178,1,normalised_exact,1992,16,105353,107378,212731,0,0,0,105353,107378,212731,9970,0,9970,21.34,0.0
MACKAY,MKY,Mackay,Queensland,149.181837,-21.176178,1,normalised_exact,1993,16,116331,118188,234519,0,0,0,116331,118188,234519,10959,0,10959,21.4,0.0
MACKAY,MKY,Mackay,Queensland,149.181837,-21.176178,1,normalised_exact,1994,17,127259,129256,256515,0,0,0,127259,129256,256515,11411,0,11411,22.48,0.0
MACKAY,MKY,Mackay,Queensland,149.181837,-21.176178,1,normalised_exact,1995,18,140163,142005,282168,0,0,0,140163,142005,282168,12355,0,12355,22.84,0.0
MACKAY,MKY,Mackay,Queensland,149.181837,-21.176178,1,normalised_exact,1996,18,146107,147315,293422,0,0,0,146107,147315,293422,12533,0,12533,23.41,0.0
MACKAY,MKY,Mackay,Queensland,149.181837,-21.176178,1,normalised_exact,1997,17,149566,150388,299954,0,0,0,149566,150388,299954,12302,0,12302,24.38,0.0
MACKAY,MKY,Mackay,Queensland,149.181837,-21.176178,1,normalised_exact,1998,17,140755,142619,283374,0,0,0,140755,142619,283374,12128,0,12128,23.37,0.0
MACKAY,MKY,Mackay,Queensland,149.181837,-21.176178,1,normalised_exact,1999,18,138081,139380,277461,0,0,0,138081,139380,277461,12296,0,12296,22.57,0.0
MACKAY,MKY,Mackay,Queensland,149.181837,-21.176178,1,normalised_exact,2000,17,138589,139771,278360,0,0,0,138589,139771,278360,12878,0,12878,21.62,0.0
MACKAY,MKY,Mackay,Queensland,149.181837,-21.176178,1,normalised_exact,2001,15,138053,139358,277411,0,0,0,138053,139358,277411,12359,0,12359,22.45,0.0
MACKAY,MKY,Mackay,Queensland,149.181837,-21.176178,1,normalised_exact,2002,15,168615,169616,338231,0,0,0,168615,169616,338231,9876,0,9876,34.25,0.0
MACKAY,MKY,Mackay,Queensland,149.181837,-21.176178,1,normalised_exact,2003,14,203705,202754,406459,0,0,0,203705,202754,406459,7700,0,7700,52.79,0.0
MACKAY,MKY,Mackay,Queensland,149.181837,-21.176178,1,normalised_exact,2004,15,255126,255870,510996,0,0,0,255126,255870,510996,8451,0,8451,60.47,0.0
MACKAY,MKY,Mackay,Queensland,149.181837,-21.176178,1,normalised_exact,2005,15,313443,314899,628342,0,0,0,313443,314899,628342,9351,0,9351,67.2,0.0
MACKAY,MKY,Mackay,Queensland,149.181837,-21.176178,1,normalised_exact,2006,15,353623,355154,708777,0,0,0,353623,355154,708777,9810,0,9810,72.25,0.0
MACKAY,MKY,Mackay,Queensland,149.181837,-21.176178,1,normalised_exact,2007,15,387788,389136,776924,0,0,0,387788,389136,776924,10324,0,10324,75.25,0.0
MACKAY,MKY,Mackay,Queensland,149.181837,-21.176178,1,normalised_exact,2008,15,459624,459772,919396,0,0,0,459624,459772,919396,11651,0,11651,78.91,0.0
MACKAY,MKY,Mackay,Queensland,149.181837,-21.176178,1,normalised_exact,2009,14,462851,462838,925689,0,0,0,462851,462838,925689,12372,0,12372,74.82,0.0
MACKAY,MKY,Mackay,Queensland,149.181837,-21.176178,1,normalised_exact,2010,14,489573,493494,983067,0,0,0,489573,493494,983067,14732,0,14732,66.73,0.0
MACKAY,MKY,Mackay,Queensland,149.181837,-21.176178,1,normalised_exact,2011,14,540522,542079,1082601,0,0,0,540522,542079,1082601,14745,0,14745,73.42,0.0
MACKAY,MKY,Mackay,Queensland,149.181837,-21.176178,1,normalised_exact,2012,14,561837,564406,1126243,0,0,0,561837,564406,1126243,14521,0,14521,77.56,0.0
MACKAY,MKY,Mackay,Queensland,149.181837,-21.176178,1,normalised_exact,2013,14,550711,551883,1102594,0,0,0,550711,551883,1102594,15130,0,15130,72.87,0.0
MACKAY,MKY,Mackay,Queensland,149.181837,-21.176178,1,normalised_exact,2014,14,484502,485461,969963,0,0,0,484502,485461,969963,13673,0,13673,70.94,0.0
MACKAY,MKY,Mackay,Queensland,149.181837,-21.176178,1,normalised_exact,2015,15,434538,434394,868932,0,0,0,434538,434394,868932,12574,0,12574,69.11,0.0
MACKAY,MKY,Mackay,Queensland,149.181837,-21.176178,1,normalised_exact,2016,15,383172,384481,767653,0,0,0,383172,384481,767653,11437,0,11437,67.12,0.0
MACKAY,MKY,Mackay,Queensland,149.181837,-21.176178,1,normalised_exact,2017,15,379464,383539,763003,0,0,0,379464,383539,763003,10134,0,10134,75.29,0.0
MACKAY,MKY,Mackay,Queensland,149.181837,-21.176178,1,normalised_exact,2018,15,403304,404662,807966,0,0,0,403304,404662,807966,10332,0,10332,78.2,0.0
MACKAY,MKY,Mackay,Queensland,149.181837,-21.176178,1,normalised_exact,2019,15,419147,421503,840650,0,0,0,419147,421503,840650,11128,0,11128,75.54,0.0
MACKAY,MKY,Mackay,Queensland,149.181837,-21.176178,1,normalised_exact,2020,13,225612,225632,451244,0,0,0,225612,225632,451244,7000,0,7000,64.46,0.0
MACKAY,MKY,Mackay,Queensland,149.181837,-21.176178,1,normalised_exact,2021,12,323921,323566,647487,0,0,0,323921,323566,647487,9106,0,9106,71.11,0.0
MACKAY,MKY,Mackay,Queensland,149.181837,-21.176178,1,normalised_exact,2022,15,410491,414213,824704,0,0,0,410491,414213,824704,9983,0,9983,82.61,0.0
MACKAY,MKY,Mackay,Queensland,149.181837,-21.176178,1,normalised_exact,2023,15,452665,456719,909384,0,0,0,452665,456719,909384,10945,0,10945,83.09,0.0
MACKAY,MKY,Mackay,Queensland,149.181837,-21.176178,1,normalised_exact,2024,15,448461,451849,900310,0,0,0,448461,451849,900310,10648,0,10648,84.55,0.0
MACKAY,MKY,Mackay,Queensland,149.181837,-21.176178,1,normalised_exact,2025,15,464272,470294,934566,0,0,0,464272,470294,934566,10667,0,10667,87.61,0.0
MANINGRIDA,,,,,,,unmatched,1985,,685,724,1409,0,0,0,685,724,1409,462,0,462,3.05,0.0
MANINGRIDA,,,,,,,unmatched,1988,,2,2,4,0,0,0,2,2,4,2,0,2,2.0,0.0
MANINGRIDA,,,,,,,unmatched,1991,,55,55,110,0,0,0,55,55,110,78,0,78,1.41,0.0
MANINGRIDA,,,,,,,unmatched,1992,,3266,3307,6573,0,0,0,3266,3307,6573,3935,0,3935,1.67,0.0
MANINGRIDA,,,,,,,unmatched,1993,,3880,4041,7921,0,0,0,3880,4041,7921,4752,0,4752,1.67,0.0
MANINGRIDA,,,,,,,unmatched,1994,,4555,4269,8824,0,0,0,4555,4269,8824,4574,0,4574,1.93,0.0
MANINGRIDA,,,,,,,unmatched,1995,,4040,4040,8080,0,0,0,4040,4040,8080,5146,0,5146,1.57,0.0
MANINGRIDA,,,,,,,unmatched,1996,,6226,6226,12452,0,0,0,6226,6226,12452,5588,0,5588,2.23,0.0
MANINGRIDA,,,,,,,unmatched,1997,,7277,7277,14554,0,0,0,7277,7277,14554,6244,0,6244,2.33,0.0
MANINGRIDA,,,,,,,unmatched,1998,,7289,7289,14578,0,0,0,7289,7289,14578,6730,0,6730,2.17,0.0
MANINGRIDA,,,,,,,unmatched,1999,,6817,6817,13634,0,0,0,6817,6817,13634,5932,0,5932,2.3,0.0
MANINGRIDA,,,,,,,unmatched,2000,,7344,7189,14533,0,0,0,7344,7189,14533,4381,0,4381,3.32,0.0
MANINGRIDA,,,,,,,unmatched,2001,,9144,8369,17513,0,0,0,9144,8369,17513,4284,0,4284,4.09,0.0
MANINGRIDA,,,,,,,unmatched,2002,,9980,9457,19437,0,0,0,9980,9457,19437,3537,0,3537,5.5,0.0
MANINGRIDA,,,,,,,unmatched,2003,,11523,11247,22770,0,0,0,11523,11247,22770,2816,0,2816,8.09,0.0
MANINGRIDA,,,,,,,unmatched,2004,,12276,12065,24341,0,0,0,12276,12065,24341,2541,0,2541,9.58,0.0
MANINGRIDA,,,,,,,unmatched,2005,,11749,11495,23244,0,0,0,11749,11495,23244,2524,0,2524,9.21,0.0
MANINGRIDA,,,,,,,unmatched,2006,,8861,8562,17423,0,0,0,8861,8562,17423,2193,0,2193,7.94,0.0
MANINGRIDA,,,,,,,unmatched,2007,,5681,5631,11312,0,0,0,5681,5631,11312,2460,0,2460,4.6,0.0
MANINGRIDA,,,,,,,unmatched,2008,,5469,5306,10775,0,0,0,5469,5306,10775,2446,0,2446,4.41,0.0
MANINGRIDA,,,,,,,unmatched,2009,,6298,6292,12590,0,0,0,6298,6292,12590,2481,0,2481,5.07,0.0
MANINGRIDA,,,,,,,unmatched,2010,,6915,6800,13715,0,0,0,6915,6800,13715,2426,0,2426,5.65,0.0
MANINGRIDA,,,,,,,unmatched,2011,,7353,7261,14614,0,0,0,7353,7261,14614,2459,0,2459,5.94,0.0
MANINGRIDA,,,,,,,unmatched,2012,,6781,6702,13483,0,0,0,6781,6702,13483,2480,0,2480,5.44,0.0
MANINGRIDA,,,,,,,unmatched,2013,,6450,6609,13059,0,0,0,6450,6609,13059,2473,0,2473,5.28,0.0
MANINGRIDA,,,,,,,unmatched,2014,,6073,6030,12103,0,0,0,6073,6030,12103,2448,0,2448,4.94,0.0
MANINGRIDA,,,,,,,unmatched,2015,,5599,5779,11378,0,0,0,5599,5779,11378,2398,0,2398,4.74,0.0
MANINGRIDA,,,,,,,unmatched,2016,,5755,5715,11470,0,0,0,5755,5715,11470,2404,0,2404,4.77,0.0
MANINGRIDA,,,,,,,unmatched,2017,,6182,6156,12338,0,0,0,6182,6156,12338,1873,0,1873,6.59,0.0
MANINGRIDA,,,,,,,unmatched,2018,,5623,5758,11381,0,0,0,5623,5758,11381,1647,0,1647,6.91,0.0
MANINGRIDA,,,,,,,unmatched,2019,,6272,6349,12621,0,0,0,6272,6349,12621,1616,0,1616,7.81,0.0
MANINGRIDA,,,,,,,unmatched,2020,,4386,4717,9103,0,0,0,4386,4717,9103,1242,0,1242,7.33,0.0
MANINGRIDA,,,,,,,unmatched,2021,,5932,5901,11833,0,0,0,5932,5901,11833,1659,0,1659,7.13,0.0
MANINGRIDA,,,,,,,unmatched,2022,,4807,4842,9649,0,0,0,4807,4842,9649,1410,0,1410,6.84,0.0
MANINGRIDA,,,,,,,unmatched,2023,,6318,6445,12763,0,0,0,6318,6445,12763,1682,0,1682,7.59,0.0
MANINGRIDA,,,,,,,unmatched,2024,,6850,6662,13512,0,0,0,6850,6662,13512,1691,0,1691,7.99,0.0
MANINGRIDA,,,,,,,unmatched,2025,,7193,7253,14446,0,0,0,7193,7253,14446,1797,0,1797,8.04,0.0
MCARTHUR RIVER,,,,,,,unmatched,1993,,329,328,657,0,0,0,329,328,657,384,0,384,1.71,0.0
MCARTHUR RIVER,,,,,,,unmatched,1994,,1237,1139,2376,0,0,0,1237,1139,2376,1040,0,1040,2.28,0.0
MCARTHUR RIVER,,,,,,,unmatched,1995,,7261,6862,14123,0,0,0,7261,6862,14123,1372,0,1372,10.29,0.0
MCARTHUR RIVER,,,,,,,unmatched,1996,,8608,8559,17167,0,0,0,8608,8559,17167,1060,0,1060,16.2,0.0
MCARTHUR RIVER,,,,,,,unmatched,1997,,8583,8766,17349,0,0,0,8583,8766,17349,958,0,958,18.11,0.0
MCARTHUR RIVER,,,,,,,unmatched,1998,,8882,8906,17788,0,0,0,8882,8906,17788,799,0,799,22.26,0.0
MCARTHUR RIVER,,,,,,,unmatched,1999,,8905,8941,17846,0,0,0,8905,8941,17846,936,0,936,19.07,0.0
MCARTHUR RIVER,,,,,,,unmatched,2000,,9405,9365,18770,0,0,0,9405,9365,18770,935,0,935,20.07,0.0
MCARTHUR RIVER,,,,,,,unmatched,2001,,9529,9478,19007,0,0,0,9529,9478,19007,937,0,937,20.28,0.0
MCARTHUR RIVER,,,,,,,unmatched,2002,,9346,9386,18732,0,0,0,9346,9386,18732,935,0,935,20.03,0.0
MCARTHUR RIVER,,,,,,,unmatched,2003,,9198,9172,18370,0,0,0,9198,9172,18370,936,0,936,19.63,0.0
MCARTHUR RIVER,,,,,,,unmatched,2004,,9366,9286,18652,0,0,0,9366,9286,18652,936,0,936,19.93,0.0
MCARTHUR RIVER,,,,,,,unmatched,2005,,4891,4612,9503,0,0,0,4891,4612,9503,422,0,422,22.52,0.0
MCARTHUR RIVER,,,,,,,unmatched,2006,,125,117,242,0,0,0,125,117,242,229,0,229,1.06,0.0
MCARTHUR RIVER,,,,,,,unmatched,2009,,1502,1644,3146,0,0,0,1502,1644,3146,88,0,88,35.75,0.0
MCARTHUR RIVER,,,,,,,unmatched,2010,,9886,10139,20025,0,0,0,9886,10139,20025,512,0,512,39.11,0.0
MCARTHUR RIVER,,,,,,,unmatched,2011,,12685,12883,25568,0,0,0,12685,12883,25568,573,0,573,44.62,0.0
MCARTHUR RIVER,,,,,,,unmatched,2012,,15794,15736,31530,0,0,0,15794,15736,31530,700,0,700,45.04,0.0
MCARTHUR RIVER,,,,,,,unmatched,2013,,23125,22924,46049,0,0,0,23125,22924,46049,941,0,941,48.94,0.0
MCARTHUR RIVER,,,,,,,unmatched,2014,,18861,19224,38085,0,0,0,18861,19224,38085,846,0,846,45.02,0.0
MCARTHUR RIVER,,,,,,,unmatched,2015,,15653,14692,30345,0,0,0,15653,14692,30345,914,0,914,33.2,0.0
MCARTHUR RIVER,,,,,,,unmatched,2016,,12361,12177,24538,0,0,0,12361,12177,24538,780,0,780,31.46,0.0
MCARTHUR RIVER,,,,,,,unmatched,2017,,13717,13642,27359,0,0,0,13717,13642,27359,619,0,619,44.2,0.0
MCARTHUR RIVER,,,,,,,unmatched,2018,,15619,15496,31115,0,0,0,15619,15496,31115,625,0,625,49.78,0.0
MCARTHUR RIVER,,,,,,,unmatched,2019,,16487,16320,32807,0,0,0,16487,16320,32807,628,0,628,52.24,0.0
MCARTHUR RIVER,,,,,,,unmatched,2020,,5055,5076,10131,0,0,0,5055,5076,10131,213,0,213,47.56,0.0
MCARTHUR RIVER,,,,,,,unmatched,2021,,110,63,173,0,0,0,110,63,173,3,0,3,57.67,0.0
MCARTHUR RIVER,,,,,,,unmatched,2022,,84,188,272,0,0,0,84,188,272,5,0,5,54.4,0.0
MCARTHUR RIVER,,,,,,,unmatched,2023,,12932,13387,26319,0,0,0,12932,13387,26319,426,0,426,61.78,0.0
MCARTHUR RIVER,,,,,,,unmatched,2024,,20460,20600,41060,0,0,0,20460,20600,41060,635,0,635,64.66,0.0
MCARTHUR RIVER,,,,,,,unmatched,2025,,19582,19857,39439,0,0,0,19582,19857,39439,632,0,632,62.4,0.0
MELBOURNE,MEL,Melbourne - Terminals 1 2 and 3,Victoria,144.849892,-37.670539,2,normalised_exact,1985,2,2582309,2582207,5164516,603341,571099,1174440,3185650,3153306,6338956,73069,11360,84429,75.08,0.18527
MELBOURNE,MEL,Melbourne - Terminals 1 2 and 3,Victoria,144.849892,-37.670539,2,normalised_exact,1986,2,2680498,2673151,5353649,655643,617436,1273079,3336141,3290587,6626728,74141,12688,86829,76.32,0.19211
MELBOURNE,MEL,Melbourne - Terminals 1 2 and 3,Victoria,144.849892,-37.670539,2,normalised_exact,1987,2,2849607,2850349,5699956,745601,673090,1418691,3595208,3523439,7118647,77182,13619,90801,78.4,0.19929
MELBOURNE,MEL,Melbourne - Terminals 1 2 and 3,Victoria,144.849892,-37.670539,2,normalised_exact,1988,2,3092370,3083814,6176184,799738,739532,1539270,3892108,3823346,7715454,79876,13907,93783,82.27,0.1995
MELBOURNE,MEL,Melbourne - Terminals 1 2 and 3,Victoria,144.849892,-37.670539,2,normalised_exact,1989,2,2455652,2439423,4895075,832589,796693,1629282,3288241,3236116,6524357,67732,14697,82429,79.15,0.24972
MELBOURNE,MEL,Melbourne - Terminals 1 2 and 3,Victoria,144.849892,-37.670539,2,normalised_exact,1990,2,3076429,3067228,6143657,875722,841469,1717191,3952151,3908697,7860848,79617,16042,95659,82.18,0.21845
MELBOURNE,MEL,Melbourne - Terminals 1 2 and 3,Victoria,144.849892,-37.670539,2,normalised_exact,1991,2,3975176,3964330,7939506,864208,839658,1703866,4839384,4803988,9643372,92553,15141,107694,89.54,0.17669
MELBOURNE,MEL,Melbourne - Terminals 1 2 and 3,Victoria,144.849892,-37.670539,2,normalised_exact,1992,2,4091538,4080475,8172013,873248,864708,1737956,4964786,4945183,9909969,99447,15637,115084,86.11,0.17537
MELBOURNE,MEL,Melbourne - Terminals 1 2 and 3,Victoria,144.849892,-37.670539,2,normalised_exact,1993,2,4331646,4314752,8646398,930161,917716,1847877,5261807,5232468,10494275,102403,16232,118635,88.46,0.17608
MELBOURNE,MEL,Melbourne - Terminals 1 2 and 3,Victoria,144.849892,-37.670539,2,normalised_exact,1994,2,4811148,4808667,9619815,947188,924320,1871508,5758336,5732987,11491323,107556,14763,122319,93.95,0.16286
MELBOURNE,MEL,Melbourne - Terminals 1 2 and 3,Victoria,144.849892,-37.670539,2,normalised_exact,1995,2,5256179,5225516,10481695,1008997,1002157,2011154,6265176,6227673,12492849,114729,15226,129955,96.13,0.16098
MELBOURNE,MEL,Melbourne - Terminals 1 2 and 3,Victoria,144.849892,-37.670539,2,normalised_exact,1996,2,5558900,5538364,11097264,1103686,1089623,2193309,6662586,6627987,13290573,118681,16479,135160,98.33,0.16503
MELBOURNE,MEL,Melbourne - Terminals 1 2 and 3,Victoria,144.849892,-37.670539,2,normalised_exact,1997,2,5625360,5602351,11227711,1188304,1184831,2373135,6813664,6787182,13600846,119984,17453,137437,98.96,0.17448
MELBOURNE,MEL,Melbourne - Terminals 1 2 and 3,Victoria,144.849892,-37.670539,2,normalised_exact,1998,2,5715032,5714109,11429141,1260363,1228769,2489132,6975395,6942878,13918273,121928,17732,139660,99.66,0.17884
MELBOURNE,MEL,Melbourne - Terminals 1 2 and 3,Victoria,144.849892,-37.670539,2,normalised_exact,1999,2,5949558,5951398,11900956,1335558,1319249,2654807,7285116,7270647,14555763,125573,18879,144452,100.77,0.18239
MELBOURNE,MEL,Melbourne - Terminals 1 2 and 3,Victoria,144.849892,-37.670539,2,normalised_exact,2000,2,6476040,6457707,12933747,1518891,1524738,3043629,7994931,7982445,15977376,140327,21598,161925,98.67,0.1905
MELBOURNE,MEL,Melbourne - Terminals 1 2 and 3,Victoria,144.849892,-37.670539,2,normalised_exact,2001,2,6643986,6621863,13265849,1667877,1647695,3315572,8311863,8269558,16581421,143081,23421,166502,99.59,0.19996
MELBOURNE,MEL,Melbourne - Terminals 1 2 and 3,Victoria,144.849892,-37.670539,2,normalised_exact,2002,2,6450069,6433080,12883149,1677808,1635943,3313751,8127877,8069023,16196900,123145,21498,144643,111.98,0.20459
MELBOURNE,MEL,Melbourne - Terminals 1 2 and 3,Victoria,144.849892,-37.670539,2,normalised_exact,2003,2,7014218,7007271,14021489,1620653,1578881,3199534,8634871,8586152,17221023,126427,21329,147756,116.55,0.18579
MELBOURNE,MEL,Melbourne - Terminals 1 2 and 3,Victoria,144.849892,-37.670539,2,normalised_exact,2004,2,7904151,7908799,15812950,1993040,1943395,3936435,9897191,9852194,19749385,144061,26681,170742,115.67,0.19932
MELBOURNE,MEL,Melbourne - Terminals 1 2 and 3,Victoria,144.849892,-37.670539,2,normalised_exact,2005,2,8225693,8279434,16505127,2150224,2074411,4224635,10375917,10353845,20729762,149220,26756,175976,117.8,0.2038
MELBOURNE,MEL,Melbourne - Terminals 1 2 and 3,Victoria,144.849892,-37.670539,2,normalised_exact,2006,2,8638580,8637998,17276578,2181306,2109984,4291290,10819886,10747982,21567868,151566,23949,175515,122.88,0.19897
MELBOURNE,MEL,Melbourne - Terminals 1 2 and 3,Victoria,144.849892,-37.670539,2,normalised_exact,2007,2,9089994,9095331,18185325,2308615,2256469,4565084,11398609,11351800,22750409,153862,24233,178095,127.74,0.20066
MELBOURNE,MEL,Melbourne - Terminals 1 2 and 3,Victoria,144.849892,-37.670539,2,normalised_exact,2008,2,9930819,9904567,19835386,2400197,2332347,4732544,12331016,12236914,24567930,166473,25863,192336,127.73,0.19263
MELBOURNE,MEL,Melbourne - Terminals 1 2 and 3,Victoria,144.849892,-37.670539,2,normalised_exact,2009,2,9883405,9871813,19755218,2588313,2542039,5130352,12471718,12413852,24885570,158047,29061,187108,133.0,0.20616
MELBOURNE,MEL,Melbourne - Terminals 1 2 and 3,Victoria,144.849892,-37.670539,2,normalised_exact,2010,2,10765659,10756594,21522253,2942050,2930461,5872511,13707709,13687055,27394764,172673,31909,204582,133.91,0.21437
MELBOURNE,MEL,Melbourne - Terminals 1 2 and 3,Victoria,144.849892,-37.670539,2,normalised_exact,2011,2,10615858,10590688,21206546,3248438,3212520,6460958,13864296,13803208,27667504,170033,33775,203808,135.75,0.23352
MELBOURNE,MEL,Melbourne - Terminals 1 2 and 3,Victoria,144.849892,-37.670539,2,normalised_exact,2012,2,11063471,11034879,22098350,3439570,3379672,6819242,14503041,14414551,28917592,177808,35415,213223,135.62,0.23582
MELBOURNE,MEL,Melbourne - Terminals 1 2 and 3,Victoria,144.849892,-37.670539,2,normalised_exact,2013,2,11480993,11427291,22908284,3683770,3628373,7312143,15164763,15055664,30220427,181089,37495,218584,138.26,0.24196
MELBOURNE,MEL,Melbourne - Terminals 1 2 and 3,Victoria,144.849892,-37.670539,2,normalised_exact,2014,2,11701325,11663002,23364327,4031981,3990485,8022466,15733306,15653487,31386793,184808,40472,225280,139.32,0.2556
MELBOURNE,MEL,Melbourne - Terminals 1 2 and 3,Victoria,144.849892,-37.670539,2,normalised_exact,2015,2,11989261,11941636,23930897,4458023,4401293,8859316,16447284,16342929,32790213,190123,42313,232436,141.07,0.27018
MELBOURNE,MEL,Melbourne - Terminals 1 2 and 3,Victoria,144.849892,-37.670539,2,normalised_exact,2016,2,12396220,12336383,24732603,4855000,4787586,9642586,17251220,17123969,34375189,191574,44672,236246,145.51,0.28051
MELBOURNE,MEL,Melbourne - Terminals 1 2 and 3,Victoria,144.849892,-37.670539,2,normalised_exact,2017,2,12636284,12599454,25235738,5210547,5113235,10323782,17846831,17712689,35559520,191737,46882,238619,149.02,0.29032
MELBOURNE,MEL,Melbourne - Terminals 1 2 and 3,Victoria,144.849892,-37.670539,2,normalised_exact,2018,2,12854246,12838499,25692745,5656022,5567862,11223884,18510268,18406361,36916629,190947,51866,242813,152.04,0.30403
MELBOURNE,MEL,Melbourne - Terminals 1 2 and 3,Victoria,144.849892,-37.670539,2,normalised_exact,2019,2,12918042,12897605,25815647,5698079,5620565,11318644,18616121,18518170,37134291,191043,52027,243070,152.77,0.3048
MELBOURNE,MEL,Melbourne - Terminals 1 2 and 3,Victoria,144.849892,-37.670539,2,normalised_exact,2020,2,3218946,3243995,6462941,1257366,1177085,2434451,4476312,4421080,8897392,62154,18477,80631,110.35,0.27361
MELBOURNE,MEL,Melbourne - Terminals 1 2 and 3,Victoria,144.849892,-37.670539,2,normalised_exact,2021,3,3391200,3372486,6763686,172458,224132,396590,3563658,3596618,7160276,78605,12674,91279,78.44,0.05539
MELBOURNE,MEL,Melbourne - Terminals 1 2 and 3,Victoria,144.849892,-37.670539,2,normalised_exact,2022,2,10152671,10157160,20309831,2763931,2643596,5407527,12916602,12800756,25717358,163978,29294,193272,133.06,0.21027
MELBOURNE,MEL,Melbourne - Terminals 1 2 and 3,Victoria,144.849892,-37.670539,2,normalised_exact,2023,2,11593257,11637346,23230603,5080815,4921144,10001959,16674072,16558490,33232562,182480,50398,232878,142.7,0.30097
MELBOURNE,MEL,Melbourne - Terminals 1 2 and 3,Victoria,144.849892,-37.670539,2,normalised_exact,2024,2,12006974,12017002,24023976,5799474,5696562,11496036,17806448,17713564,35520012,182890,55975,238865,148.7,0.32365
MELBOURNE,MEL,Melbourne - Terminals 1 2 and 3,Victoria,144.849892,-37.670539,2,normalised_exact,2025,2,12206909,12213836,24420745,6182182,6091147,12273329,18389091,18304983,36694074,180388,58208,238596,153.79,0.33448
MERIMBULA,MIM,Merimbula,New South Wales,149.902139,-36.909626,1,normalised_exact,1985,,17979,17875,35854,0,0,0,17979,17875,35854,1776,0,1776,20.19,0.0
MERIMBULA,MIM,Merimbula,New South Wales,149.902139,-36.909626,1,normalised_exact,1986,,17974,17594,35568,0,0,0,17974,17594,35568,1686,0,1686,21.1,0.0
MERIMBULA,MIM,Merimbula,New South Wales,149.902139,-36.909626,1,normalised_exact,1987,,17965,17196,35161,0,0,0,17965,17196,35161,1700,0,1700,20.68,0.0
MERIMBULA,MIM,Merimbula,New South Wales,149.902139,-36.909626,1,normalised_exact,1988,,18137,17591,35728,0,0,0,18137,17591,35728,1655,0,1655,21.59,0.0
MERIMBULA,MIM,Merimbula,New South Wales,149.902139,-36.909626,1,normalised_exact,1989,,13899,13600,27499,0,0,0,13899,13600,27499,1877,0,1877,14.65,0.0
MERIMBULA,MIM,Merimbula,New South Wales,149.902139,-36.909626,1,normalised_exact,1990,,11950,12362,24312,0,0,0,11950,12362,24312,2661,0,2661,9.14,0.0
MERIMBULA,MIM,Merimbula,New South Wales,149.902139,-36.909626,1,normalised_exact,1991,,10747,10829,21576,0,0,0,10747,10829,21576,2047,0,2047,10.54,0.0
MERIMBULA,MIM,Merimbula,New South Wales,149.902139,-36.909626,1,normalised_exact,1992,,10940,11075,22015,0,0,0,10940,11075,22015,2105,0,2105,10.46,0.0
MERIMBULA,MIM,Merimbula,New South Wales,149.902139,-36.909626,1,normalised_exact,1993,,11071,10940,22011,0,0,0,11071,10940,22011,2207,0,2207,9.97,0.0
MERIMBULA,MIM,Merimbula,New South Wales,149.902139,-36.909626,1,normalised_exact,1994,,12092,11925,24017,0,0,0,12092,11925,24017,2131,0,2131,11.27,0.0
MERIMBULA,MIM,Merimbula,New South Wales,149.902139,-36.909626,1,normalised_exact,1995,,12348,12032,24380,0,0,0,12348,12032,24380,3133,0,3133,7.78,0.0
MERIMBULA,MIM,Merimbula,New South Wales,149.902139,-36.909626,1,normalised_exact,1996,,12906,12941,25847,0,0,0,12906,12941,25847,3193,0,3193,8.09,0.0
MERIMBULA,MIM,Merimbula,New South Wales,149.902139,-36.909626,1,normalised_exact,1997,,13559,13465,27024,0,0,0,13559,13465,27024,2819,0,2819,9.59,0.0
MERIMBULA,MIM,Merimbula,New South Wales,149.902139,-36.909626,1,normalised_exact,1998,,13831,13860,27691,0,0,0,13831,13860,27691,2830,0,2830,9.78,0.0
MERIMBULA,MIM,Merimbula,New South Wales,149.902139,-36.909626,1,normalised_exact,1999,,13980,14094,28074,0,0,0,13980,14094,28074,2718,0,2718,10.33,0.0
MERIMBULA,MIM,Merimbula,New South Wales,149.902139,-36.909626,1,normalised_exact,2000,,14048,14071,28119,0,0,0,14048,14071,28119,2618,0,2618,10.74,0.0
MERIMBULA,MIM,Merimbula,New South Wales,149.902139,-36.909626,1,normalised_exact,2001,,11267,11425,22692,0,0,0,11267,11425,22692,2320,0,2320,9.78,0.0
MERIMBULA,MIM,Merimbula,New South Wales,149.902139,-36.909626,1,normalised_exact,2002,,10856,10902,21758,0,0,0,10856,10902,21758,2491,0,2491,8.73,0.0
MERIMBULA,MIM,Merimbula,New South Wales,149.902139,-36.909626,1,normalised_exact,2003,,12508,12572,25080,0,0,0,12508,12572,25080,2751,0,2751,9.12,0.0
MERIMBULA,MIM,Merimbula,New South Wales,149.902139,-36.909626,1,normalised_exact,2004,,22622,22508,45130,0,0,0,22622,22508,45130,2687,0,2687,16.8,0.0
MERIMBULA,MIM,Merimbula,New South Wales,149.902139,-36.909626,1,normalised_exact,2005,52,26650,26582,53232,0,0,0,26650,26582,53232,2888,0,2888,18.43,0.0
MERIMBULA,MIM,Merimbula,New South Wales,149.902139,-36.909626,1,normalised_exact,2006,50,30611,30773,61384,0,0,0,30611,30773,61384,2981,0,2981,20.59,0.0
MERIMBULA,MIM,Merimbula,New South Wales,149.902139,-36.909626,1,normalised_exact,2007,50,32880,33206,66086,0,0,0,32880,33206,66086,2911,0,2911,22.7,0.0
MERIMBULA,MIM,Merimbula,New South Wales,149.902139,-36.909626,1,normalised_exact,2008,56,29654,29553,59207,0,0,0,29654,29553,59207,2894,0,2894,20.46,0.0
MERIMBULA,MIM,Merimbula,New South Wales,149.902139,-36.909626,1,normalised_exact,2009,56,26459,26661,53120,0,0,0,26459,26661,53120,2810,0,2810,18.9,0.0
MERIMBULA,MIM,Merimbula,New South Wales,149.902139,-36.909626,1,normalised_exact,2010,59,26021,26101,52122,0,0,0,26021,26101,52122,2800,0,2800,18.61,0.0
MERIMBULA,MIM,Merimbula,New South Wales,149.902139,-36.909626,1,normalised_exact,2011,60,25531,25530,51061,0,0,0,25531,25530,51061,2997,0,2997,17.04,0.0
MERIMBULA,MIM,Merimbula,New South Wales,149.902139,-36.909626,1,normalised_exact,2012,60,25573,25431,51004,0,0,0,25573,25431,51004,3013,0,3013,16.93,0.0
MERIMBULA,MIM,Merimbula,New South Wales,149.902139,-36.909626,1,normalised_exact,2013,,22871,22715,45586,0,0,0,22871,22715,45586,2914,0,2914,15.64,0.0
MERIMBULA,MIM,Merimbula,New South Wales,149.902139,-36.909626,1,normalised_exact,2014,,25007,24939,49946,0,0,0,25007,24939,49946,3356,0,3356,14.88,0.0
MERIMBULA,MIM,Merimbula,New South Wales,149.902139,-36.909626,1,normalised_exact,2015,60,26408,26773,53181,0,0,0,26408,26773,53181,3055,0,3055,17.41,0.0
MERIMBULA,MIM,Merimbula,New South Wales,149.902139,-36.909626,1,normalised_exact,2016,57,27657,27708,55365,0,0,0,27657,27708,55365,3089,0,3089,17.92,0.0
MERIMBULA,MIM,Merimbula,New South Wales,149.902139,-36.909626,1,normalised_exact,2017,60,28806,28824,57630,0,0,0,28806,28824,57630,3022,0,3022,19.07,0.0
MERIMBULA,MIM,Merimbula,New South Wales,149.902139,-36.909626,1,normalised_exact,2018,58,30348,30529,60877,0,0,0,30348,30529,60877,2917,0,2917,20.87,0.0
MERIMBULA,MIM,Merimbula,New South Wales,149.902139,-36.909626,1,normalised_exact,2019,60,30100,30176,60276,0,0,0,30100,30176,60276,3088,0,3088,19.52,0.0
MERIMBULA,MIM,Merimbula,New South Wales,149.902139,-36.909626,1,normalised_exact,2020,,8986,9342,18328,0,0,0,8986,9342,18328,1631,0,1631,11.24,0.0
MERIMBULA,MIM,Merimbula,New South Wales,149.902139,-36.909626,1,normalised_exact,2021,,14863,14840,29703,0,0,0,14863,14840,29703,2403,0,2403,12.36,0.0
MERIMBULA,MIM,Merimbula,New South Wales,149.902139,-36.909626,1,normalised_exact,2022,58,27377,27462,54839,0,0,0,27377,27462,54839,3344,0,3344,16.4,0.0
MERIMBULA,MIM,Merimbula,New South Wales,149.902139,-36.909626,1,normalised_exact,2023,58,30872,30609,61481,0,0,0,30872,30609,61481,3665,0,3665,16.78,0.0
MERIMBULA,MIM,Merimbula,New South Wales,149.902139,-36.909626,1,normalised_exact,2024,58,29254,29067,58321,0,0,0,29254,29067,58321,3619,0,3619,16.12,0.0
MERIMBULA,MIM,Merimbula,New South Wales,149.902139,-36.909626,1,normalised_exact,2025,58,31068,30798,61866,0,0,0,31068,30798,61866,3563,0,3563,17.36,0.0
MILDURA,MQL,Mildura,Victoria,142.084637,-34.230654,1,normalised_exact,1985,45,25603,25806,51409,0,0,0,25603,25806,51409,5257,0,5257,9.78,0.0
MILDURA,MQL,Mildura,Victoria,142.084637,-34.230654,1,normalised_exact,1986,43,28533,28526,57059,0,0,0,28533,28526,57059,5776,0,5776,9.88,0.0
MILDURA,MQL,Mildura,Victoria,142.084637,-34.230654,1,normalised_exact,1987,42,28952,28924,57876,0,0,0,28952,28924,57876,5859,0,5859,9.88,0.0
MILDURA,MQL,Mildura,Victoria,142.084637,-34.230654,1,normalised_exact,1988,42,29097,29630,58727,0,0,0,29097,29630,58727,5989,0,5989,9.81,0.0
MILDURA,MQL,Mildura,Victoria,142.084637,-34.230654,1,normalised_exact,1989,35,27086,27685,54771,0,0,0,27086,27685,54771,5675,0,5675,9.65,0.0
MILDURA,MQL,Mildura,Victoria,142.084637,-34.230654,1,normalised_exact,1990,39,25070,25184,50254,0,0,0,25070,25184,50254,5583,0,5583,9.0,0.0
MILDURA,MQL,Mildura,Victoria,142.084637,-34.230654,1,normalised_exact,1991,,22878,23615,46493,0,0,0,22878,23615,46493,5650,0,5650,8.23,0.0
MILDURA,MQL,Mildura,Victoria,142.084637,-34.230654,1,normalised_exact,1992,42,26432,26837,53269,0,0,0,26432,26837,53269,5609,0,5609,9.5,0.0
MILDURA,MQL,Mildura,Victoria,142.084637,-34.230654,1,normalised_exact,1993,41,30802,31133,61935,0,0,0,30802,31133,61935,5687,0,5687,10.89,0.0
MILDURA,MQL,Mildura,Victoria,142.084637,-34.230654,1,normalised_exact,1994,42,34637,34663,69300,0,0,0,34637,34663,69300,5622,0,5622,12.33,0.0
MILDURA,MQL,Mildura,Victoria,142.084637,-34.230654,1,normalised_exact,1995,37,38636,39211,77847,0,0,0,38636,39211,77847,5795,0,5795,13.43,0.0
MILDURA,MQL,Mildura,Victoria,142.084637,-34.230654,1,normalised_exact,1996,36,45850,46541,92391,0,0,0,45850,46541,92391,5752,0,5752,16.06,0.0
MILDURA,MQL,Mildura,Victoria,142.084637,-34.230654,1,normalised_exact,1997,33,51635,52234,103869,0,0,0,51635,52234,103869,6095,0,6095,17.04,0.0
MILDURA,MQL,Mildura,Victoria,142.084637,-34.230654,1,normalised_exact,1998,32,56012,56507,112519,0,0,0,56012,56507,112519,6884,0,6884,16.35,0.0
MILDURA,MQL,Mildura,Victoria,142.084637,-34.230654,1,normalised_exact,1999,30,58281,59080,117361,0,0,0,58281,59080,117361,7308,0,7308,16.06,0.0
MILDURA,MQL,Mildura,Victoria,142.084637,-34.230654,1,normalised_exact,2000,30,61202,61897,123099,0,0,0,61202,61897,123099,7054,0,7054,17.45,0.0
MILDURA,MQL,Mildura,Victoria,142.084637,-34.230654,1,normalised_exact,2001,30,50822,51154,101976,0,0,0,50822,51154,101976,5713,0,5713,17.85,0.0
MILDURA,MQL,Mildura,Victoria,142.084637,-34.230654,1,normalised_exact,2002,30,48657,48967,97624,0,0,0,48657,48967,97624,5979,0,5979,16.33,0.0
MILDURA,MQL,Mildura,Victoria,142.084637,-34.230654,1,normalised_exact,2003,28,56008,56191,112199,0,0,0,56008,56191,112199,6486,0,6486,17.3,0.0
MILDURA,MQL,Mildura,Victoria,142.084637,-34.230654,1,normalised_exact,2004,28,69589,70009,139598,0,0,0,69589,70009,139598,6565,0,6565,21.26,0.0
MILDURA,MQL,Mildura,Victoria,142.084637,-34.230654,1,normalised_exact,2005,29,75140,75362,150502,0,0,0,75140,75362,150502,6966,0,6966,21.61,0.0
MILDURA,MQL,Mildura,Victoria,142.084637,-34.230654,1,normalised_exact,2006,31,80867,81478,162345,0,0,0,80867,81478,162345,7549,0,7549,21.51,0.0
MILDURA,MQL,Mildura,Victoria,142.084637,-34.230654,1,normalised_exact,2007,33,84977,86230,171207,0,0,0,84977,86230,171207,7414,0,7414,23.09,0.0
MILDURA,MQL,Mildura,Victoria,142.084637,-34.230654,1,normalised_exact,2008,33,86622,86129,172751,0,0,0,86622,86129,172751,6543,0,6543,26.4,0.0
MILDURA,MQL,Mildura,Victoria,142.084637,-34.230654,1,normalised_exact,2009,30,99054,98923,197977,0,0,0,99054,98923,197977,6100,0,6100,32.46,0.0
MILDURA,MQL,Mildura,Victoria,142.084637,-34.230654,1,normalised_exact,2010,30,103993,103892,207885,0,0,0,103993,103892,207885,5785,0,5785,35.94,0.0
MILDURA,MQL,Mildura,Victoria,142.084637,-34.230654,1,normalised_exact,2011,34,99366,99643,199009,0,0,0,99366,99643,199009,5433,0,5433,36.63,0.0
MILDURA,MQL,Mildura,Victoria,142.084637,-34.230654,1,normalised_exact,2012,34,105077,105034,210111,0,0,0,105077,105034,210111,5970,0,5970,35.19,0.0
MILDURA,MQL,Mildura,Victoria,142.084637,-34.230654,1,normalised_exact,2013,34,108932,109048,217980,0,0,0,108932,109048,217980,7148,0,7148,30.5,0.0
MILDURA,MQL,Mildura,Victoria,142.084637,-34.230654,1,normalised_exact,2014,34,106802,107269,214071,0,0,0,106802,107269,214071,7152,0,7152,29.93,0.0
MILDURA,MQL,Mildura,Victoria,142.084637,-34.230654,1,normalised_exact,2015,31,106591,106910,213501,0,0,0,106591,106910,213501,7203,0,7203,29.64,0.0
MILDURA,MQL,Mildura,Victoria,142.084637,-34.230654,1,normalised_exact,2016,31,110784,111016,221800,0,0,0,110784,111016,221800,7335,0,7335,30.24,0.0
MILDURA,MQL,Mildura,Victoria,142.084637,-34.230654,1,normalised_exact,2017,31,113573,113949,227522,0,0,0,113573,113949,227522,7285,0,7285,31.23,0.0
MILDURA,MQL,Mildura,Victoria,142.084637,-34.230654,1,normalised_exact,2018,30,120560,121016,241576,0,0,0,120560,121016,241576,6886,0,6886,35.08,0.0
MILDURA,MQL,Mildura,Victoria,142.084637,-34.230654,1,normalised_exact,2019,30,120404,120652,241056,0,0,0,120404,120652,241056,6305,0,6305,38.23,0.0
MILDURA,MQL,Mildura,Victoria,142.084637,-34.230654,1,normalised_exact,2020,36,30522,30940,61462,0,0,0,30522,30940,61462,2374,0,2374,25.89,0.0
MILDURA,MQL,Mildura,Victoria,142.084637,-34.230654,1,normalised_exact,2021,41,35829,36281,72110,0,0,0,35829,36281,72110,3774,0,3774,19.11,0.0
MILDURA,MQL,Mildura,Victoria,142.084637,-34.230654,1,normalised_exact,2022,34,83691,83931,167622,0,0,0,83691,83931,167622,6565,0,6565,25.53,0.0
MILDURA,MQL,Mildura,Victoria,142.084637,-34.230654,1,normalised_exact,2023,32,110929,109829,220758,0,0,0,110929,109829,220758,7003,0,7003,31.52,0.0
MILDURA,MQL,Mildura,Victoria,142.084637,-34.230654,1,normalised_exact,2024,32,105191,104151,209342,0,0,0,105191,104151,209342,6294,0,6294,33.26,0.0
MILDURA,MQL,Mildura,Victoria,142.084637,-34.230654,1,normalised_exact,2025,37,94462,93133,187595,0,0,0,94462,93133,187595,5392,0,5392,34.79,0.0
MILES,,,,,,,unmatched,2016,,8,21,29,0,0,0,8,21,29,3,0,3,9.67,0.0
MILES,,,,,,,unmatched,2020,,8,38,46,0,0,0,8,38,46,2,0,2,23.0,0.0
MILES,,,,,,,unmatched,2021,,0,4,4,0,0,0,0,4,4,1,0,1,4.0,0.0
MILES,,,,,,,unmatched,2022,,3066,3209,6275,0,0,0,3066,3209,6275,226,0,226,27.77,0.0
MILES,,,,,,,unmatched,2023,,7908,8379,16287,0,0,0,7908,8379,16287,410,0,410,39.72,0.0
MILES,,,,,,,unmatched,2024,,8630,8794,17424,0,0,0,8630,8794,17424,432,0,432,40.33,0.0
MILES,,,,,,,unmatched,2025,,10317,10362,20679,0,0,0,10317,10362,20679,510,0,510,40.55,0.0
MILINGIMBI,,,,,,,unmatched,1985,,1983,1810,3793,0,0,0,1983,1810,3793,1288,0,1288,2.94,0.0
MILINGIMBI,,,,,,,unmatched,1986,,1727,1825,3552,0,0,0,1727,1825,3552,1002,0,1002,3.54,0.0
MILINGIMBI,,,,,,,unmatched,1987,,1738,1808,3546,0,0,0,1738,1808,3546,1105,0,1105,3.21,0.0
MILINGIMBI,,,,,,,unmatched,1988,,1734,1508,3242,0,0,0,1734,1508,3242,1104,0,1104,2.94,0.0
MILINGIMBI,,,,,,,unmatched,1989,,2030,1965,3995,0,0,0,2030,1965,3995,1114,0,1114,3.59,0.0
MILINGIMBI,,,,,,,unmatched,1990,,1818,1887,3705,0,0,0,1818,1887,3705,1266,0,1266,2.93,0.0
MILINGIMBI,,,,,,,unmatched,1991,,1727,1941,3668,0,0,0,1727,1941,3668,1140,0,1140,3.22,0.0
MILINGIMBI,,,,,,,unmatched,1992,,3317,3271,6588,0,0,0,3317,3271,6588,2173,0,2173,3.03,0.0
MILINGIMBI,,,,,,,unmatched,1993,,2833,2930,5763,0,0,0,2833,2930,5763,2113,0,2113,2.73,0.0
MILINGIMBI,,,,,,,unmatched,1994,,2881,2777,5658,0,0,0,2881,2777,5658,1979,0,1979,2.86,0.0
MILINGIMBI,,,,,,,unmatched,1995,,3096,3125,6221,0,0,0,3096,3125,6221,2144,0,2144,2.9,0.0
MILINGIMBI,,,,,,,unmatched,1996,,3753,3917,7670,0,0,0,3753,3917,7670,3004,0,3004,2.55,0.0
MILINGIMBI,,,,,,,unmatched,1997,,3390,3433,6823,0,0,0,3390,3433,6823,3007,0,3007,2.27,0.0
MILINGIMBI,,,,,,,unmatched,1998,,3598,3747,7345,0,0,0,3598,3747,7345,3275,0,3275,2.24,0.0
MILINGIMBI,,,,,,,unmatched,1999,,3630,3619,7249,0,0,0,3630,3619,7249,3090,0,3090,2.35,0.0
MILINGIMBI,,,,,,,unmatched,2000,,3010,3261,6271,0,0,0,3010,3261,6271,2540,0,2540,2.47,0.0
MILINGIMBI,,,,,,,unmatched,2001,,3074,3387,6461,0,0,0,3074,3387,6461,2539,0,2539,2.54,0.0
MILINGIMBI,,,,,,,unmatched,2002,,2528,3016,5544,0,0,0,2528,3016,5544,2504,0,2504,2.21,0.0
MILINGIMBI,,,,,,,unmatched,2003,,2875,3102,5977,0,0,0,2875,3102,5977,2526,0,2526,2.37,0.0
MILINGIMBI,,,,,,,unmatched,2004,,2902,3149,6051,0,0,0,2902,3149,6051,2080,0,2080,2.91,0.0
MILINGIMBI,,,,,,,unmatched,2005,,2211,2374,4585,0,0,0,2211,2374,4585,1850,0,1850,2.48,0.0
MILINGIMBI,,,,,,,unmatched,2006,,1416,1443,2859,0,0,0,1416,1443,2859,848,0,848,3.37,0.0
MILINGIMBI,,,,,,,unmatched,2007,,1885,2014,3899,0,0,0,1885,2014,3899,635,0,635,6.14,0.0
MILINGIMBI,,,,,,,unmatched,2008,,2335,2501,4836,0,0,0,2335,2501,4836,635,0,635,7.62,0.0
MILINGIMBI,,,,,,,unmatched,2009,,2468,2485,4953,0,0,0,2468,2485,4953,622,0,622,7.96,0.0
MILINGIMBI,,,,,,,unmatched,2010,,2510,2633,5143,0,0,0,2510,2633,5143,616,0,616,8.35,0.0
MILINGIMBI,,,,,,,unmatched,2011,,2521,2600,5121,0,0,0,2521,2600,5121,619,0,619,8.27,0.0
MILINGIMBI,,,,,,,unmatched,2012,,2639,2535,5174,0,0,0,2639,2535,5174,615,0,615,8.41,0.0
MILINGIMBI,,,,,,,unmatched,2013,,2441,2456,4897,0,0,0,2441,2456,4897,619,0,619,7.91,0.0
MILINGIMBI,,,,,,,unmatched,2014,,2217,2219,4436,0,0,0,2217,2219,4436,623,0,623,7.12,0.0
MILINGIMBI,,,,,,,unmatched,2015,,2106,2103,4209,0,0,0,2106,2103,4209,652,0,652,6.46,0.0
MILINGIMBI,,,,,,,unmatched,2016,,1907,1966,3873,0,0,0,1907,1966,3873,553,0,553,7.0,0.0
MILINGIMBI,,,,,,,unmatched,2017,,1023,1027,2050,0,0,0,1023,1027,2050,390,0,390,5.26,0.0
MILINGIMBI,,,,,,,unmatched,2018,,1489,1474,2963,0,0,0,1489,1474,2963,622,0,622,4.76,0.0
MILINGIMBI,,,,,,,unmatched,2019,,2119,1947,4066,0,0,0,2119,1947,4066,857,0,857,4.74,0.0
MILINGIMBI,,,,,,,unmatched,2020,,1730,1814,3544,0,0,0,1730,1814,3544,938,0,938,3.78,0.0
MILINGIMBI,,,,,,,unmatched,2021,,2555,2404,4959,0,0,0,2555,2404,4959,1069,0,1069,4.64,0.0
MILINGIMBI,,,,,,,unmatched,2022,,2515,2391,4906,0,0,0,2515,2391,4906,891,0,891,5.51,0.0
MILINGIMBI,,,,,,,unmatched,2023,,3049,2990,6039,0,0,0,3049,2990,6039,1062,0,1062,5.69,0.0
MILINGIMBI,,,,,,,unmatched,2024,,3405,3338,6743,0,0,0,3405,3338,6743,1044,0,1044,6.46,0.0
MILINGIMBI,,,,,,,unmatched,2025,,3637,3558,7195,0,0,0,3637,3558,7195,1092,0,1092,6.59,0.0
MOORABBIN,MBW,Melbourne-Moorabbin,Victoria,145.095218,-37.976188,1,verified_alias,1987,,1373,1659,3032,0,0,0,1373,1659,3032,1396,0,1396,2.17,0.0
MOORABBIN,MBW,Melbourne-Moorabbin,Victoria,145.095218,-37.976188,1,verified_alias,1988,,5236,5489,10725,0,0,0,5236,5489,10725,4139,0,4139,2.59,0.0
MOORABBIN,MBW,Melbourne-Moorabbin,Victoria,145.095218,-37.976188,1,verified_alias,1989,,13573,14511,28084,0,0,0,13573,14511,28084,7236,0,7236,3.88,0.0
MOORABBIN,MBW,Melbourne-Moorabbin,Victoria,145.095218,-37.976188,1,verified_alias,1990,,19575,19857,39432,0,0,0,19575,19857,39432,9242,0,9242,4.27,0.0
MOORABBIN,MBW,Melbourne-Moorabbin,Victoria,145.095218,-37.976188,1,verified_alias,1991,,15254,16639,31893,0,0,0,15254,16639,31893,7993,0,7993,3.99,0.0
MOORABBIN,MBW,Melbourne-Moorabbin,Victoria,145.095218,-37.976188,1,verified_alias,1992,,15945,16361,32306,0,0,0,15945,16361,32306,6956,0,6956,4.64,0.0
MOORABBIN,MBW,Melbourne-Moorabbin,Victoria,145.095218,-37.976188,1,verified_alias,1993,,16464,17016,33480,0,0,0,16464,17016,33480,7392,0,7392,4.53,0.0
MOORABBIN,MBW,Melbourne-Moorabbin,Victoria,145.095218,-37.976188,1,verified_alias,1994,,16942,16561,33503,0,0,0,16942,16561,33503,7694,0,7694,4.35,0.0
MOORABBIN,MBW,Melbourne-Moorabbin,Victoria,145.095218,-37.976188,1,verified_alias,1995,,15652,15753,31405,0,0,0,15652,15753,31405,7598,0,7598,4.13,0.0
MOORABBIN,MBW,Melbourne-Moorabbin,Victoria,145.095218,-37.976188,1,verified_alias,1996,,13797,13731,27528,0,0,0,13797,13731,27528,6873,0,6873,4.01,0.0
MOORABBIN,MBW,Melbourne-Moorabbin,Victoria,145.095218,-37.976188,1,verified_alias,1997,,15629,15683,31312,0,0,0,15629,15683,31312,6172,0,6172,5.07,0.0
MOORABBIN,MBW,Melbourne-Moorabbin,Victoria,145.095218,-37.976188,1,verified_alias,1998,,15678,15678,31356,0,0,0,15678,15678,31356,5704,0,5704,5.5,0.0
MOORABBIN,MBW,Melbourne-Moorabbin,Victoria,145.095218,-37.976188,1,verified_alias,1999,,9456,9456,18912,0,0,0,9456,9456,18912,3216,0,3216,5.88,0.0
MOORABBIN,MBW,Melbourne-Moorabbin,Victoria,145.095218,-37.976188,1,verified_alias,2000,,2354,2354,4708,0,0,0,2354,2354,4708,1298,0,1298,3.63,0.0
MOORABBIN,MBW,Melbourne-Moorabbin,Victoria,145.095218,-37.976188,1,verified_alias,2001,,2373,2373,4746,0,0,0,2373,2373,4746,1256,0,1256,3.78,0.0
MOORABBIN,MBW,Melbourne-Moorabbin,Victoria,145.095218,-37.976188,1,verified_alias,2002,,2397,2397,4794,0,0,0,2397,2397,4794,1250,0,1250,3.84,0.0
MOORABBIN,MBW,Melbourne-Moorabbin,Victoria,145.095218,-37.976188,1,verified_alias,2003,,2635,2635,5270,0,0,0,2635,2635,5270,1346,0,1346,3.92,0.0
MOORABBIN,MBW,Melbourne-Moorabbin,Victoria,145.095218,-37.976188,1,verified_alias,2004,,3244,3239,6483,0,0,0,3244,3239,6483,1564,0,1564,4.15,0.0
MOORABBIN,MBW,Melbourne-Moorabbin,Victoria,145.095218,-37.976188,1,verified_alias,2005,,3760,3489,7249,0,0,0,3760,3489,7249,1641,0,1641,4.42,0.0
MOORABBIN,MBW,Melbourne-Moorabbin,Victoria,145.095218,-37.976188,1,verified_alias,2006,,4291,4469,8760,0,0,0,4291,4469,8760,1799,0,1799,4.87,0.0
MOORABBIN,MBW,Melbourne-Moorabbin,Victoria,145.095218,-37.976188,1,verified_alias,2007,,4438,4367,8805,0,0,0,4438,4367,8805,2156,0,2156,4.08,0.0
MOORABBIN,MBW,Melbourne-Moorabbin,Victoria,145.095218,-37.976188,1,verified_alias,2008,,5337,5352,10689,0,0,0,5337,5352,10689,2810,0,2810,3.8,0.0
MOORABBIN,MBW,Melbourne-Moorabbin,Victoria,145.095218,-37.976188,1,verified_alias,2009,,5962,5880,11842,0,0,0,5962,5880,11842,1664,0,1664,7.12,0.0
MOORABBIN,MBW,Melbourne-Moorabbin,Victoria,145.095218,-37.976188,1,verified_alias,2010,,4888,4888,9776,0,0,0,4888,4888,9776,1252,0,1252,7.81,0.0
MOORABBIN,MBW,Melbourne-Moorabbin,Victoria,145.095218,-37.976188,1,verified_alias,2011,,4862,4862,9724,0,0,0,4862,4862,9724,1244,0,1244,7.82,0.0
MOORABBIN,MBW,Melbourne-Moorabbin,Victoria,145.095218,-37.976188,1,verified_alias,2012,,4878,4878,9756,0,0,0,4878,4878,9756,1248,0,1248,7.82,0.0
MOORABBIN,MBW,Melbourne-Moorabbin,Victoria,145.095218,-37.976188,1,verified_alias,2013,,4883,4883,9766,0,0,0,4883,4883,9766,1250,0,1250,7.81,0.0
MOORABBIN,MBW,Melbourne-Moorabbin,Victoria,145.095218,-37.976188,1,verified_alias,2014,,4805,4805,9610,0,0,0,4805,4805,9610,1240,0,1240,7.75,0.0
MOORABBIN,MBW,Melbourne-Moorabbin,Victoria,145.095218,-37.976188,1,verified_alias,2015,,4498,4498,8996,0,0,0,4498,4498,8996,1260,0,1260,7.14,0.0
MOORABBIN,MBW,Melbourne-Moorabbin,Victoria,145.095218,-37.976188,1,verified_alias,2016,,4537,4537,9074,0,0,0,4537,4537,9074,1254,0,1254,7.24,0.0
MOORABBIN,MBW,Melbourne-Moorabbin,Victoria,145.095218,-37.976188,1,verified_alias,2017,,4545,4545,9090,0,0,0,4545,4545,9090,1250,0,1250,7.27,0.0
MOORABBIN,MBW,Melbourne-Moorabbin,Victoria,145.095218,-37.976188,1,verified_alias,2018,,4540,4540,9080,0,0,0,4540,4540,9080,1248,0,1248,7.28,0.0
MOORABBIN,MBW,Melbourne-Moorabbin,Victoria,145.095218,-37.976188,1,verified_alias,2019,,4554,4554,9108,0,0,0,4554,4554,9108,1252,0,1252,7.27,0.0
MOORABBIN,MBW,Melbourne-Moorabbin,Victoria,145.095218,-37.976188,1,verified_alias,2020,,2400,2400,4800,0,0,0,2400,2400,4800,1210,0,1210,3.97,0.0
MOORABBIN,MBW,Melbourne-Moorabbin,Victoria,145.095218,-37.976188,1,verified_alias,2021,,2953,2953,5906,0,0,0,2953,2953,5906,1254,0,1254,4.71,0.0
MOORABBIN,MBW,Melbourne-Moorabbin,Victoria,145.095218,-37.976188,1,verified_alias,2022,,3595,3595,7190,0,0,0,3595,3595,7190,1248,0,1248,5.76,0.0
MOORABBIN,MBW,Melbourne-Moorabbin,Victoria,145.095218,-37.976188,1,verified_alias,2023,,4060,4060,8120,0,0,0,4060,4060,8120,1250,0,1250,6.5,0.0
MOORABBIN,MBW,Melbourne-Moorabbin,Victoria,145.095218,-37.976188,1,verified_alias,2024,,4078,4078,8156,0,0,0,4078,4078,8156,1254,0,1254,6.5,0.0
MOORABBIN,MBW,Melbourne-Moorabbin,Victoria,145.095218,-37.976188,1,verified_alias,2025,,3548,3548,7096,0,0,0,3548,3548,7096,1252,0,1252,5.67,0.0
MORANBAH,,,,,,,unmatched,1985,,342,280,622,0,0,0,342,280,622,396,0,396,1.57,0.0
MORANBAH,,,,,,,unmatched,1986,,512,552,1064,0,0,0,512,552,1064,613,0,613,1.74,0.0
MORANBAH,,,,,,,unmatched,1987,,324,340,664,0,0,0,324,340,664,432,0,432,1.54,0.0
MORANBAH,,,,,,,unmatched,1988,,209,238,447,0,0,0,209,238,447,455,0,455,0.98,0.0
MORANBAH,,,,,,,unmatched,1989,,74,101,175,0,0,0,74,101,175,335,0,335,0.52,0.0
MORANBAH,,,,,,,unmatched,1990,,64,68,132,0,0,0,64,68,132,79,0,79,1.67,0.0
MORANBAH,,,,,,,unmatched,2004,,2858,2857,5715,0,0,0,2858,2857,5715,544,0,544,10.51,0.0
MORANBAH,,,,,,,unmatched,2005,,3476,3473,6949,0,0,0,3476,3473,6949,750,0,750,9.27,0.0
MORANBAH,,,,,,,unmatched,2006,,5222,5205,10427,0,0,0,5222,5205,10427,724,0,724,14.4,0.0
MORANBAH,,,,,,,unmatched,2007,,6181,6295,12476,0,0,0,6181,6295,12476,686,0,686,18.19,0.0
MORANBAH,,,,,,,unmatched,2008,,5970,6089,12059,0,0,0,5970,6089,12059,623,0,623,19.36,0.0
MORANBAH,,,,,,,unmatched,2009,,2749,2668,5417,0,0,0,2749,2668,5417,204,0,204,26.55,0.0
MORANBAH,,,,,,,unmatched,2010,,14140,13385,27525,0,0,0,14140,13385,27525,873,0,873,31.53,0.0
MORANBAH,,,,,,,unmatched,2011,49,39376,39638,79014,0,0,0,39376,39638,79014,2116,0,2116,37.34,0.0
MORANBAH,,,,,,,unmatched,2012,42,66677,67208,133885,0,0,0,66677,67208,133885,3434,0,3434,38.99,0.0
MORANBAH,,,,,,,unmatched,2013,39,85570,89322,174892,0,0,0,85570,89322,174892,5117,0,5117,34.18,0.0
MORANBAH,,,,,,,unmatched,2014,39,86035,88089,174124,0,0,0,86035,88089,174124,5252,0,5252,33.15,0.0
MORANBAH,,,,,,,unmatched,2015,42,68181,70632,138813,0,0,0,68181,70632,138813,4298,0,4298,32.3,0.0
MORANBAH,,,,,,,unmatched,2016,44,58584,58896,117480,0,0,0,58584,58896,117480,3781,0,3781,31.07,0.0
MORANBAH,,,,,,,unmatched,2017,44,58123,57250,115373,0,0,0,58123,57250,115373,2824,0,2824,40.85,0.0
MORANBAH,,,,,,,unmatched,2018,45,51895,51843,103738,0,0,0,51895,51843,103738,2242,0,2242,46.27,0.0
MORANBAH,,,,,,,unmatched,2019,44,55805,54019,109824,0,0,0,55805,54019,109824,2396,0,2396,45.84,0.0
MORANBAH,,,,,,,unmatched,2020,,24281,23701,47982,0,0,0,24281,23701,47982,1476,0,1476,32.51,0.0
MORANBAH,,,,,,,unmatched,2021,36,39364,40328,79692,0,0,0,39364,40328,79692,2561,0,2561,31.12,0.0
MORANBAH,,,,,,,unmatched,2022,42,47630,50376,98006,0,0,0,47630,50376,98006,2696,0,2696,36.35,0.0
MORANBAH,,,,,,,unmatched,2023,43,54055,55265,109320,0,0,0,54055,55265,109320,2581,0,2581,42.36,0.0
MORANBAH,,,,,,,unmatched,2024,44,55562,56644,112206,0,0,0,55562,56644,112206,2660,0,2660,42.18,0.0
MORANBAH,,,,,,,unmatched,2025,49,51008,49427,100435,0,0,0,51008,49427,100435,2595,0,2595,38.7,0.0
MOREE,MRZ,Moree,New South Wales,149.850005,-29.496367,1,normalised_exact,1985,,15020,15182,30202,0,0,0,15020,15182,30202,889,0,889,33.97,0.0
MOREE,MRZ,Moree,New South Wales,149.850005,-29.496367,1,normalised_exact,1986,,14692,14733,29425,0,0,0,14692,14733,29425,960,0,960,30.65,0.0
MOREE,MRZ,Moree,New South Wales,149.850005,-29.496367,1,normalised_exact,1987,,13747,13865,27612,0,0,0,13747,13865,27612,828,0,828,33.35,0.0
MOREE,MRZ,Moree,New South Wales,149.850005,-29.496367,1,normalised_exact,1988,,14672,14640,29312,0,0,0,14672,14640,29312,909,0,909,32.25,0.0
MOREE,MRZ,Moree,New South Wales,149.850005,-29.496367,1,normalised_exact,1989,,8656,8864,17520,0,0,0,8656,8864,17520,702,0,702,24.96,0.0
MOREE,MRZ,Moree,New South Wales,149.850005,-29.496367,1,normalised_exact,1990,,6894,6923,13817,0,0,0,6894,6923,13817,1436,0,1436,9.62,0.0
MOREE,MRZ,Moree,New South Wales,149.850005,-29.496367,1,normalised_exact,1991,,6622,6742,13364,0,0,0,6622,6742,13364,1055,0,1055,12.67,0.0
MOREE,MRZ,Moree,New South Wales,149.850005,-29.496367,1,normalised_exact,1992,,9115,9338,18453,0,0,0,9115,9338,18453,1556,0,1556,11.86,0.0
MOREE,MRZ,Moree,New South Wales,149.850005,-29.496367,1,normalised_exact,1993,,9678,9874,19552,0,0,0,9678,9874,19552,1544,0,1544,12.66,0.0
MOREE,MRZ,Moree,New South Wales,149.850005,-29.496367,1,normalised_exact,1994,,9222,9359,18581,0,0,0,9222,9359,18581,1434,0,1434,12.96,0.0
MOREE,MRZ,Moree,New South Wales,149.850005,-29.496367,1,normalised_exact,1995,,9691,9926,19617,0,0,0,9691,9926,19617,1550,0,1550,12.66,0.0
MOREE,MRZ,Moree,New South Wales,149.850005,-29.496367,1,normalised_exact,1996,,11184,11530,22714,0,0,0,11184,11530,22714,2072,0,2072,10.96,0.0
MOREE,MRZ,Moree,New South Wales,149.850005,-29.496367,1,normalised_exact,1997,,10875,11022,21897,0,0,0,10875,11022,21897,1639,0,1639,13.36,0.0
MOREE,MRZ,Moree,New South Wales,149.850005,-29.496367,1,normalised_exact,1998,,11160,11389,22549,0,0,0,11160,11389,22549,1639,0,1639,13.76,0.0
MOREE,MRZ,Moree,New South Wales,149.850005,-29.496367,1,normalised_exact,1999,,11453,11617,23070,0,0,0,11453,11617,23070,1707,0,1707,13.51,0.0
MOREE,MRZ,Moree,New South Wales,149.850005,-29.496367,1,normalised_exact,2000,,12119,12540,24659,0,0,0,12119,12540,24659,2232,0,2232,11.05,0.0
MOREE,MRZ,Moree,New South Wales,149.850005,-29.496367,1,normalised_exact,2001,,10485,10714,21199,0,0,0,10485,10714,21199,1921,0,1921,11.04,0.0
MOREE,MRZ,Moree,New South Wales,149.850005,-29.496367,1,normalised_exact,2002,,9236,9413,18649,0,0,0,9236,9413,18649,1403,0,1403,13.29,0.0
MOREE,MRZ,Moree,New South Wales,149.850005,-29.496367,1,normalised_exact,2003,,9707,9994,19701,0,0,0,9707,9994,19701,1378,0,1378,14.3,0.0
MOREE,MRZ,Moree,New South Wales,149.850005,-29.496367,1,normalised_exact,2004,,10537,10689,21226,0,0,0,10537,10689,21226,1390,0,1390,15.27,0.0
MOREE,MRZ,Moree,New South Wales,149.850005,-29.496367,1,normalised_exact,2005,,10658,10970,21628,0,0,0,10658,10970,21628,1392,0,1392,15.54,0.0
MOREE,MRZ,Moree,New South Wales,149.850005,-29.496367,1,normalised_exact,2006,,10440,10753,21193,0,0,0,10440,10753,21193,1304,0,1304,16.25,0.0
MOREE,MRZ,Moree,New South Wales,149.850005,-29.496367,1,normalised_exact,2007,,11420,11795,23215,0,0,0,11420,11795,23215,1329,0,1329,17.47,0.0
MOREE,MRZ,Moree,New South Wales,149.850005,-29.496367,1,normalised_exact,2008,,14629,15129,29758,0,0,0,14629,15129,29758,1342,0,1342,22.17,0.0
MOREE,MRZ,Moree,New South Wales,149.850005,-29.496367,1,normalised_exact,2009,,13890,13858,27748,0,0,0,13890,13858,27748,1130,0,1130,24.56,0.0
MOREE,MRZ,Moree,New South Wales,149.850005,-29.496367,1,normalised_exact,2010,,14711,14737,29448,0,0,0,14711,14737,29448,1283,0,1283,22.95,0.0
MOREE,MRZ,Moree,New South Wales,149.850005,-29.496367,1,normalised_exact,2011,,15181,15238,30419,0,0,0,15181,15238,30419,1461,0,1461,20.82,0.0
MOREE,MRZ,Moree,New South Wales,149.850005,-29.496367,1,normalised_exact,2012,,13814,13692,27506,0,0,0,13814,13692,27506,1048,0,1048,26.25,0.0
MOREE,MRZ,Moree,New South Wales,149.850005,-29.496367,1,normalised_exact,2013,,13435,13660,27095,0,0,0,13435,13660,27095,1548,0,1548,17.5,0.0
MOREE,MRZ,Moree,New South Wales,149.850005,-29.496367,1,normalised_exact,2014,,16890,16579,33469,0,0,0,16890,16579,33469,1194,0,1194,28.03,0.0
MOREE,MRZ,Moree,New South Wales,149.850005,-29.496367,1,normalised_exact,2015,,17013,16962,33975,0,0,0,17013,16962,33975,1380,0,1380,24.62,0.0
MOREE,MRZ,Moree,New South Wales,149.850005,-29.496367,1,normalised_exact,2016,,17052,16842,33894,0,0,0,17052,16842,33894,1403,0,1403,24.16,0.0
MOREE,MRZ,Moree,New South Wales,149.850005,-29.496367,1,normalised_exact,2017,,18027,18434,36461,0,0,0,18027,18434,36461,1683,0,1683,21.66,0.0
MOREE,MRZ,Moree,New South Wales,149.850005,-29.496367,1,normalised_exact,2018,,17579,17716,35295,0,0,0,17579,17716,35295,1718,0,1718,20.54,0.0
MOREE,MRZ,Moree,New South Wales,149.850005,-29.496367,1,normalised_exact,2019,,15769,15753,31522,0,0,0,15769,15753,31522,1283,0,1283,24.57,0.0
MOREE,MRZ,Moree,New South Wales,149.850005,-29.496367,1,normalised_exact,2020,,4919,4730,9649,0,0,0,4919,4730,9649,501,0,501,19.26,0.0
MOREE,MRZ,Moree,New South Wales,149.850005,-29.496367,1,normalised_exact,2021,,6398,6142,12540,0,0,0,6398,6142,12540,710,0,710,17.66,0.0
MOREE,MRZ,Moree,New South Wales,149.850005,-29.496367,1,normalised_exact,2022,,14756,14870,29626,0,0,0,14756,14870,29626,1219,0,1219,24.3,0.0
MOREE,MRZ,Moree,New South Wales,149.850005,-29.496367,1,normalised_exact,2023,,15700,15756,31456,0,0,0,15700,15756,31456,1143,0,1143,27.52,0.0
MOREE,MRZ,Moree,New South Wales,149.850005,-29.496367,1,normalised_exact,2024,,16193,16318,32511,0,0,0,16193,16318,32511,1035,0,1035,31.41,0.0
MOREE,MRZ,Moree,New South Wales,149.850005,-29.496367,1,normalised_exact,2025,,17033,17301,34334,0,0,0,17033,17301,34334,800,0,800,42.92,0.0
MORNINGTON ISLAND,,,,,,,unmatched,1985,,1412,1368,2780,0,0,0,1412,1368,2780,372,0,372,7.47,0.0
MORNINGTON ISLAND,,,,,,,unmatched,1986,,1819,1823,3642,0,0,0,1819,1823,3642,422,0,422,8.63,0.0
MORNINGTON ISLAND,,,,,,,unmatched,1987,,1355,1189,2544,0,0,0,1355,1189,2544,380,0,380,6.69,0.0
MORNINGTON ISLAND,,,,,,,unmatched,1990,,149,156,305,0,0,0,149,156,305,115,0,115,2.65,0.0
MORNINGTON ISLAND,,,,,,,unmatched,1991,,2147,2066,4213,0,0,0,2147,2066,4213,1076,0,1076,3.92,0.0
MORNINGTON ISLAND,,,,,,,unmatched,1992,,2066,2028,4094,0,0,0,2066,2028,4094,1096,0,1096,3.74,0.0
MORNINGTON ISLAND,,,,,,,unmatched,1993,,2292,2217,4509,0,0,0,2292,2217,4509,1128,0,1128,4.0,0.0
MORNINGTON ISLAND,,,,,,,unmatched,1994,,2398,2416,4814,0,0,0,2398,2416,4814,1157,0,1157,4.16,0.0
MORNINGTON ISLAND,,,,,,,unmatched,1995,,2485,2396,4881,0,0,0,2485,2396,4881,1196,0,1196,4.08,0.0
MORNINGTON ISLAND,,,,,,,unmatched,1996,,2558,2584,5142,0,0,0,2558,2584,5142,1236,0,1236,4.16,0.0
MORNINGTON ISLAND,,,,,,,unmatched,1997,,2645,2702,5347,0,0,0,2645,2702,5347,1148,0,1148,4.66,0.0
MORNINGTON ISLAND,,,,,,,unmatched,1998,,2658,2732,5390,0,0,0,2658,2732,5390,1148,0,1148,4.7,0.0
MORNINGTON ISLAND,,,,,,,unmatched,1999,,2729,2781,5510,0,0,0,2729,2781,5510,1148,0,1148,4.8,0.0
MORNINGTON ISLAND,,,,,,,unmatched,2000,,2789,2794,5583,0,0,0,2789,2794,5583,1146,0,1146,4.87,0.0
MORNINGTON ISLAND,,,,,,,unmatched,2001,,2654,2600,5254,0,0,0,2654,2600,5254,1080,0,1080,4.86,0.0
MORNINGTON ISLAND,,,,,,,unmatched,2002,,2356,2291,4647,0,0,0,2356,2291,4647,928,0,928,5.01,0.0
MORNINGTON ISLAND,,,,,,,unmatched,2003,,2412,2326,4738,0,0,0,2412,2326,4738,936,0,936,5.06,0.0
MORNINGTON ISLAND,,,,,,,unmatched,2004,,2890,2794,5684,0,0,0,2890,2794,5684,942,0,942,6.03,0.0
MORNINGTON ISLAND,,,,,,,unmatched,2005,,2584,2638,5222,0,0,0,2584,2638,5222,938,0,938,5.57,0.0
MORNINGTON ISLAND,,,,,,,unmatched,2006,,3292,3285,6577,0,0,0,3292,3285,6577,1070,0,1070,6.15,0.0
MORNINGTON ISLAND,,,,,,,unmatched,2007,,3254,3240,6494,0,0,0,3254,3240,6494,1021,0,1021,6.36,0.0
MORNINGTON ISLAND,,,,,,,unmatched,2008,,4537,4304,8841,0,0,0,4537,4304,8841,923,0,923,9.58,0.0
MORNINGTON ISLAND,,,,,,,unmatched,2009,,547,547,1094,0,0,0,547,547,1094,64,0,64,17.09,0.0
MORNINGTON ISLAND,,,,,,,unmatched,2010,,2847,2944,5791,0,0,0,2847,2944,5791,511,0,511,11.33,0.0
MORNINGTON ISLAND,,,,,,,unmatched,2011,,5131,5121,10252,0,0,0,5131,5121,10252,1018,0,1018,10.07,0.0
MORNINGTON ISLAND,,,,,,,unmatched,2012,,5216,5072,10288,0,0,0,5216,5072,10288,1022,0,1022,10.07,0.0
MORNINGTON ISLAND,,,,,,,unmatched,2013,,4980,5070,10050,0,0,0,4980,5070,10050,911,0,911,11.03,0.0
MORNINGTON ISLAND,,,,,,,unmatched,2014,,4669,4668,9337,0,0,0,4669,4668,9337,831,0,831,11.24,0.0
MORNINGTON ISLAND,,,,,,,unmatched,2015,,4621,4625,9246,0,0,0,4621,4625,9246,894,0,894,10.34,0.0
MORNINGTON ISLAND,,,,,,,unmatched,2016,,3401,3475,6876,0,0,0,3401,3475,6876,1086,0,1086,6.33,0.0
MORNINGTON ISLAND,,,,,,,unmatched,2017,,4596,4492,9088,0,0,0,4596,4492,9088,922,0,922,9.86,0.0
MORNINGTON ISLAND,,,,,,,unmatched,2018,,5334,5278,10612,0,0,0,5334,5278,10612,1001,0,1001,10.6,0.0
MORNINGTON ISLAND,,,,,,,unmatched,2019,,5786,5834,11620,0,0,0,5786,5834,11620,992,0,992,11.71,0.0
MORNINGTON ISLAND,,,,,,,unmatched,2020,,4539,4546,9085,0,0,0,4539,4546,9085,1002,0,1002,9.07,0.0
MORNINGTON ISLAND,,,,,,,unmatched,2021,,5362,5356,10718,0,0,0,5362,5356,10718,1041,0,1041,10.3,0.0
MORNINGTON ISLAND,,,,,,,unmatched,2022,,4997,4925,9922,0,0,0,4997,4925,9922,1048,0,1048,9.47,0.0
MORNINGTON ISLAND,,,,,,,unmatched,2023,,5931,5675,11606,0,0,0,5931,5675,11606,1275,0,1275,9.1,0.0
MORNINGTON ISLAND,,,,,,,unmatched,2024,,6226,5918,12144,0,0,0,6226,5918,12144,1272,0,1272,9.55,0.0
MORNINGTON ISLAND,,,,,,,unmatched,2025,,6248,5934,12182,0,0,0,6248,5934,12182,1217,0,1217,10.01,0.0
MORUYA,MYA,Moruya,New South Wales,150.147014,-35.902526,1,normalised_exact,1985,,2781,2738,5519,0,0,0,2781,2738,5519,1218,0,1218,4.53,0.0
MORUYA,MYA,Moruya,New South Wales,150.147014,-35.902526,1,normalised_exact,1986,,2455,2514,4969,0,0,0,2455,2514,4969,931,0,931,5.34,0.0
MORUYA,MYA,Moruya,New South Wales,150.147014,-35.902526,1,normalised_exact,1987,,2234,2266,4500,0,0,0,2234,2266,4500,877,0,877,5.13,0.0
MORUYA,MYA,Moruya,New South Wales,150.147014,-35.902526,1,normalised_exact,1988,,2425,2532,4957,0,0,0,2425,2532,4957,1006,0,1006,4.93,0.0
MORUYA,MYA,Moruya,New South Wales,150.147014,-35.902526,1,normalised_exact,1989,,2730,2495,5225,0,0,0,2730,2495,5225,1224,0,1224,4.27,0.0
MORUYA,MYA,Moruya,New South Wales,150.147014,-35.902526,1,normalised_exact,1990,,5156,5416,10572,0,0,0,5156,5416,10572,2430,0,2430,4.35,0.0
MORUYA,MYA,Moruya,New South Wales,150.147014,-35.902526,1,normalised_exact,1991,,4212,4220,8432,0,0,0,4212,4220,8432,2261,0,2261,3.73,0.0
MORUYA,MYA,Moruya,New South Wales,150.147014,-35.902526,1,normalised_exact,1992,,4030,3777,7807,0,0,0,4030,3777,7807,2645,0,2645,2.95,0.0
MORUYA,MYA,Moruya,New South Wales,150.147014,-35.902526,1,normalised_exact,1993,,4527,4404,8931,0,0,0,4527,4404,8931,2603,0,2603,3.43,0.0
MORUYA,MYA,Moruya,New South Wales,150.147014,-35.902526,1,normalised_exact,1994,,4787,4739,9526,0,0,0,4787,4739,9526,2561,0,2561,3.72,0.0
MORUYA,MYA,Moruya,New South Wales,150.147014,-35.902526,1,normalised_exact,1995,,4852,4943,9795,0,0,0,4852,4943,9795,3947,0,3947,2.48,0.0
MORUYA,MYA,Moruya,New South Wales,150.147014,-35.902526,1,normalised_exact,1996,,4920,4907,9827,0,0,0,4920,4907,9827,4021,0,4021,2.44,0.0
MORUYA,MYA,Moruya,New South Wales,150.147014,-35.902526,1,normalised_exact,1997,,4760,4677,9437,0,0,0,4760,4677,9437,3673,0,3673,2.57,0.0
MORUYA,MYA,Moruya,New South Wales,150.147014,-35.902526,1,normalised_exact,1998,,5106,4998,10104,0,0,0,5106,4998,10104,3897,0,3897,2.59,0.0
MORUYA,MYA,Moruya,New South Wales,150.147014,-35.902526,1,normalised_exact,1999,,5126,5067,10193,0,0,0,5126,5067,10193,3704,0,3704,2.75,0.0
MORUYA,MYA,Moruya,New South Wales,150.147014,-35.902526,1,normalised_exact,2000,,5132,5176,10308,0,0,0,5132,5176,10308,3671,0,3671,2.81,0.0
MORUYA,MYA,Moruya,New South Wales,150.147014,-35.902526,1,normalised_exact,2001,,4302,4395,8697,0,0,0,4302,4395,8697,2507,0,2507,3.47,0.0
MORUYA,MYA,Moruya,New South Wales,150.147014,-35.902526,1,normalised_exact,2002,,3920,4028,7948,0,0,0,3920,4028,7948,2672,0,2672,2.97,0.0
MORUYA,MYA,Moruya,New South Wales,150.147014,-35.902526,1,normalised_exact,2003,,3848,3895,7743,0,0,0,3848,3895,7743,2205,0,2205,3.51,0.0
MORUYA,MYA,Moruya,New South Wales,150.147014,-35.902526,1,normalised_exact,2004,,7213,7117,14330,0,0,0,7213,7117,14330,3489,0,3489,4.11,0.0
MORUYA,MYA,Moruya,New South Wales,150.147014,-35.902526,1,normalised_exact,2005,,7799,7956,15755,0,0,0,7799,7956,15755,2618,0,2618,6.02,0.0
MORUYA,MYA,Moruya,New South Wales,150.147014,-35.902526,1,normalised_exact,2006,,9357,9454,18811,0,0,0,9357,9454,18811,2676,0,2676,7.03,0.0
MORUYA,MYA,Moruya,New South Wales,150.147014,-35.902526,1,normalised_exact,2007,,10729,10849,21578,0,0,0,10729,10849,21578,2773,0,2773,7.78,0.0
MORUYA,MYA,Moruya,New South Wales,150.147014,-35.902526,1,normalised_exact,2008,,10728,10500,21228,0,0,0,10728,10500,21228,2805,0,2805,7.57,0.0
MORUYA,MYA,Moruya,New South Wales,150.147014,-35.902526,1,normalised_exact,2009,,9948,9728,19676,0,0,0,9948,9728,19676,2910,0,2910,6.76,0.0
MORUYA,MYA,Moruya,New South Wales,150.147014,-35.902526,1,normalised_exact,2010,,10347,10324,20671,0,0,0,10347,10324,20671,2917,0,2917,7.09,0.0
MORUYA,MYA,Moruya,New South Wales,150.147014,-35.902526,1,normalised_exact,2011,,9350,9261,18611,0,0,0,9350,9261,18611,2703,0,2703,6.89,0.0
MORUYA,MYA,Moruya,New South Wales,150.147014,-35.902526,1,normalised_exact,2012,,9055,8969,18024,0,0,0,9055,8969,18024,2610,0,2610,6.91,0.0
MORUYA,MYA,Moruya,New South Wales,150.147014,-35.902526,1,normalised_exact,2013,,9362,9308,18670,0,0,0,9362,9308,18670,2592,0,2592,7.2,0.0
MORUYA,MYA,Moruya,New South Wales,150.147014,-35.902526,1,normalised_exact,2014,,8910,8931,17841,0,0,0,8910,8931,17841,2915,0,2915,6.12,0.0
MORUYA,MYA,Moruya,New South Wales,150.147014,-35.902526,1,normalised_exact,2015,,8755,8870,17625,0,0,0,8755,8870,17625,2576,0,2576,6.84,0.0
MORUYA,MYA,Moruya,New South Wales,150.147014,-35.902526,1,normalised_exact,2016,,9017,9078,18095,0,0,0,9017,9078,18095,2626,0,2626,6.89,0.0
MORUYA,MYA,Moruya,New South Wales,150.147014,-35.902526,1,normalised_exact,2017,,9450,9641,19091,0,0,0,9450,9641,19091,2541,0,2541,7.51,0.0
MORUYA,MYA,Moruya,New South Wales,150.147014,-35.902526,1,normalised_exact,2018,,11111,11747,22858,0,0,0,11111,11747,22858,2521,0,2521,9.07,0.0
MORUYA,MYA,Moruya,New South Wales,150.147014,-35.902526,1,normalised_exact,2019,,10468,11151,21619,0,0,0,10468,11151,21619,2710,0,2710,7.98,0.0
MORUYA,MYA,Moruya,New South Wales,150.147014,-35.902526,1,normalised_exact,2020,,3268,3517,6785,0,0,0,3268,3517,6785,1749,0,1749,3.88,0.0
MORUYA,MYA,Moruya,New South Wales,150.147014,-35.902526,1,normalised_exact,2021,,3609,3930,7539,0,0,0,3609,3930,7539,2179,0,2179,3.46,0.0
MORUYA,MYA,Moruya,New South Wales,150.147014,-35.902526,1,normalised_exact,2022,,10138,10968,21106,0,0,0,10138,10968,21106,2783,0,2783,7.58,0.0
MORUYA,MYA,Moruya,New South Wales,150.147014,-35.902526,1,normalised_exact,2023,,10239,10896,21135,0,0,0,10239,10896,21135,2785,0,2785,7.59,0.0
MORUYA,MYA,Moruya,New South Wales,150.147014,-35.902526,1,normalised_exact,2024,,9464,10139,19603,0,0,0,9464,10139,19603,2973,0,2973,6.59,0.0
MORUYA,MYA,Moruya,New South Wales,150.147014,-35.902526,1,normalised_exact,2025,,9200,9842,19042,0,0,0,9200,9842,19042,2945,0,2945,6.47,0.0
MOUNT GAMBIER,MGB,Mount Gambier,South Australia,140.7828,-37.744301,1,normalised_exact,1985,,23054,22390,45444,0,0,0,23054,22390,45444,5140,0,5140,8.84,0.0
MOUNT GAMBIER,MGB,Mount Gambier,South Australia,140.7828,-37.744301,1,normalised_exact,1986,,14313,13997,28310,0,0,0,14313,13997,28310,3713,0,3713,7.62,0.0
MOUNT GAMBIER,MGB,Mount Gambier,South Australia,140.7828,-37.744301,1,normalised_exact,1987,,21090,20799,41889,0,0,0,21090,20799,41889,5284,0,5284,7.93,0.0
MOUNT GAMBIER,MGB,Mount Gambier,South Australia,140.7828,-37.744301,1,normalised_exact,1988,,24185,23847,48032,0,0,0,24185,23847,48032,5481,0,5481,8.76,0.0
MOUNT GAMBIER,MGB,Mount Gambier,South Australia,140.7828,-37.744301,1,normalised_exact,1989,38,26082,25430,51512,0,0,0,26082,25430,51512,6590,0,6590,7.82,0.0
MOUNT GAMBIER,MGB,Mount Gambier,South Australia,140.7828,-37.744301,1,normalised_exact,1990,37,26324,26069,52393,0,0,0,26324,26069,52393,6961,0,6961,7.53,0.0
MOUNT GAMBIER,MGB,Mount Gambier,South Australia,140.7828,-37.744301,1,normalised_exact,1991,40,25830,25620,51450,0,0,0,25830,25620,51450,6937,0,6937,7.42,0.0
MOUNT GAMBIER,MGB,Mount Gambier,South Australia,140.7828,-37.744301,1,normalised_exact,1992,,24591,24225,48816,0,0,0,24591,24225,48816,6401,0,6401,7.63,0.0
MOUNT GAMBIER,MGB,Mount Gambier,South Australia,140.7828,-37.744301,1,normalised_exact,1993,45,27449,27232,54681,0,0,0,27449,27232,54681,6517,0,6517,8.39,0.0
MOUNT GAMBIER,MGB,Mount Gambier,South Australia,140.7828,-37.744301,1,normalised_exact,1994,47,29447,29434,58881,0,0,0,29447,29434,58881,6655,0,6655,8.85,0.0
MOUNT GAMBIER,MGB,Mount Gambier,South Australia,140.7828,-37.744301,1,normalised_exact,1995,45,30553,30413,60966,0,0,0,30553,30413,60966,6684,0,6684,9.12,0.0
MOUNT GAMBIER,MGB,Mount Gambier,South Australia,140.7828,-37.744301,1,normalised_exact,1996,45,31073,31140,62213,0,0,0,31073,31140,62213,6683,0,6683,9.31,0.0
MOUNT GAMBIER,MGB,Mount Gambier,South Australia,140.7828,-37.744301,1,normalised_exact,1997,45,32289,32083,64372,0,0,0,32289,32083,64372,6743,0,6743,9.55,0.0
MOUNT GAMBIER,MGB,Mount Gambier,South Australia,140.7828,-37.744301,1,normalised_exact,1998,42,34378,34362,68740,0,0,0,34378,34362,68740,6895,0,6895,9.97,0.0
MOUNT GAMBIER,MGB,Mount Gambier,South Australia,140.7828,-37.744301,1,normalised_exact,1999,43,34850,35769,70619,0,0,0,34850,35769,70619,6903,0,6903,10.23,0.0
MOUNT GAMBIER,MGB,Mount Gambier,South Australia,140.7828,-37.744301,1,normalised_exact,2000,41,37522,38705,76227,0,0,0,37522,38705,76227,6906,0,6906,11.04,0.0
MOUNT GAMBIER,MGB,Mount Gambier,South Australia,140.7828,-37.744301,1,normalised_exact,2001,39,36286,36898,73184,0,0,0,36286,36898,73184,6435,0,6435,11.37,0.0
MOUNT GAMBIER,MGB,Mount Gambier,South Australia,140.7828,-37.744301,1,normalised_exact,2002,39,33258,33162,66420,0,0,0,33258,33162,66420,7727,0,7727,8.6,0.0
MOUNT GAMBIER,MGB,Mount Gambier,South Australia,140.7828,-37.744301,1,normalised_exact,2003,39,37542,37762,75304,0,0,0,37542,37762,75304,7643,0,7643,9.85,0.0
MOUNT GAMBIER,MGB,Mount Gambier,South Australia,140.7828,-37.744301,1,normalised_exact,2004,38,42425,42829,85254,0,0,0,42425,42829,85254,7431,0,7431,11.47,0.0
MOUNT GAMBIER,MGB,Mount Gambier,South Australia,140.7828,-37.744301,1,normalised_exact,2005,37,49065,49530,98595,0,0,0,49065,49530,98595,7868,0,7868,12.53,0.0
MOUNT GAMBIER,MGB,Mount Gambier,South Australia,140.7828,-37.744301,1,normalised_exact,2006,38,52442,52935,105377,0,0,0,52442,52935,105377,7633,0,7633,13.81,0.0
MOUNT GAMBIER,MGB,Mount Gambier,South Australia,140.7828,-37.744301,1,normalised_exact,2007,38,57278,57610,114888,0,0,0,57278,57610,114888,6926,0,6926,16.59,0.0
MOUNT GAMBIER,MGB,Mount Gambier,South Australia,140.7828,-37.744301,1,normalised_exact,2008,43,53940,54254,108194,0,0,0,53940,54254,108194,4782,0,4782,22.63,0.0
MOUNT GAMBIER,MGB,Mount Gambier,South Australia,140.7828,-37.744301,1,normalised_exact,2009,45,47319,47164,94483,0,0,0,47319,47164,94483,4352,0,4352,21.71,0.0
MOUNT GAMBIER,MGB,Mount Gambier,South Australia,140.7828,-37.744301,1,normalised_exact,2010,45,48507,48585,97092,0,0,0,48507,48585,97092,4355,0,4355,22.29,0.0
MOUNT GAMBIER,MGB,Mount Gambier,South Australia,140.7828,-37.744301,1,normalised_exact,2011,46,44633,44577,89210,0,0,0,44633,44577,89210,4093,0,4093,21.8,0.0
MOUNT GAMBIER,MGB,Mount Gambier,South Australia,140.7828,-37.744301,1,normalised_exact,2012,51,43322,43606,86928,0,0,0,43322,43606,86928,4117,0,4117,21.11,0.0
MOUNT GAMBIER,MGB,Mount Gambier,South Australia,140.7828,-37.744301,1,normalised_exact,2013,50,40267,40418,80685,0,0,0,40267,40418,80685,4028,0,4028,20.03,0.0
MOUNT GAMBIER,MGB,Mount Gambier,South Australia,140.7828,-37.744301,1,normalised_exact,2014,50,38618,38900,77518,0,0,0,38618,38900,77518,3970,0,3970,19.53,0.0
MOUNT GAMBIER,MGB,Mount Gambier,South Australia,140.7828,-37.744301,1,normalised_exact,2015,48,38777,38860,77637,0,0,0,38777,38860,77637,3971,0,3971,19.55,0.0
MOUNT GAMBIER,MGB,Mount Gambier,South Australia,140.7828,-37.744301,1,normalised_exact,2016,49,37937,38172,76109,0,0,0,37937,38172,76109,3972,0,3972,19.16,0.0
MOUNT GAMBIER,MGB,Mount Gambier,South Australia,140.7828,-37.744301,1,normalised_exact,2017,48,40169,40178,80347,0,0,0,40169,40178,80347,3885,0,3885,20.68,0.0
MOUNT GAMBIER,MGB,Mount Gambier,South Australia,140.7828,-37.744301,1,normalised_exact,2018,48,40253,40272,80525,0,0,0,40253,40272,80525,3638,0,3638,22.13,0.0
MOUNT GAMBIER,MGB,Mount Gambier,South Australia,140.7828,-37.744301,1,normalised_exact,2019,48,42543,42787,85330,0,0,0,42543,42787,85330,3617,0,3617,23.59,0.0
MOUNT GAMBIER,MGB,Mount Gambier,South Australia,140.7828,-37.744301,1,normalised_exact,2020,,12055,12330,24385,0,0,0,12055,12330,24385,1325,0,1325,18.4,0.0
MOUNT GAMBIER,MGB,Mount Gambier,South Australia,140.7828,-37.744301,1,normalised_exact,2021,,19535,19874,39409,0,0,0,19535,19874,39409,2292,0,2292,17.19,0.0
MOUNT GAMBIER,MGB,Mount Gambier,South Australia,140.7828,-37.744301,1,normalised_exact,2022,51,36288,37226,73514,0,0,0,36288,37226,73514,3808,0,3808,19.31,0.0
MOUNT GAMBIER,MGB,Mount Gambier,South Australia,140.7828,-37.744301,1,normalised_exact,2023,52,36466,36605,73071,0,0,0,36466,36605,73071,3316,0,3316,22.04,0.0
MOUNT GAMBIER,MGB,Mount Gambier,South Australia,140.7828,-37.744301,1,normalised_exact,2024,54,35695,35765,71460,0,0,0,35695,35765,71460,3245,0,3245,22.02,0.0
MOUNT GAMBIER,MGB,Mount Gambier,South Australia,140.7828,-37.744301,1,normalised_exact,2025,54,36245,36650,72895,0,0,0,36245,36650,72895,3219,0,3219,22.65,0.0
MOUNT ISA,ISA,Mount Isa,Queensland,139.491456,-20.667787,1,normalised_exact,1985,17,104327,104815,209142,0,0,0,104327,104815,209142,2687,0,2687,77.83,0.0
MOUNT ISA,ISA,Mount Isa,Queensland,139.491456,-20.667787,1,normalised_exact,1986,18,105703,106588,212291,0,0,0,105703,106588,212291,2880,0,2880,73.71,0.0
MOUNT ISA,ISA,Mount Isa,Queensland,139.491456,-20.667787,1,normalised_exact,1987,19,100501,100279,200780,0,0,0,100501,100279,200780,2764,0,2764,72.64,0.0
MOUNT ISA,ISA,Mount Isa,Queensland,139.491456,-20.667787,1,normalised_exact,1988,20,87409,87419,174828,0,0,0,87409,87419,174828,2254,0,2254,77.56,0.0
MOUNT ISA,ISA,Mount Isa,Queensland,139.491456,-20.667787,1,normalised_exact,1989,21,50515,50359,100874,0,0,0,50515,50359,100874,1478,0,1478,68.25,0.0
MOUNT ISA,ISA,Mount Isa,Queensland,139.491456,-20.667787,1,normalised_exact,1990,,21218,21712,42930,0,0,0,21218,21712,42930,742,0,742,57.86,0.0
MOUNT ISA,ISA,Mount Isa,Queensland,139.491456,-20.667787,1,normalised_exact,1991,30,39783,40558,80341,0,0,0,39783,40558,80341,4029,0,4029,19.94,0.0
MOUNT ISA,ISA,Mount Isa,Queensland,139.491456,-20.667787,1,normalised_exact,1992,29,43928,44582,88510,0,0,0,43928,44582,88510,3339,0,3339,26.51,0.0
MOUNT ISA,ISA,Mount Isa,Queensland,139.491456,-20.667787,1,normalised_exact,1993,33,40332,40707,81039,0,0,0,40332,40707,81039,3161,0,3161,25.64,0.0
MOUNT ISA,ISA,Mount Isa,Queensland,139.491456,-20.667787,1,normalised_exact,1994,32,45005,44917,89922,0,0,0,45005,44917,89922,3611,0,3611,24.9,0.0
MOUNT ISA,ISA,Mount Isa,Queensland,139.491456,-20.667787,1,normalised_exact,1995,33,48362,48661,97023,0,0,0,48362,48661,97023,4129,0,4129,23.5,0.0
MOUNT ISA,ISA,Mount Isa,Queensland,139.491456,-20.667787,1,normalised_exact,1996,33,50717,50768,101485,0,0,0,50717,50768,101485,3916,0,3916,25.92,0.0
MOUNT ISA,ISA,Mount Isa,Queensland,139.491456,-20.667787,1,normalised_exact,1997,30,55960,56041,112001,0,0,0,55960,56041,112001,4198,0,4198,26.68,0.0
MOUNT ISA,ISA,Mount Isa,Queensland,139.491456,-20.667787,1,normalised_exact,1998,29,63266,63601,126867,0,0,0,63266,63601,126867,4627,0,4627,27.42,0.0
MOUNT ISA,ISA,Mount Isa,Queensland,139.491456,-20.667787,1,normalised_exact,1999,26,71776,72558,144334,0,0,0,71776,72558,144334,5758,0,5758,25.07,0.0
MOUNT ISA,ISA,Mount Isa,Queensland,139.491456,-20.667787,1,normalised_exact,2000,27,66982,68081,135063,0,0,0,66982,68081,135063,5360,0,5360,25.2,0.0
MOUNT ISA,ISA,Mount Isa,Queensland,139.491456,-20.667787,1,normalised_exact,2001,29,55582,55442,111024,0,0,0,55582,55442,111024,4282,0,4282,25.93,0.0
MOUNT ISA,ISA,Mount Isa,Queensland,139.491456,-20.667787,1,normalised_exact,2002,32,45138,45837,90975,0,0,0,45138,45837,90975,3744,0,3744,24.3,0.0
MOUNT ISA,ISA,Mount Isa,Queensland,139.491456,-20.667787,1,normalised_exact,2003,33,46672,45222,91894,0,0,0,46672,45222,91894,3675,0,3675,25.01,0.0
MOUNT ISA,ISA,Mount Isa,Queensland,139.491456,-20.667787,1,normalised_exact,2004,33,53854,53302,107156,0,0,0,53854,53302,107156,3587,0,3587,29.87,0.0
MOUNT ISA,ISA,Mount Isa,Queensland,139.491456,-20.667787,1,normalised_exact,2005,32,60699,60303,121002,0,0,0,60699,60303,121002,3646,0,3646,33.19,0.0
MOUNT ISA,ISA,Mount Isa,Queensland,139.491456,-20.667787,1,normalised_exact,2006,33,72156,71351,143507,0,0,0,72156,71351,143507,3927,0,3927,36.54,0.0
MOUNT ISA,ISA,Mount Isa,Queensland,139.491456,-20.667787,1,normalised_exact,2007,32,85765,85640,171405,0,0,0,85765,85640,171405,4427,0,4427,38.72,0.0
MOUNT ISA,ISA,Mount Isa,Queensland,139.491456,-20.667787,1,normalised_exact,2008,31,94778,95723,190501,0,0,0,94778,95723,190501,4455,0,4455,42.76,0.0
MOUNT ISA,ISA,Mount Isa,Queensland,139.491456,-20.667787,1,normalised_exact,2009,35,79912,80651,160563,0,0,0,79912,80651,160563,3220,0,3220,49.86,0.0
MOUNT ISA,ISA,Mount Isa,Queensland,139.491456,-20.667787,1,normalised_exact,2010,31,100807,100473,201280,0,0,0,100807,100473,201280,4885,0,4885,41.2,0.0
MOUNT ISA,ISA,Mount Isa,Queensland,139.491456,-20.667787,1,normalised_exact,2011,30,113417,112549,225966,0,0,0,113417,112549,225966,5497,0,5497,41.11,0.0
MOUNT ISA,ISA,Mount Isa,Queensland,139.491456,-20.667787,1,normalised_exact,2012,31,126974,126767,253741,0,0,0,126974,126767,253741,5993,0,5993,42.34,0.0
MOUNT ISA,ISA,Mount Isa,Queensland,139.491456,-20.667787,1,normalised_exact,2013,28,127448,126820,254268,0,0,0,127448,126820,254268,6117,0,6117,41.57,0.0
MOUNT ISA,ISA,Mount Isa,Queensland,139.491456,-20.667787,1,normalised_exact,2014,33,114184,113971,228155,0,0,0,114184,113971,228155,5874,0,5874,38.84,0.0
MOUNT ISA,ISA,Mount Isa,Queensland,139.491456,-20.667787,1,normalised_exact,2015,34,97590,98130,195720,0,0,0,97590,98130,195720,4922,0,4922,39.76,0.0
MOUNT ISA,ISA,Mount Isa,Queensland,139.491456,-20.667787,1,normalised_exact,2016,35,90597,90926,181523,0,0,0,90597,90926,181523,4828,0,4828,37.6,0.0
MOUNT ISA,ISA,Mount Isa,Queensland,139.491456,-20.667787,1,normalised_exact,2017,36,95757,96302,192059,0,0,0,95757,96302,192059,4742,0,4742,40.5,0.0
MOUNT ISA,ISA,Mount Isa,Queensland,139.491456,-20.667787,1,normalised_exact,2018,34,100845,101391,202236,0,0,0,100845,101391,202236,4902,0,4902,41.26,0.0
MOUNT ISA,ISA,Mount Isa,Queensland,139.491456,-20.667787,1,normalised_exact,2019,31,109522,110823,220345,0,0,0,109522,110823,220345,4982,0,4982,44.23,0.0
MOUNT ISA,ISA,Mount Isa,Queensland,139.491456,-20.667787,1,normalised_exact,2020,26,72650,73279,145929,0,0,0,72650,73279,145929,4025,0,4025,36.26,0.0
MOUNT ISA,ISA,Mount Isa,Queensland,139.491456,-20.667787,1,normalised_exact,2021,27,93192,93625,186817,0,0,0,93192,93625,186817,4819,0,4819,38.77,0.0
MOUNT ISA,ISA,Mount Isa,Queensland,139.491456,-20.667787,1,normalised_exact,2022,27,110043,111118,221161,0,0,0,110043,111118,221161,4969,0,4969,44.51,0.0
MOUNT ISA,ISA,Mount Isa,Queensland,139.491456,-20.667787,1,normalised_exact,2023,30,115157,115757,230914,0,0,0,115157,115757,230914,4810,0,4810,48.01,0.0
MOUNT ISA,ISA,Mount Isa,Queensland,139.491456,-20.667787,1,normalised_exact,2024,30,118513,120158,238671,0,0,0,118513,120158,238671,4976,0,4976,47.96,0.0
MOUNT ISA,ISA,Mount Isa,Queensland,139.491456,-20.667787,1,normalised_exact,2025,29,114972,117421,232393,0,0,0,114972,117421,232393,5152,0,5152,45.11,0.0
NARRABRI,NAA,Narrabri,New South Wales,149.82877,-30.318748,1,normalised_exact,1985,,14992,14728,29720,0,0,0,14992,14728,29720,879,0,879,33.81,0.0
NARRABRI,NAA,Narrabri,New South Wales,149.82877,-30.318748,1,normalised_exact,1986,,14603,14267,28870,0,0,0,14603,14267,28870,949,0,949,30.42,0.0
NARRABRI,NAA,Narrabri,New South Wales,149.82877,-30.318748,1,normalised_exact,1987,,13572,13274,26846,0,0,0,13572,13274,26846,814,0,814,32.98,0.0
NARRABRI,NAA,Narrabri,New South Wales,149.82877,-30.318748,1,normalised_exact,1988,,14738,14370,29108,0,0,0,14738,14370,29108,896,0,896,32.49,0.0
NARRABRI,NAA,Narrabri,New South Wales,149.82877,-30.318748,1,normalised_exact,1989,,8999,8764,17763,0,0,0,8999,8764,17763,765,0,765,23.22,0.0
NARRABRI,NAA,Narrabri,New South Wales,149.82877,-30.318748,1,normalised_exact,1990,,4181,3798,7979,0,0,0,4181,3798,7979,1399,0,1399,5.7,0.0
NARRABRI,NAA,Narrabri,New South Wales,149.82877,-30.318748,1,normalised_exact,1991,,3593,3165,6758,0,0,0,3593,3165,6758,1000,0,1000,6.76,0.0
NARRABRI,NAA,Narrabri,New South Wales,149.82877,-30.318748,1,normalised_exact,1992,,4863,4493,9356,0,0,0,4863,4493,9356,1462,0,1462,6.4,0.0
NARRABRI,NAA,Narrabri,New South Wales,149.82877,-30.318748,1,normalised_exact,1993,,4790,4602,9392,0,0,0,4790,4602,9392,1430,0,1430,6.57,0.0
NARRABRI,NAA,Narrabri,New South Wales,149.82877,-30.318748,1,normalised_exact,1994,,4989,4684,9673,0,0,0,4989,4684,9673,1426,0,1426,6.78,0.0
NARRABRI,NAA,Narrabri,New South Wales,149.82877,-30.318748,1,normalised_exact,1995,,5788,5506,11294,0,0,0,5788,5506,11294,1429,0,1429,7.9,0.0
NARRABRI,NAA,Narrabri,New South Wales,149.82877,-30.318748,1,normalised_exact,1996,,6012,5711,11723,0,0,0,6012,5711,11723,1628,0,1628,7.2,0.0
NARRABRI,NAA,Narrabri,New South Wales,149.82877,-30.318748,1,normalised_exact,1997,,6355,5938,12293,0,0,0,6355,5938,12293,1639,0,1639,7.5,0.0
NARRABRI,NAA,Narrabri,New South Wales,149.82877,-30.318748,1,normalised_exact,1998,,6260,6050,12310,0,0,0,6260,6050,12310,1639,0,1639,7.51,0.0
NARRABRI,NAA,Narrabri,New South Wales,149.82877,-30.318748,1,normalised_exact,1999,,6231,5878,12109,0,0,0,6231,5878,12109,1515,0,1515,7.99,0.0
NARRABRI,NAA,Narrabri,New South Wales,149.82877,-30.318748,1,normalised_exact,2000,,6216,5765,11981,0,0,0,6216,5765,11981,1505,0,1505,7.96,0.0
NARRABRI,NAA,Narrabri,New South Wales,149.82877,-30.318748,1,normalised_exact,2001,,6191,5678,11869,0,0,0,6191,5678,11869,1438,0,1438,8.25,0.0
NARRABRI,NAA,Narrabri,New South Wales,149.82877,-30.318748,1,normalised_exact,2002,,5621,5203,10824,0,0,0,5621,5203,10824,1420,0,1420,7.62,0.0
NARRABRI,NAA,Narrabri,New South Wales,149.82877,-30.318748,1,normalised_exact,2003,,5604,5187,10791,0,0,0,5604,5187,10791,1385,0,1385,7.79,0.0
NARRABRI,NAA,Narrabri,New South Wales,149.82877,-30.318748,1,normalised_exact,2004,,6067,5484,11551,0,0,0,6067,5484,11551,1388,0,1388,8.32,0.0
NARRABRI,NAA,Narrabri,New South Wales,149.82877,-30.318748,1,normalised_exact,2005,,6542,5758,12300,0,0,0,6542,5758,12300,1394,0,1394,8.82,0.0
NARRABRI,NAA,Narrabri,New South Wales,149.82877,-30.318748,1,normalised_exact,2006,,6364,5765,12129,0,0,0,6364,5765,12129,1306,0,1306,9.29,0.0
NARRABRI,NAA,Narrabri,New South Wales,149.82877,-30.318748,1,normalised_exact,2007,,7357,6735,14092,0,0,0,7357,6735,14092,1328,0,1328,10.61,0.0
NARRABRI,NAA,Narrabri,New South Wales,149.82877,-30.318748,1,normalised_exact,2008,,11733,11241,22974,0,0,0,11733,11241,22974,1338,0,1338,17.17,0.0
NARRABRI,NAA,Narrabri,New South Wales,149.82877,-30.318748,1,normalised_exact,2009,,7855,7619,15474,0,0,0,7855,7619,15474,1304,0,1304,11.87,0.0
NARRABRI,NAA,Narrabri,New South Wales,149.82877,-30.318748,1,normalised_exact,2010,,6131,5999,12130,0,0,0,6131,5999,12130,1179,0,1179,10.29,0.0
NARRABRI,NAA,Narrabri,New South Wales,149.82877,-30.318748,1,normalised_exact,2011,,9617,9462,19079,0,0,0,9617,9462,19079,2134,0,2134,8.94,0.0
NARRABRI,NAA,Narrabri,New South Wales,149.82877,-30.318748,1,normalised_exact,2012,,10347,10182,20529,0,0,0,10347,10182,20529,2141,0,2141,9.59,0.0
NARRABRI,NAA,Narrabri,New South Wales,149.82877,-30.318748,1,normalised_exact,2013,,6597,6331,12928,0,0,0,6597,6331,12928,1335,0,1335,9.68,0.0
NARRABRI,NAA,Narrabri,New South Wales,149.82877,-30.318748,1,normalised_exact,2014,,1581,1581,3162,0,0,0,1581,1581,3162,186,0,186,17.0,0.0
NARRABRI,NAA,Narrabri,New South Wales,149.82877,-30.318748,1,normalised_exact,2017,,2231,2182,4413,0,0,0,2231,2182,4413,438,0,438,10.08,0.0
NARRABRI,NAA,Narrabri,New South Wales,149.82877,-30.318748,1,normalised_exact,2018,,4534,4373,8907,0,0,0,4534,4373,8907,871,0,871,10.23,0.0
NARRABRI,NAA,Narrabri,New South Wales,149.82877,-30.318748,1,normalised_exact,2019,,3723,3716,7439,0,0,0,3723,3716,7439,963,0,963,7.72,0.0
NARRABRI,NAA,Narrabri,New South Wales,149.82877,-30.318748,1,normalised_exact,2020,,1057,1039,2096,0,0,0,1057,1039,2096,531,0,531,3.95,0.0
NARRABRI,NAA,Narrabri,New South Wales,149.82877,-30.318748,1,normalised_exact,2021,,1379,1330,2709,0,0,0,1379,1330,2709,505,0,505,5.36,0.0
NARRABRI,NAA,Narrabri,New South Wales,149.82877,-30.318748,1,normalised_exact,2022,,2300,2315,4615,0,0,0,2300,2315,4615,653,0,653,7.07,0.0
NARRABRI,NAA,Narrabri,New South Wales,149.82877,-30.318748,1,normalised_exact,2023,,2745,2873,5618,0,0,0,2745,2873,5618,781,0,781,7.19,0.0
NARRABRI,NAA,Narrabri,New South Wales,149.82877,-30.318748,1,normalised_exact,2024,,2713,2805,5518,0,0,0,2713,2805,5518,810,0,810,6.81,0.0
NARRABRI,NAA,Narrabri,New South Wales,149.82877,-30.318748,1,normalised_exact,2025,,3935,4065,8000,0,0,0,3935,4065,8000,969,0,969,8.26,0.0
NEWCASTLE,NTL,Williamtown,New South Wales,151.83996,-32.804009,1,verified_alias,1985,22,68878,69362,138240,0,0,0,68878,69362,138240,10451,0,10451,13.23,0.0
NEWCASTLE,NTL,Williamtown,New South Wales,151.83996,-32.804009,1,verified_alias,1986,24,48710,48656,97366,0,0,0,48710,48656,97366,9608,0,9608,10.13,0.0
NEWCASTLE,NTL,Williamtown,New South Wales,151.83996,-32.804009,1,verified_alias,1987,37,33523,33531,67054,0,0,0,33523,33531,67054,8391,0,8391,7.99,0.0
NEWCASTLE,NTL,Williamtown,New South Wales,151.83996,-32.804009,1,verified_alias,1988,35,35829,36472,72301,0,0,0,35829,36472,72301,7965,0,7965,9.08,0.0
NEWCASTLE,NTL,Williamtown,New South Wales,151.83996,-32.804009,1,verified_alias,1989,,20067,20099,40166,0,0,0,20067,20099,40166,5035,0,5035,7.98,0.0
NEWCASTLE,NTL,Williamtown,New South Wales,151.83996,-32.804009,1,verified_alias,1990,,24644,22728,47372,0,0,0,24644,22728,47372,8097,0,8097,5.85,0.0
NEWCASTLE,NTL,Williamtown,New South Wales,151.83996,-32.804009,1,verified_alias,1991,39,27231,26395,53626,0,0,0,27231,26395,53626,10579,0,10579,5.07,0.0
NEWCASTLE,NTL,Williamtown,New South Wales,151.83996,-32.804009,1,verified_alias,1992,38,31324,31205,62529,0,0,0,31324,31205,62529,9298,0,9298,6.72,0.0
NEWCASTLE,NTL,Williamtown,New South Wales,151.83996,-32.804009,1,verified_alias,1993,29,45635,44902,90537,0,0,0,45635,44902,90537,9207,0,9207,9.83,0.0
NEWCASTLE,NTL,Williamtown,New South Wales,151.83996,-32.804009,1,verified_alias,1994,28,52391,51665,104056,0,0,0,52391,51665,104056,11021,0,11021,9.44,0.0
NEWCASTLE,NTL,Williamtown,New South Wales,151.83996,-32.804009,1,verified_alias,1995,27,59890,60231,120121,0,0,0,59890,60231,120121,11698,0,11698,10.27,0.0
NEWCASTLE,NTL,Williamtown,New South Wales,151.83996,-32.804009,1,verified_alias,1996,32,52547,52869,105416,0,0,0,52547,52869,105416,12198,0,12198,8.64,0.0
NEWCASTLE,NTL,Williamtown,New South Wales,151.83996,-32.804009,1,verified_alias,1997,28,60567,60489,121056,0,0,0,60567,60489,121056,15042,0,15042,8.05,0.0
NEWCASTLE,NTL,Williamtown,New South Wales,151.83996,-32.804009,1,verified_alias,1998,25,69464,69558,139022,0,0,0,69464,69558,139022,17046,0,17046,8.16,0.0
NEWCASTLE,NTL,Williamtown,New South Wales,151.83996,-32.804009,1,verified_alias,1999,24,78483,79698,158181,0,0,0,78483,79698,158181,17304,0,17304,9.14,0.0
NEWCASTLE,NTL,Williamtown,New South Wales,151.83996,-32.804009,1,verified_alias,2000,20,114752,116360,231112,0,0,0,114752,116360,231112,16721,0,16721,13.82,0.0
NEWCASTLE,NTL,Williamtown,New South Wales,151.83996,-32.804009,1,verified_alias,2001,19,107018,108392,215410,493,561,1054,107511,108953,216464,14333,10,14343,15.09,0.00487
NEWCASTLE,NTL,Williamtown,New South Wales,151.83996,-32.804009,1,verified_alias,2002,19,98421,98515,196936,4876,4631,9507,103297,103146,206443,10995,136,11131,18.55,0.04605
NEWCASTLE,NTL,Williamtown,New South Wales,151.83996,-32.804009,1,verified_alias,2003,20,111290,109885,221175,0,0,0,111290,109885,221175,10922,0,10922,20.25,0.0
NEWCASTLE,NTL,Williamtown,New South Wales,151.83996,-32.804009,1,verified_alias,2004,17,234285,228578,462863,0,0,0,234285,228578,462863,11299,0,11299,40.96,0.0
NEWCASTLE,NTL,Williamtown,New South Wales,151.83996,-32.804009,1,verified_alias,2005,14,381858,378804,760662,0,0,0,381858,378804,760662,14939,0,14939,50.92,0.0
NEWCASTLE,NTL,Williamtown,New South Wales,151.83996,-32.804009,1,verified_alias,2006,13,448942,443779,892721,0,0,0,448942,443779,892721,15480,0,15480,57.67,0.0
NEWCASTLE,NTL,Williamtown,New South Wales,151.83996,-32.804009,1,verified_alias,2007,13,503696,501639,1005335,0,0,0,503696,501639,1005335,16104,0,16104,62.43,0.0
NEWCASTLE,NTL,Williamtown,New South Wales,151.83996,-32.804009,1,verified_alias,2008,12,576999,570284,1147283,0,0,0,576999,570284,1147283,15232,0,15232,75.32,0.0
NEWCASTLE,NTL,Williamtown,New South Wales,151.83996,-32.804009,1,verified_alias,2009,12,575543,562194,1137737,0,0,0,575543,562194,1137737,14157,0,14157,80.37,0.0
NEWCASTLE,NTL,Williamtown,New South Wales,151.83996,-32.804009,1,verified_alias,2010,12,596490,589519,1186009,0,0,0,596490,589519,1186009,14320,0,14320,82.82,0.0
NEWCASTLE,NTL,Williamtown,New South Wales,151.83996,-32.804009,1,verified_alias,2011,12,595108,596051,1191159,0,0,0,595108,596051,1191159,15079,0,15079,78.99,0.0
NEWCASTLE,NTL,Williamtown,New South Wales,151.83996,-32.804009,1,verified_alias,2012,12,591211,593212,1184423,0,0,0,591211,593212,1184423,17270,0,17270,68.58,0.0
NEWCASTLE,NTL,Williamtown,New South Wales,151.83996,-32.804009,1,verified_alias,2013,13,602176,604341,1206517,0,0,0,602176,604341,1206517,16764,0,16764,71.97,0.0
NEWCASTLE,NTL,Williamtown,New South Wales,151.83996,-32.804009,1,verified_alias,2014,13,582901,585642,1168543,0,0,0,582901,585642,1168543,12921,0,12921,90.44,0.0
NEWCASTLE,NTL,Williamtown,New South Wales,151.83996,-32.804009,1,verified_alias,2015,13,574095,576579,1150674,0,0,0,574095,576579,1150674,14278,0,14278,80.59,0.0
NEWCASTLE,NTL,Williamtown,New South Wales,151.83996,-32.804009,1,verified_alias,2016,13,603967,607145,1211112,0,0,0,603967,607145,1211112,17275,0,17275,70.11,0.0
NEWCASTLE,NTL,Williamtown,New South Wales,151.83996,-32.804009,1,verified_alias,2017,13,632381,632930,1265311,0,0,0,632381,632930,1265311,17600,0,17600,71.89,0.0
NEWCASTLE,NTL,Williamtown,New South Wales,151.83996,-32.804009,1,verified_alias,2018,13,624827,626302,1251129,1299,1441,2740,626126,627743,1253869,14076,33,14109,88.87,0.00219
NEWCASTLE,NTL,Williamtown,New South Wales,151.83996,-32.804009,1,verified_alias,2019,14,635414,635520,1270934,3684,3440,7124,639098,638960,1278058,14225,74,14299,89.38,0.00557
NEWCASTLE,NTL,Williamtown,New South Wales,151.83996,-32.804009,1,verified_alias,2020,15,190539,190690,381229,2290,1904,4194,192829,192594,385423,5359,36,5395,71.44,0.01088
NEWCASTLE,NTL,Williamtown,New South Wales,151.83996,-32.804009,1,verified_alias,2021,16,230264,230060,460324,0,0,0,230264,230060,460324,8180,0,8180,56.27,0.0
NEWCASTLE,NTL,Williamtown,New South Wales,151.83996,-32.804009,1,verified_alias,2022,14,511182,512130,1023312,0,0,0,511182,512130,1023312,13005,0,13005,78.69,0.0
NEWCASTLE,NTL,Williamtown,New South Wales,151.83996,-32.804009,1,verified_alias,2023,14,580403,580793,1161196,0,0,0,580403,580793,1161196,14003,0,14003,82.92,0.0
NEWCASTLE,NTL,Williamtown,New South Wales,151.83996,-32.804009,1,verified_alias,2024,14,600367,599752,1200119,0,0,0,600367,599752,1200119,12927,0,12927,92.84,0.0
NEWCASTLE,NTL,Williamtown,New South Wales,151.83996,-32.804009,1,verified_alias,2025,14,606050,607358,1213408,5312,5959,11271,611362,613317,1224679,12687,62,12749,96.06,0.0092
NEWMAN,ZNE,Newman,Western Australia,119.801737,-23.416512,1,normalised_exact,1985,36,36292,36623,72915,0,0,0,36292,36623,72915,2067,0,2067,35.28,0.0
NEWMAN,ZNE,Newman,Western Australia,119.801737,-23.416512,1,normalised_exact,1986,42,31658,31456,63114,0,0,0,31658,31456,63114,1432,0,1432,44.07,0.0
NEWMAN,ZNE,Newman,Western Australia,119.801737,-23.416512,1,normalised_exact,1987,38,31892,31914,63806,0,0,0,31892,31914,63806,1401,0,1401,45.54,0.0
NEWMAN,ZNE,Newman,Western Australia,119.801737,-23.416512,1,normalised_exact,1988,33,37206,37323,74529,0,0,0,37206,37323,74529,1650,0,1650,45.17,0.0
NEWMAN,ZNE,Newman,Western Australia,119.801737,-23.416512,1,normalised_exact,1989,37,26462,26210,52672,0,0,0,26462,26210,52672,1138,0,1138,46.28,0.0
NEWMAN,ZNE,Newman,Western Australia,119.801737,-23.416512,1,normalised_exact,1990,30,38668,38612,77280,0,0,0,38668,38612,77280,1623,0,1623,47.62,0.0
NEWMAN,ZNE,Newman,Western Australia,119.801737,-23.416512,1,normalised_exact,1991,34,33490,33131,66621,0,0,0,33490,33131,66621,1472,0,1472,45.26,0.0
NEWMAN,ZNE,Newman,Western Australia,119.801737,-23.416512,1,normalised_exact,1992,34,36555,36473,73028,0,0,0,36555,36473,73028,1624,0,1624,44.97,0.0
NEWMAN,ZNE,Newman,Western Australia,119.801737,-23.416512,1,normalised_exact,1993,35,38236,38131,76367,0,0,0,38236,38131,76367,1536,0,1536,49.72,0.0
NEWMAN,ZNE,Newman,Western Australia,119.801737,-23.416512,1,normalised_exact,1994,40,36863,36611,73474,0,0,0,36863,36611,73474,1478,0,1478,49.71,0.0
NEWMAN,ZNE,Newman,Western Australia,119.801737,-23.416512,1,normalised_exact,1995,41,36334,36108,72442,0,0,0,36334,36108,72442,1799,0,1799,40.27,0.0
NEWMAN,ZNE,Newman,Western Australia,119.801737,-23.416512,1,normalised_exact,1996,,23840,23228,47068,0,0,0,23840,23228,47068,1733,0,1733,27.16,0.0
NEWMAN,ZNE,Newman,Western Australia,119.801737,-23.416512,1,normalised_exact,1997,,18926,18787,37713,0,0,0,18926,18787,37713,1375,0,1375,27.43,0.0
NEWMAN,ZNE,Newman,Western Australia,119.801737,-23.416512,1,normalised_exact,1998,,21766,21506,43272,0,0,0,21766,21506,43272,1356,0,1356,31.91,0.0
NEWMAN,ZNE,Newman,Western Australia,119.801737,-23.416512,1,normalised_exact,1999,,17367,17621,34988,0,0,0,17367,17621,34988,1268,0,1268,27.59,0.0
NEWMAN,ZNE,Newman,Western Australia,119.801737,-23.416512,1,normalised_exact,2000,,18840,18667,37507,0,0,0,18840,18667,37507,1270,0,1270,29.53,0.0
NEWMAN,ZNE,Newman,Western Australia,119.801737,-23.416512,1,normalised_exact,2001,,21220,21169,42389,0,0,0,21220,21169,42389,1351,0,1351,31.38,0.0
NEWMAN,ZNE,Newman,Western Australia,119.801737,-23.416512,1,normalised_exact,2002,43,27974,28398,56372,0,0,0,27974,28398,56372,1316,0,1316,42.84,0.0
NEWMAN,ZNE,Newman,Western Australia,119.801737,-23.416512,1,normalised_exact,2003,41,31076,30977,62053,0,0,0,31076,30977,62053,1398,0,1398,44.39,0.0
NEWMAN,ZNE,Newman,Western Australia,119.801737,-23.416512,1,normalised_exact,2004,43,33809,33327,67136,0,0,0,33809,33327,67136,1700,0,1700,39.49,0.0
NEWMAN,ZNE,Newman,Western Australia,119.801737,-23.416512,1,normalised_exact,2005,42,43721,42833,86554,0,0,0,43721,42833,86554,1586,0,1586,54.57,0.0
NEWMAN,ZNE,Newman,Western Australia,119.801737,-23.416512,1,normalised_exact,2006,37,55419,54697,110116,0,0,0,55419,54697,110116,1489,0,1489,73.95,0.0
NEWMAN,ZNE,Newman,Western Australia,119.801737,-23.416512,1,normalised_exact,2007,36,62367,62384,124751,0,0,0,62367,62384,124751,1692,0,1692,73.73,0.0
NEWMAN,ZNE,Newman,Western Australia,119.801737,-23.416512,1,normalised_exact,2008,35,77428,77964,155392,0,0,0,77428,77964,155392,2097,0,2097,74.1,0.0
NEWMAN,ZNE,Newman,Western Australia,119.801737,-23.416512,1,normalised_exact,2009,31,91470,89263,180733,0,0,0,91470,89263,180733,2909,0,2909,62.13,0.0
NEWMAN,ZNE,Newman,Western Australia,119.801737,-23.416512,1,normalised_exact,2010,32,100295,100796,201091,0,0,0,100295,100796,201091,3033,0,3033,66.3,0.0
NEWMAN,ZNE,Newman,Western Australia,119.801737,-23.416512,1,normalised_exact,2011,28,124839,126717,251556,0,0,0,124839,126717,251556,3102,0,3102,81.09,0.0
NEWMAN,ZNE,Newman,Western Australia,119.801737,-23.416512,1,normalised_exact,2012,23,186167,187337,373504,0,0,0,186167,187337,373504,4096,0,4096,91.19,0.0
NEWMAN,ZNE,Newman,Western Australia,119.801737,-23.416512,1,normalised_exact,2013,22,223970,226220,450190,0,0,0,223970,226220,450190,4960,0,4960,90.76,0.0
NEWMAN,ZNE,Newman,Western Australia,119.801737,-23.416512,1,normalised_exact,2014,24,181805,189055,370860,0,0,0,181805,189055,370860,4550,0,4550,81.51,0.0
NEWMAN,ZNE,Newman,Western Australia,119.801737,-23.416512,1,normalised_exact,2015,25,160104,171144,331248,0,0,0,160104,171144,331248,4420,0,4420,74.94,0.0
NEWMAN,ZNE,Newman,Western Australia,119.801737,-23.416512,1,normalised_exact,2016,27,150011,159349,309360,0,0,0,150011,159349,309360,4405,0,4405,70.23,0.0
NEWMAN,ZNE,Newman,Western Australia,119.801737,-23.416512,1,normalised_exact,2017,26,138682,146951,285633,0,0,0,138682,146951,285633,3979,0,3979,71.79,0.0
NEWMAN,ZNE,Newman,Western Australia,119.801737,-23.416512,1,normalised_exact,2018,26,148935,157221,306156,0,0,0,148935,157221,306156,4018,0,4018,76.2,0.0
NEWMAN,ZNE,Newman,Western Australia,119.801737,-23.416512,1,normalised_exact,2019,26,169916,178725,348641,0,0,0,169916,178725,348641,4245,0,4245,82.13,0.0
NEWMAN,ZNE,Newman,Western Australia,119.801737,-23.416512,1,normalised_exact,2020,24,81938,85284,167222,0,0,0,81938,85284,167222,2238,0,2238,74.72,0.0
NEWMAN,ZNE,Newman,Western Australia,119.801737,-23.416512,1,normalised_exact,2021,22,156116,162555,318671,0,0,0,156116,162555,318671,4079,0,4079,78.12,0.0
NEWMAN,ZNE,Newman,Western Australia,119.801737,-23.416512,1,normalised_exact,2022,24,167526,176162,343688,0,0,0,167526,176162,343688,3937,0,3937,87.3,0.0
NEWMAN,ZNE,Newman,Western Australia,119.801737,-23.416512,1,normalised_exact,2023,23,183103,188618,371721,0,0,0,183103,188618,371721,3994,0,3994,93.07,0.0
NEWMAN,ZNE,Newman,Western Australia,119.801737,-23.416512,1,normalised_exact,2024,23,199325,198441,397766,0,0,0,199325,198441,397766,4091,0,4091,97.23,0.0
NEWMAN,ZNE,Newman,Western Australia,119.801737,-23.416512,1,normalised_exact,2025,23,221832,222090,443922,0,0,0,221832,222090,443922,4279,0,4279,103.74,0.0
NORFOLK ISLAND,NLK,Norfolk Island,New South Wales,167.943487,-29.035207,1,normalised_exact,1985,41,21442,21840,43282,7752,7384,15136,29194,29224,58418,1310,176,1486,39.31,0.2591
NORFOLK ISLAND,NLK,Norfolk Island,New South Wales,167.943487,-29.035207,1,normalised_exact,1986,41,21878,22266,44144,9751,9596,19347,31629,31862,63491,1445,210,1655,38.36,0.30472
NORFOLK ISLAND,NLK,Norfolk Island,New South Wales,167.943487,-29.035207,1,normalised_exact,1987,41,20027,20382,40409,10556,10291,20847,30583,30673,61256,1431,223,1654,37.04,0.34033
NORFOLK ISLAND,NLK,Norfolk Island,New South Wales,167.943487,-29.035207,1,normalised_exact,1988,41,18308,18508,36816,12439,12467,24906,30747,30975,61722,1367,318,1685,36.63,0.40352
NORFOLK ISLAND,NLK,Norfolk Island,New South Wales,167.943487,-29.035207,1,normalised_exact,1989,36,13846,15213,29059,12467,12349,24816,26313,27562,53875,1452,316,1768,30.47,0.46062
NORFOLK ISLAND,NLK,Norfolk Island,New South Wales,167.943487,-29.035207,1,normalised_exact,1990,36,16155,16068,32223,11232,10987,22219,27387,27055,54442,1103,338,1441,37.78,0.40812
NORFOLK ISLAND,NLK,Norfolk Island,New South Wales,167.943487,-29.035207,1,normalised_exact,1991,37,19099,18872,37971,10491,10704,21195,29590,29576,59166,1090,400,1490,39.71,0.35823
NORFOLK ISLAND,NLK,Norfolk Island,New South Wales,167.943487,-29.035207,1,normalised_exact,1992,39,20354,20866,41220,8867,8996,17863,29221,29862,59083,1367,346,1713,34.49,0.30234
NORFOLK ISLAND,NLK,Norfolk Island,New South Wales,167.943487,-29.035207,1,normalised_exact,1993,47,18337,18365,36702,8006,8099,16105,26343,26464,52807,958,238,1196,44.15,0.30498
NORFOLK ISLAND,NLK,Norfolk Island,New South Wales,167.943487,-29.035207,1,normalised_exact,1994,45,22170,22249,44419,8001,7905,15906,30171,30154,60325,909,223,1132,53.29,0.26367
NORFOLK ISLAND,NLK,Norfolk Island,New South Wales,167.943487,-29.035207,1,normalised_exact,1995,46,21915,21697,43612,7847,7829,15676,29762,29526,59288,950,214,1164,50.93,0.2644
NORFOLK ISLAND,NLK,Norfolk Island,New South Wales,167.943487,-29.035207,1,normalised_exact,1996,44,24520,24039,48559,7413,7384,14797,31933,31423,63356,730,216,946,66.97,0.23355
NORFOLK ISLAND,NLK,Norfolk Island,New South Wales,167.943487,-29.035207,1,normalised_exact,1997,41,26102,25919,52021,8028,8148,16176,34130,34067,68197,1145,214,1359,50.18,0.2372
NORFOLK ISLAND,NLK,Norfolk Island,New South Wales,167.943487,-29.035207,1,normalised_exact,1998,44,25581,25217,50798,7952,7752,15704,33533,32969,66502,1466,212,1678,39.63,0.23614
NORFOLK ISLAND,NLK,Norfolk Island,New South Wales,167.943487,-29.035207,1,normalised_exact,1999,40,30959,30508,61467,7543,7530,15073,38502,38038,76540,1189,208,1397,54.79,0.19693
NORFOLK ISLAND,NLK,Norfolk Island,New South Wales,167.943487,-29.035207,1,normalised_exact,2000,39,33759,33614,67373,7040,7033,14073,40799,40647,81446,1032,210,1242,65.58,0.17279
NORFOLK ISLAND,NLK,Norfolk Island,New South Wales,167.943487,-29.035207,1,normalised_exact,2001,38,28295,28661,56956,8306,8061,16367,36601,36722,73323,745,210,955,76.78,0.22322
NORFOLK ISLAND,NLK,Norfolk Island,New South Wales,167.943487,-29.035207,1,normalised_exact,2002,41,23351,23405,46756,7924,7967,15891,31275,31372,62647,676,203,879,71.27,0.25366
NORFOLK ISLAND,NLK,Norfolk Island,New South Wales,167.943487,-29.035207,1,normalised_exact,2003,36,33842,34698,68540,7777,7475,15252,41619,42173,83792,1033,206,1239,67.63,0.18202
NORFOLK ISLAND,NLK,Norfolk Island,New South Wales,167.943487,-29.035207,1,normalised_exact,2004,40,29261,28937,58198,9586,9627,19213,38847,38564,77411,832,208,1040,74.43,0.24819
NORFOLK ISLAND,NLK,Norfolk Island,New South Wales,167.943487,-29.035207,1,normalised_exact,2005,47,21556,22229,43785,9812,9867,19679,31368,32096,63464,547,207,754,84.17,0.31008
NORFOLK ISLAND,NLK,Norfolk Island,New South Wales,167.943487,-29.035207,1,normalised_exact,2006,48,25117,25034,50151,9429,9737,19166,34546,34771,69317,626,209,835,83.01,0.2765
NORFOLK ISLAND,NLK,Norfolk Island,New South Wales,167.943487,-29.035207,1,normalised_exact,2007,49,28980,28256,57236,8615,8662,17277,37595,36918,74513,760,208,968,76.98,0.23187
NORFOLK ISLAND,NLK,Norfolk Island,New South Wales,167.943487,-29.035207,1,normalised_exact,2008,50,29006,25831,54837,7125,7286,14411,36131,33117,69248,808,203,1011,68.49,0.20811
NORFOLK ISLAND,NLK,Norfolk Island,New South Wales,167.943487,-29.035207,1,normalised_exact,2009,48,26529,26406,52935,5491,5603,11094,32020,32009,64029,753,131,884,72.43,0.17327
NORFOLK ISLAND,NLK,Norfolk Island,New South Wales,167.943487,-29.035207,1,normalised_exact,2010,53,24598,24506,49104,4970,5039,10009,29568,29545,59113,730,109,839,70.46,0.16932
NORFOLK ISLAND,NLK,Norfolk Island,New South Wales,167.943487,-29.035207,1,normalised_exact,2011,58,25649,25829,51478,5033,5080,10113,30682,30909,61591,818,104,922,66.8,0.1642
NORFOLK ISLAND,NLK,Norfolk Island,New South Wales,167.943487,-29.035207,1,normalised_exact,2012,59,21657,21821,43478,5049,5040,10089,26706,26861,53567,480,105,585,91.57,0.18834
NORFOLK ISLAND,NLK,Norfolk Island,New South Wales,167.943487,-29.035207,1,normalised_exact,2013,59,22495,22505,45000,5625,5679,11304,28120,28184,56304,417,108,525,107.25,0.20077
NORFOLK ISLAND,NLK,Norfolk Island,New South Wales,167.943487,-29.035207,1,normalised_exact,2014,57,23409,23374,46783,5640,5695,11335,29049,29069,58118,416,107,523,111.12,0.19503
NORFOLK ISLAND,NLK,Norfolk Island,New South Wales,167.943487,-29.035207,1,normalised_exact,2015,54,25159,25142,50301,6008,5833,11841,31167,30975,62142,415,107,522,119.05,0.19055
NORFOLK ISLAND,NLK,Norfolk Island,New South Wales,167.943487,-29.035207,1,normalised_exact,2016,53,27167,27192,54359,4937,4958,9895,32104,32150,64254,428,106,534,120.33,0.154
NORFOLK ISLAND,NLK,Norfolk Island,New South Wales,167.943487,-29.035207,1,normalised_exact,2017,56,28935,28639,57574,2343,2457,4800,31278,31096,62374,448,42,490,127.29,0.07696
NORFOLK ISLAND,NLK,Norfolk Island,New South Wales,167.943487,-29.035207,1,normalised_exact,2018,59,30289,30397,60686,0,0,0,30289,30397,60686,464,0,464,130.79,0.0
NORFOLK ISLAND,NLK,Norfolk Island,New South Wales,167.943487,-29.035207,1,normalised_exact,2019,58,30361,30088,60449,549,506,1055,30910,30594,61504,479,36,515,119.43,0.01715
NORFOLK ISLAND,NLK,Norfolk Island,New South Wales,167.943487,-29.035207,1,normalised_exact,2020,,13857,13611,27468,384,439,823,14241,14050,28291,322,24,346,81.77,0.02909
NORFOLK ISLAND,NLK,Norfolk Island,New South Wales,167.943487,-29.035207,1,normalised_exact,2021,48,25843,24811,50654,140,151,291,25983,24962,50945,506,14,520,97.97,0.00571
NORFOLK ISLAND,NLK,Norfolk Island,New South Wales,167.943487,-29.035207,1,normalised_exact,2022,53,33820,33177,66997,495,467,962,34315,33644,67959,608,41,649,104.71,0.01416
NORFOLK ISLAND,NLK,Norfolk Island,New South Wales,167.943487,-29.035207,1,normalised_exact,2023,54,34675,34319,68994,1349,1354,2703,36024,35673,71697,624,130,754,95.09,0.0377
NORFOLK ISLAND,NLK,Norfolk Island,New South Wales,167.943487,-29.035207,1,normalised_exact,2024,53,35225,35274,70499,1027,1098,2125,36252,36372,72624,627,70,697,104.2,0.02926
NORFOLK ISLAND,NLK,Norfolk Island,New South Wales,167.943487,-29.035207,1,normalised_exact,2025,55,34912,34743,69655,694,696,1390,35606,35439,71045,621,37,658,107.97,0.01957
OLYMPIC DAM,,,,,,,unmatched,1985,,1697,1701,3398,0,0,0,1697,1701,3398,1759,0,1759,1.93,0.0
OLYMPIC DAM,,,,,,,unmatched,1986,,2840,2933,5773,0,0,0,2840,2933,5773,1481,0,1481,3.9,0.0
OLYMPIC DAM,,,,,,,unmatched,1987,,8928,8796,17724,0,0,0,8928,8796,17724,2658,0,2658,6.67,0.0
OLYMPIC DAM,,,,,,,unmatched,1988,,8958,8911,17869,0,0,0,8958,8911,17869,2562,0,2562,6.97,0.0
OLYMPIC DAM,,,,,,,unmatched,1989,,4324,4690,9014,0,0,0,4324,4690,9014,1975,0,1975,4.56,0.0
OLYMPIC DAM,,,,,,,unmatched,1990,,2896,3038,5934,0,0,0,2896,3038,5934,1616,0,1616,3.67,0.0
OLYMPIC DAM,,,,,,,unmatched,1991,,2798,2941,5739,0,0,0,2798,2941,5739,1401,0,1401,4.1,0.0
OLYMPIC DAM,,,,,,,unmatched,1992,,2896,2989,5885,0,0,0,2896,2989,5885,1595,0,1595,3.69,0.0
OLYMPIC DAM,,,,,,,unmatched,1993,,3517,3797,7314,0,0,0,3517,3797,7314,1650,0,1650,4.43,0.0
OLYMPIC DAM,,,,,,,unmatched,1994,,5215,5423,10638,0,0,0,5215,5423,10638,1764,0,1764,6.03,0.0
OLYMPIC DAM,,,,,,,unmatched,1995,,6117,6311,12428,0,0,0,6117,6311,12428,1966,0,1966,6.32,0.0
OLYMPIC DAM,,,,,,,unmatched,1996,,6712,6852,13564,0,0,0,6712,6852,13564,1913,0,1913,7.09,0.0
OLYMPIC DAM,,,,,,,unmatched,1997,,15948,15374,31322,0,0,0,15948,15374,31322,2656,0,2656,11.79,0.0
OLYMPIC DAM,,,,,,,unmatched,1998,,17043,16879,33922,0,0,0,17043,16879,33922,2676,0,2676,12.68,0.0
OLYMPIC DAM,,,,,,,unmatched,1999,,12875,12859,25734,0,0,0,12875,12859,25734,2702,0,2702,9.52,0.0
OLYMPIC DAM,,,,,,,unmatched,2000,,11046,11039,22085,0,0,0,11046,11039,22085,2612,0,2612,8.46,0.0
OLYMPIC DAM,,,,,,,unmatched,2001,,10125,10119,20244,0,0,0,10125,10119,20244,1824,0,1824,11.1,0.0
OLYMPIC DAM,,,,,,,unmatched,2002,,10915,10773,21688,0,0,0,10915,10773,21688,1154,0,1154,18.79,0.0
OLYMPIC DAM,,,,,,,unmatched,2003,,13868,13957,27825,0,0,0,13868,13957,27825,1647,0,1647,16.89,0.0
OLYMPIC DAM,,,,,,,unmatched,2004,,12117,12229,24346,0,0,0,12117,12229,24346,1714,0,1714,14.2,0.0
OLYMPIC DAM,,,,,,,unmatched,2005,,15504,15588,31092,0,0,0,15504,15588,31092,1736,0,1736,17.91,0.0
OLYMPIC DAM,,,,,,,unmatched,2006,,23586,23687,47273,0,0,0,23586,23687,47273,2265,0,2265,20.87,0.0
OLYMPIC DAM,,,,,,,unmatched,2007,52,31561,31808,63369,0,0,0,31561,31808,63369,2562,0,2562,24.73,0.0
OLYMPIC DAM,,,,,,,unmatched,2008,47,42438,42053,84491,0,0,0,42438,42053,84491,2262,0,2262,37.35,0.0
OLYMPIC DAM,,,,,,,unmatched,2009,49,32987,30885,63872,0,0,0,32987,30885,63872,2028,0,2028,31.5,0.0
OLYMPIC DAM,,,,,,,unmatched,2010,51,31947,31468,63415,0,0,0,31947,31468,63415,1767,0,1767,35.89,0.0
OLYMPIC DAM,,,,,,,unmatched,2011,48,39582,41150,80732,0,0,0,39582,41150,80732,2105,0,2105,38.35,0.0
OLYMPIC DAM,,,,,,,unmatched,2012,48,47132,45924,93056,0,0,0,47132,45924,93056,2737,0,2737,34.0,0.0
OLYMPIC DAM,,,,,,,unmatched,2013,51,38224,38785,77009,0,0,0,38224,38785,77009,2283,0,2283,33.73,0.0
OLYMPIC DAM,,,,,,,unmatched,2014,51,38495,38084,76579,0,0,0,38495,38084,76579,2277,0,2277,33.63,0.0
OLYMPIC DAM,,,,,,,unmatched,2015,52,31717,32163,63880,0,0,0,31717,32163,63880,1971,0,1971,32.41,0.0
OLYMPIC DAM,,,,,,,unmatched,2016,61,25606,25483,51089,0,0,0,25606,25483,51089,1502,0,1502,34.01,0.0
OLYMPIC DAM,,,,,,,unmatched,2017,52,34746,34897,69643,0,0,0,34746,34897,69643,1919,0,1919,36.29,0.0
OLYMPIC DAM,,,,,,,unmatched,2018,53,37332,37468,74800,0,0,0,37332,37468,74800,1999,0,1999,37.42,0.0
OLYMPIC DAM,,,,,,,unmatched,2019,54,38249,37603,75852,0,0,0,38249,37603,75852,2075,0,2075,36.56,0.0
OLYMPIC DAM,,,,,,,unmatched,2020,,21240,21086,42326,0,0,0,21240,21086,42326,1634,0,1634,25.9,0.0
OLYMPIC DAM,,,,,,,unmatched,2021,35,42107,42059,84166,0,0,0,42107,42059,84166,1447,0,1447,58.17,0.0
OLYMPIC DAM,,,,,,,unmatched,2022,47,40760,48466,89226,0,0,0,40760,48466,89226,1228,0,1228,72.66,0.0
OLYMPIC DAM,,,,,,,unmatched,2023,46,48190,55047,103237,0,0,0,48190,55047,103237,1289,0,1289,80.09,0.0
OLYMPIC DAM,,,,,,,unmatched,2024,47,48059,54565,102624,0,0,0,48059,54565,102624,1308,0,1308,78.46,0.0
OLYMPIC DAM,,,,,,,unmatched,2025,47,48568,54697,103265,0,0,0,48568,54697,103265,1303,0,1303,79.25,0.0
ONSLOW,,,,,,,unmatched,1985,,38,33,71,0,0,0,38,33,71,34,0,34,2.09,0.0
ONSLOW,,,,,,,unmatched,1986,,91,81,172,0,0,0,91,81,172,98,0,98,1.76,0.0
ONSLOW,,,,,,,unmatched,1987,,79,56,135,0,0,0,79,56,135,90,0,90,1.5,0.0
ONSLOW,,,,,,,unmatched,1988,,93,91,184,0,0,0,93,91,184,106,0,106,1.74,0.0
ONSLOW,,,,,,,unmatched,1989,,74,90,164,0,0,0,74,90,164,78,0,78,2.1,0.0
ONSLOW,,,,,,,unmatched,1990,,63,34,97,0,0,0,63,34,97,74,0,74,1.31,0.0
ONSLOW,,,,,,,unmatched,1991,,29,19,48,0,0,0,29,19,48,36,0,36,1.33,0.0
ONSLOW,,,,,,,unmatched,2014,,267,310,577,0,0,0,267,310,577,38,0,38,15.18,0.0
ONSLOW,,,,,,,unmatched,2015,,1209,1105,2314,0,0,0,1209,1105,2314,154,0,154,15.03,0.0
ONSLOW,,,,,,,unmatched,2021,,8523,8439,16962,0,0,0,8523,8439,16962,232,0,232,73.11,0.0
ONSLOW,,,,,,,unmatched,2022,,3293,2992,6285,0,0,0,3293,2992,6285,96,0,96,65.47,0.0
ONSLOW,,,,,,,unmatched,2024,,12228,11528,23756,0,0,0,12228,11528,23756,395,0,395,60.14,0.0
ONSLOW,,,,,,,unmatched,2025,,17681,16524,34205,0,0,0,17681,16524,34205,619,0,619,55.26,0.0
ORANGE,,,,,,,unmatched,1985,,13092,12687,25779,0,0,0,13092,12687,25779,8660,0,8660,2.98,0.0
ORANGE,,,,,,,unmatched,1986,,13415,11323,24738,0,0,0,13415,11323,24738,8327,0,8327,2.97,0.0
ORANGE,,,,,,,unmatched,1987,,13982,13993,27975,0,0,0,13982,13993,27975,10162,0,10162,2.75,0.0
ORANGE,,,,,,,unmatched,1988,,13528,13735,27263,0,0,0,13528,13735,27263,9619,0,9619,2.83,0.0
ORANGE,,,,,,,unmatched,1989,,11216,11308,22524,0,0,0,11216,11308,22524,5279,0,5279,4.27,0.0
ORANGE,,,,,,,unmatched,1990,,14210,14470,28680,0,0,0,14210,14470,28680,7955,0,7955,3.61,0.0
ORANGE,,,,,,,unmatched,1991,,11243,11900,23143,0,0,0,11243,11900,23143,5772,0,5772,4.01,0.0
ORANGE,,,,,,,unmatched,1992,,13812,14128,27940,0,0,0,13812,14128,27940,4136,0,4136,6.76,0.0
ORANGE,,,,,,,unmatched,1993,,14698,14126,28824,0,0,0,14698,14126,28824,4810,0,4810,5.99,0.0
ORANGE,,,,,,,unmatched,1994,,16798,16399,33197,0,0,0,16798,16399,33197,6222,0,6222,5.34,0.0
ORANGE,,,,,,,unmatched,1995,,16947,17076,34023,0,0,0,16947,17076,34023,5094,0,5094,6.68,0.0
ORANGE,,,,,,,unmatched,1996,,18160,18404,36564,0,0,0,18160,18404,36564,4787,0,4787,7.64,0.0
ORANGE,,,,,,,unmatched,1997,,21856,22087,43943,0,0,0,21856,22087,43943,4732,0,4732,9.29,0.0
ORANGE,,,,,,,unmatched,1998,,23808,23733,47541,0,0,0,23808,23733,47541,3558,0,3558,13.36,0.0
ORANGE,,,,,,,unmatched,1999,,23458,23963,47421,0,0,0,23458,23963,47421,3172,0,3172,14.95,0.0
ORANGE,,,,,,,unmatched,2000,46,25047,25534,50581,0,0,0,25047,25534,50581,3119,0,3119,16.22,0.0
ORANGE,,,,,,,unmatched,2001,,21773,22115,43888,0,0,0,21773,22115,43888,3020,0,3020,14.53,0.0
ORANGE,,,,,,,unmatched,2002,,19290,19536,38826,0,0,0,19290,19536,38826,3110,0,3110,12.48,0.0
ORANGE,,,,,,,unmatched,2003,,20387,20752,41139,0,0,0,20387,20752,41139,2264,0,2264,18.17,0.0
ORANGE,,,,,,,unmatched,2004,47,28013,28157,56170,0,0,0,28013,28157,56170,2505,0,2505,22.42,0.0
ORANGE,,,,,,,unmatched,2005,51,27902,28229,56131,0,0,0,27902,28229,56131,2494,0,2494,22.51,0.0
ORANGE,,,,,,,unmatched,2006,53,28503,28975,57478,0,0,0,28503,28975,57478,2520,0,2520,22.81,0.0
ORANGE,,,,,,,unmatched,2007,55,29841,29917,59758,0,0,0,29841,29917,59758,2515,0,2515,23.76,0.0
ORANGE,,,,,,,unmatched,2008,57,29241,28970,58211,0,0,0,29241,28970,58211,2541,0,2541,22.91,0.0
ORANGE,,,,,,,unmatched,2009,57,26258,26270,52528,0,0,0,26258,26270,52528,2403,0,2403,21.86,0.0
ORANGE,,,,,,,unmatched,2010,54,28501,28435,56936,0,0,0,28501,28435,56936,2312,0,2312,24.63,0.0
ORANGE,,,,,,,unmatched,2011,57,30811,31132,61943,0,0,0,30811,31132,61943,2352,0,2352,26.34,0.0
ORANGE,,,,,,,unmatched,2012,57,29808,29853,59661,0,0,0,29808,29853,59661,2862,0,2862,20.85,0.0
ORANGE,,,,,,,unmatched,2013,58,29199,29005,58204,0,0,0,29199,29005,58204,3690,0,3690,15.77,0.0
ORANGE,,,,,,,unmatched,2014,,24609,24661,49270,0,0,0,24609,24661,49270,2495,0,2495,19.75,0.0
ORANGE,,,,,,,unmatched,2015,,24214,24365,48579,0,0,0,24214,24365,48579,2404,0,2404,20.21,0.0
ORANGE,,,,,,,unmatched,2016,60,26065,26084,52149,0,0,0,26065,26084,52149,2390,0,2390,21.82,0.0
ORANGE,,,,,,,unmatched,2017,55,31710,31985,63695,0,0,0,31710,31985,63695,2837,0,2837,22.45,0.0
ORANGE,,,,,,,unmatched,2018,51,38632,38001,76633,0,0,0,38632,38001,76633,3606,0,3606,21.25,0.0
ORANGE,,,,,,,unmatched,2019,50,41372,41000,82372,0,0,0,41372,41000,82372,3855,0,3855,21.37,0.0
ORANGE,,,,,,,unmatched,2020,,12639,12593,25232,0,0,0,12639,12593,25232,1671,0,1671,15.1,0.0
ORANGE,,,,,,,unmatched,2021,,18362,18314,36676,0,0,0,18362,18314,36676,2532,0,2532,14.48,0.0
ORANGE,,,,,,,unmatched,2022,48,42140,42925,85065,0,0,0,42140,42925,85065,4185,0,4185,20.33,0.0
ORANGE,,,,,,,unmatched,2023,48,48339,48558,96897,0,0,0,48339,48558,96897,4911,0,4911,19.73,0.0
ORANGE,,,,,,,unmatched,2024,48,50120,50079,100199,0,0,0,50120,50079,100199,4843,0,4843,20.69,0.0
ORANGE,,,,,,,unmatched,2025,48,51275,51364,102639,0,0,0,51275,51364,102639,4725,0,4725,21.72,0.0
PALM ISLAND,,,,,,,unmatched,1985,,9239,8416,17655,0,0,0,9239,8416,17655,1576,0,1576,11.2,0.0
PALM ISLAND,,,,,,,unmatched,1986,,7500,7686,15186,0,0,0,7500,7686,15186,1405,0,1405,10.81,0.0
PALM ISLAND,,,,,,,unmatched,1987,,5360,5710,11070,0,0,0,5360,5710,11070,1128,0,1128,9.81,0.0
PALM ISLAND,,,,,,,unmatched,2002,,3587,3588,7175,0,0,0,3587,3588,7175,770,0,770,9.32,0.0
PALM ISLAND,,,,,,,unmatched,2003,,11930,11938,23868,0,0,0,11930,11938,23868,2808,0,2808,8.5,0.0
PALM ISLAND,,,,,,,unmatched,2004,,13630,13628,27258,0,0,0,13630,13628,27258,2592,0,2592,10.52,0.0
PALM ISLAND,,,,,,,unmatched,2005,,20715,20753,41468,0,0,0,20715,20753,41468,4462,0,4462,9.29,0.0
PALM ISLAND,,,,,,,unmatched,2006,,18675,19016,37691,0,0,0,18675,19016,37691,3722,0,3722,10.13,0.0
PALM ISLAND,,,,,,,unmatched,2007,,14301,14363,28664,0,0,0,14301,14363,28664,2316,0,2316,12.38,0.0
PALM ISLAND,,,,,,,unmatched,2008,,11966,12103,24069,0,0,0,11966,12103,24069,1855,0,1855,12.98,0.0
PALM ISLAND,,,,,,,unmatched,2009,,9599,10230,19829,0,0,0,9599,10230,19829,3844,0,3844,5.16,0.0
PALM ISLAND,,,,,,,unmatched,2010,,11663,12365,24028,0,0,0,11663,12365,24028,5018,0,5018,4.79,0.0
PALM ISLAND,,,,,,,unmatched,2011,,12781,13714,26495,0,0,0,12781,13714,26495,5984,0,5984,4.43,0.0
PALM ISLAND,,,,,,,unmatched,2012,,13441,14393,27834,0,0,0,13441,14393,27834,5823,0,5823,4.78,0.0
PALM ISLAND,,,,,,,unmatched,2013,,12561,13498,26059,0,0,0,12561,13498,26059,5079,0,5079,5.13,0.0
PALM ISLAND,,,,,,,unmatched,2014,,11401,12564,23965,0,0,0,11401,12564,23965,4740,0,4740,5.06,0.0
PALM ISLAND,,,,,,,unmatched,2015,,11356,13010,24366,0,0,0,11356,13010,24366,4994,0,4994,4.88,0.0
PALM ISLAND,,,,,,,unmatched,2016,,11332,13274,24606,0,0,0,11332,13274,24606,5179,0,5179,4.75,0.0
PALM ISLAND,,,,,,,unmatched,2017,,11979,13632,25611,0,0,0,11979,13632,25611,5134,0,5134,4.99,0.0
PALM ISLAND,,,,,,,unmatched,2018,,13192,14680,27872,0,0,0,13192,14680,27872,5219,0,5219,5.34,0.0
PALM ISLAND,,,,,,,unmatched,2019,,13635,15183,28818,0,0,0,13635,15183,28818,5145,0,5145,5.6,0.0
PALM ISLAND,,,,,,,unmatched,2020,,10126,12038,22164,0,0,0,10126,12038,22164,4157,0,4157,5.33,0.0
PALM ISLAND,,,,,,,unmatched,2021,,10961,12460,23421,0,0,0,10961,12460,23421,4783,0,4783,4.9,0.0
PALM ISLAND,,,,,,,unmatched,2022,,11630,13257,24887,0,0,0,11630,13257,24887,4851,0,4851,5.13,0.0
PALM ISLAND,,,,,,,unmatched,2023,,12815,14363,27178,0,0,0,12815,14363,27178,4852,0,4852,5.6,0.0
PALM ISLAND,,,,,,,unmatched,2024,,12936,14054,26990,0,0,0,12936,14054,26990,4528,0,4528,5.96,0.0
PALM ISLAND,,,,,,,unmatched,2025,,13098,14207,27305,0,0,0,13098,14207,27305,4385,0,4385,6.23,0.0
PARABURDOO,PBO,Paraburdoo,Western Australia,117.747908,-23.173702,1,normalised_exact,1985,,23909,24298,48207,0,0,0,23909,24298,48207,2113,0,2113,22.81,0.0
PARABURDOO,PBO,Paraburdoo,Western Australia,117.747908,-23.173702,1,normalised_exact,1986,,24840,24870,49710,0,0,0,24840,24870,49710,1475,0,1475,33.7,0.0
PARABURDOO,PBO,Paraburdoo,Western Australia,117.747908,-23.173702,1,normalised_exact,1987,,22906,23185,46091,0,0,0,22906,23185,46091,1416,0,1416,32.55,0.0
PARABURDOO,PBO,Paraburdoo,Western Australia,117.747908,-23.173702,1,normalised_exact,1988,43,25560,25348,50908,0,0,0,25560,25348,50908,1516,0,1516,33.58,0.0
PARABURDOO,PBO,Paraburdoo,Western Australia,117.747908,-23.173702,1,normalised_exact,1989,,20923,20292,41215,0,0,0,20923,20292,41215,1111,0,1111,37.1,0.0
PARABURDOO,PBO,Paraburdoo,Western Australia,117.747908,-23.173702,1,normalised_exact,1990,,23116,22863,45979,0,0,0,23116,22863,45979,1294,0,1294,35.53,0.0
PARABURDOO,PBO,Paraburdoo,Western Australia,117.747908,-23.173702,1,normalised_exact,1991,,25025,24814,49839,0,0,0,25025,24814,49839,1276,0,1276,39.06,0.0
PARABURDOO,PBO,Paraburdoo,Western Australia,117.747908,-23.173702,1,normalised_exact,1992,41,27122,27248,54370,0,0,0,27122,27248,54370,1335,0,1335,40.73,0.0
PARABURDOO,PBO,Paraburdoo,Western Australia,117.747908,-23.173702,1,normalised_exact,1993,44,27659,27880,55539,0,0,0,27659,27880,55539,1281,0,1281,43.36,0.0
PARABURDOO,PBO,Paraburdoo,Western Australia,117.747908,-23.173702,1,normalised_exact,1994,46,29584,29505,59089,0,0,0,29584,29505,59089,1298,0,1298,45.52,0.0
PARABURDOO,PBO,Paraburdoo,Western Australia,117.747908,-23.173702,1,normalised_exact,1995,44,31035,30835,61870,0,0,0,31035,30835,61870,1361,0,1361,45.46,0.0
PARABURDOO,PBO,Paraburdoo,Western Australia,117.747908,-23.173702,1,normalised_exact,1996,,21978,21586,43564,0,0,0,21978,21586,43564,1283,0,1283,33.95,0.0
PARABURDOO,PBO,Paraburdoo,Western Australia,117.747908,-23.173702,1,normalised_exact,1997,,19577,19643,39220,0,0,0,19577,19643,39220,1254,0,1254,31.28,0.0
PARABURDOO,PBO,Paraburdoo,Western Australia,117.747908,-23.173702,1,normalised_exact,1998,,19142,19402,38544,0,0,0,19142,19402,38544,1199,0,1199,32.15,0.0
PARABURDOO,PBO,Paraburdoo,Western Australia,117.747908,-23.173702,1,normalised_exact,1999,,18866,18933,37799,0,0,0,18866,18933,37799,1146,0,1146,32.98,0.0
PARABURDOO,PBO,Paraburdoo,Western Australia,117.747908,-23.173702,1,normalised_exact,2000,,19244,18948,38192,0,0,0,19244,18948,38192,1149,0,1149,33.24,0.0
PARABURDOO,PBO,Paraburdoo,Western Australia,117.747908,-23.173702,1,normalised_exact,2001,,20851,20552,41403,0,0,0,20851,20552,41403,1165,0,1165,35.54,0.0
PARABURDOO,PBO,Paraburdoo,Western Australia,117.747908,-23.173702,1,normalised_exact,2002,45,26510,26458,52968,0,0,0,26510,26458,52968,1254,0,1254,42.24,0.0
PARABURDOO,PBO,Paraburdoo,Western Australia,117.747908,-23.173702,1,normalised_exact,2003,42,30676,30307,60983,0,0,0,30676,30307,60983,1256,0,1256,48.55,0.0
PARABURDOO,PBO,Paraburdoo,Western Australia,117.747908,-23.173702,1,normalised_exact,2004,46,31715,31757,63472,0,0,0,31715,31757,63472,1264,0,1264,50.22,0.0
PARABURDOO,PBO,Paraburdoo,Western Australia,117.747908,-23.173702,1,normalised_exact,2005,45,39635,39517,79152,0,0,0,39635,39517,79152,1344,0,1344,58.89,0.0
PARABURDOO,PBO,Paraburdoo,Western Australia,117.747908,-23.173702,1,normalised_exact,2006,40,48244,48171,96415,0,0,0,48244,48171,96415,1269,0,1269,75.98,0.0
PARABURDOO,PBO,Paraburdoo,Western Australia,117.747908,-23.173702,1,normalised_exact,2007,40,52382,52568,104950,0,0,0,52382,52568,104950,1426,0,1426,73.6,0.0
PARABURDOO,PBO,Paraburdoo,Western Australia,117.747908,-23.173702,1,normalised_exact,2008,38,64457,65138,129595,0,0,0,64457,65138,129595,1616,0,1616,80.19,0.0
PARABURDOO,PBO,Paraburdoo,Western Australia,117.747908,-23.173702,1,normalised_exact,2009,37,63608,64087,127695,0,0,0,63608,64087,127695,1925,0,1925,66.34,0.0
PARABURDOO,PBO,Paraburdoo,Western Australia,117.747908,-23.173702,1,normalised_exact,2010,36,87065,88509,175574,0,0,0,87065,88509,175574,2482,0,2482,70.74,0.0
PARABURDOO,PBO,Paraburdoo,Western Australia,117.747908,-23.173702,1,normalised_exact,2011,29,123503,123121,246624,0,0,0,123503,123121,246624,3052,0,3052,80.81,0.0
PARABURDOO,PBO,Paraburdoo,Western Australia,117.747908,-23.173702,1,normalised_exact,2012,26,150516,150667,301183,0,0,0,150516,150667,301183,3887,0,3887,77.48,0.0
PARABURDOO,PBO,Paraburdoo,Western Australia,117.747908,-23.173702,1,normalised_exact,2013,32,115836,116457,232293,0,0,0,115836,116457,232293,3119,0,3119,74.48,0.0
PARABURDOO,PBO,Paraburdoo,Western Australia,117.747908,-23.173702,1,normalised_exact,2014,36,96674,96617,193291,0,0,0,96674,96617,193291,3004,0,3004,64.34,0.0
PARABURDOO,PBO,Paraburdoo,Western Australia,117.747908,-23.173702,1,normalised_exact,2015,37,82829,84284,167113,0,0,0,82829,84284,167113,2831,0,2831,59.03,0.0
PARABURDOO,PBO,Paraburdoo,Western Australia,117.747908,-23.173702,1,normalised_exact,2016,40,81431,82679,164110,0,0,0,81431,82679,164110,2520,0,2520,65.12,0.0
PARABURDOO,PBO,Paraburdoo,Western Australia,117.747908,-23.173702,1,normalised_exact,2017,40,82481,83653,166134,0,0,0,82481,83653,166134,2478,0,2478,67.04,0.0
PARABURDOO,PBO,Paraburdoo,Western Australia,117.747908,-23.173702,1,normalised_exact,2018,37,88643,89368,178011,0,0,0,88643,89368,178011,2314,0,2314,76.93,0.0
PARABURDOO,PBO,Paraburdoo,Western Australia,117.747908,-23.173702,1,normalised_exact,2019,36,94624,96232,190856,0,0,0,94624,96232,190856,2363,0,2363,80.77,0.0
PARABURDOO,PBO,Paraburdoo,Western Australia,117.747908,-23.173702,1,normalised_exact,2020,28,54986,55672,110658,0,0,0,54986,55672,110658,1641,0,1641,67.43,0.0
PARABURDOO,PBO,Paraburdoo,Western Australia,117.747908,-23.173702,1,normalised_exact,2021,26,95632,96719,192351,0,0,0,95632,96719,192351,3101,0,3101,62.03,0.0
PARABURDOO,PBO,Paraburdoo,Western Australia,117.747908,-23.173702,1,normalised_exact,2022,28,105531,105225,210756,0,0,0,105531,105225,210756,3090,0,3090,68.21,0.0
PARABURDOO,PBO,Paraburdoo,Western Australia,117.747908,-23.173702,1,normalised_exact,2023,29,122833,123165,245998,0,0,0,122833,123165,245998,3510,0,3510,70.08,0.0
PARABURDOO,PBO,Paraburdoo,Western Australia,117.747908,-23.173702,1,normalised_exact,2024,27,137344,138917,276261,0,0,0,137344,138917,276261,3502,0,3502,78.89,0.0
PARABURDOO,PBO,Paraburdoo,Western Australia,117.747908,-23.173702,1,normalised_exact,2025,28,123927,125772,249699,0,0,0,123927,125772,249699,2880,0,2880,86.7,0.0
PARKES,,,,,,,unmatched,1985,,4116,4120,8236,0,0,0,4116,4120,8236,2478,0,2478,3.32,0.0
PARKES,,,,,,,unmatched,1986,,3650,3652,7302,0,0,0,3650,3652,7302,2350,0,2350,3.11,0.0
PARKES,,,,,,,unmatched,1987,,3792,3793,7585,0,0,0,3792,3793,7585,2910,0,2910,2.61,0.0
PARKES,,,,,,,unmatched,1988,,3778,3747,7525,0,0,0,3778,3747,7525,2724,0,2724,2.76,0.0
PARKES,,,,,,,unmatched,1989,,2842,2781,5623,0,0,0,2842,2781,5623,3143,0,3143,1.79,0.0
PARKES,,,,,,,unmatched,1990,,3063,3069,6132,0,0,0,3063,3069,6132,4216,0,4216,1.45,0.0
PARKES,,,,,,,unmatched,1991,,3303,3136,6439,0,0,0,3303,3136,6439,1820,0,1820,3.54,0.0
PARKES,,,,,,,unmatched,1992,,3393,3630,7023,0,0,0,3393,3630,7023,1847,0,1847,3.8,0.0
PARKES,,,,,,,unmatched,1993,,4698,4879,9577,0,0,0,4698,4879,9577,1996,0,1996,4.8,0.0
PARKES,,,,,,,unmatched,1994,,6285,6628,12913,0,0,0,6285,6628,12913,2005,0,2005,6.44,0.0
PARKES,,,,,,,unmatched,1995,,7719,7617,15336,0,0,0,7719,7617,15336,1884,0,1884,8.14,0.0
PARKES,,,,,,,unmatched,1996,,8604,8632,17236,0,0,0,8604,8632,17236,1964,0,1964,8.78,0.0
PARKES,,,,,,,unmatched,1997,,7623,7476,15099,0,0,0,7623,7476,15099,1984,0,1984,7.61,0.0
PARKES,,,,,,,unmatched,1998,,7717,7701,15418,0,0,0,7717,7701,15418,2093,0,2093,7.37,0.0
PARKES,,,,,,,unmatched,1999,,6679,6665,13344,0,0,0,6679,6665,13344,2027,0,2027,6.58,0.0
PARKES,,,,,,,unmatched,2000,,6635,6659,13294,0,0,0,6635,6659,13294,1998,0,1998,6.65,0.0
PARKES,,,,,,,unmatched,2001,,6143,5924,12067,0,0,0,6143,5924,12067,1708,0,1708,7.06,0.0
PARKES,,,,,,,unmatched,2002,,5803,5530,11333,0,0,0,5803,5530,11333,1627,0,1627,6.97,0.0
PARKES,,,,,,,unmatched,2003,,6727,6718,13445,0,0,0,6727,6718,13445,1829,0,1829,7.35,0.0
PARKES,,,,,,,unmatched,2004,,9591,9555,19146,0,0,0,9591,9555,19146,1853,0,1853,10.33,0.0
PARKES,,,,,,,unmatched,2005,,12652,12665,25317,0,0,0,12652,12665,25317,1868,0,1868,13.55,0.0
PARKES,,,,,,,unmatched,2006,,15247,15370,30617,0,0,0,15247,15370,30617,1850,0,1850,16.55,0.0
PARKES,,,,,,,unmatched,2007,,16712,16616,33328,0,0,0,16712,16616,33328,1774,0,1774,18.79,0.0
PARKES,,,,,,,unmatched,2008,,17102,17130,34232,0,0,0,17102,17130,34232,1844,0,1844,18.56,0.0
PARKES,,,,,,,unmatched,2009,,14110,14243,28353,0,0,0,14110,14243,28353,1816,0,1816,15.61,0.0
PARKES,,,,,,,unmatched,2010,,15731,15931,31662,0,0,0,15731,15931,31662,1791,0,1791,17.68,0.0
PARKES,,,,,,,unmatched,2011,,15845,15845,31690,0,0,0,15845,15845,31690,1778,0,1778,17.82,0.0
PARKES,,,,,,,unmatched,2012,,15088,15223,30311,0,0,0,15088,15223,30311,1856,0,1856,16.33,0.0
PARKES,,,,,,,unmatched,2013,,12886,13219,26105,0,0,0,12886,13219,26105,1779,0,1779,14.67,0.0
PARKES,,,,,,,unmatched,2014,,12391,12587,24978,0,0,0,12391,12587,24978,1913,0,1913,13.06,0.0
PARKES,,,,,,,unmatched,2015,,13128,13198,26326,0,0,0,13128,13198,26326,1952,0,1952,13.49,0.0
PARKES,,,,,,,unmatched,2016,,14137,14085,28222,0,0,0,14137,14085,28222,1820,0,1820,15.51,0.0
PARKES,,,,,,,unmatched,2017,,13960,14014,27974,0,0,0,13960,14014,27974,1756,0,1756,15.93,0.0
PARKES,,,,,,,unmatched,2018,,17064,17216,34280,0,0,0,17064,17216,34280,1801,0,1801,19.03,0.0
PARKES,,,,,,,unmatched,2019,,17726,18226,35952,0,0,0,17726,18226,35952,2154,0,2154,16.69,0.0
PARKES,,,,,,,unmatched,2020,,4191,4139,8330,0,0,0,4191,4139,8330,1113,0,1113,7.48,0.0
PARKES,,,,,,,unmatched,2021,,2557,2607,5164,0,0,0,2557,2607,5164,963,0,963,5.36,0.0
PARKES,,,,,,,unmatched,2022,,11243,11455,22698,0,0,0,11243,11455,22698,1913,0,1913,11.87,0.0
PARKES,,,,,,,unmatched,2023,,12382,12440,24822,0,0,0,12382,12440,24822,1993,0,1993,12.45,0.0
PARKES,,,,,,,unmatched,2024,,8778,8988,17766,0,0,0,8778,8988,17766,1646,0,1646,10.79,0.0
PARKES,,,,,,,unmatched,2025,,8594,8640,17234,0,0,0,8594,8640,17234,1857,0,1857,9.28,0.0
PERTH,PER,Perth - Terminal 1,Western Australia,115.967458,-31.937159,2,normalised_exact,1985,5,680950,676671,1357621,255255,245627,500882,936205,922298,1858503,40436,2949,43385,42.84,0.26951
PERTH,PER,Perth - Terminal 1,Western Australia,115.967458,-31.937159,2,normalised_exact,1986,5,723991,714521,1438512,292750,273616,566366,1016741,988137,2004878,39238,3280,42518,47.15,0.28249
PERTH,PER,Perth - Terminal 1,Western Australia,115.967458,-31.937159,2,normalised_exact,1987,4,764782,771382,1536164,331653,317546,649199,1096435,1088928,2185363,28545,3307,31852,68.61,0.29707
PERTH,PER,Perth - Terminal 1,Western Australia,115.967458,-31.937159,2,normalised_exact,1988,5,788259,791765,1580024,370072,344039,714111,1158331,1135804,2294135,28609,3335,31944,71.82,0.31128
PERTH,PER,Perth - Terminal 1,Western Australia,115.967458,-31.937159,2,normalised_exact,1989,4,618619,624374,1242993,414425,397329,811754,1033044,1021703,2054747,23632,4228,27860,73.75,0.39506
PERTH,PER,Perth - Terminal 1,Western Australia,115.967458,-31.937159,2,normalised_exact,1990,4,748004,750284,1498288,439326,421490,860816,1187330,1171774,2359104,28411,4849,33260,70.93,0.36489
PERTH,PER,Perth - Terminal 1,Western Australia,115.967458,-31.937159,2,normalised_exact,1991,4,1016847,1025879,2042726,422103,402069,824172,1438950,1427948,2866898,33052,5351,38403,74.65,0.28748
PERTH,PER,Perth - Terminal 1,Western Australia,115.967458,-31.937159,2,normalised_exact,1992,5,1002085,1010394,2012479,456933,440357,897290,1459018,1450751,2909769,32971,5907,38878,74.84,0.30837
PERTH,PER,Perth - Terminal 1,Western Australia,115.967458,-31.937159,2,normalised_exact,1993,4,1097623,1103531,2201154,512975,487894,1000869,1610598,1591425,3202023,35084,7121,42205,75.87,0.31257
PERTH,PER,Perth - Terminal 1,Western Australia,115.967458,-31.937159,2,normalised_exact,1994,4,1262179,1270077,2532256,574545,546501,1121046,1836724,1816578,3653302,39390,7362,46752,78.14,0.30686
PERTH,PER,Perth - Terminal 1,Western Australia,115.967458,-31.937159,2,normalised_exact,1995,4,1384627,1399061,2783688,609320,581517,1190837,1993947,1980578,3974525,44512,8167,52679,75.45,0.29962
PERTH,PER,Perth - Terminal 1,Western Australia,115.967458,-31.937159,2,normalised_exact,1996,4,1526525,1539807,3066332,659886,632241,1292127,2186411,2172048,4358459,47428,8917,56345,77.35,0.29646
PERTH,PER,Perth - Terminal 1,Western Australia,115.967458,-31.937159,2,normalised_exact,1997,4,1565892,1587103,3152995,714035,685479,1399514,2279927,2272582,4552509,48008,8725,56733,80.24,0.30742
PERTH,PER,Perth - Terminal 1,Western Australia,115.967458,-31.937159,2,normalised_exact,1998,4,1611197,1624327,3235524,733584,700493,1434077,2344781,2324820,4669601,45354,9164,54518,85.65,0.30711
PERTH,PER,Perth - Terminal 1,Western Australia,115.967458,-31.937159,2,normalised_exact,1999,4,1614352,1642735,3257087,755114,719784,1474898,2369466,2362519,4731985,44970,9604,54574,86.71,0.31169
PERTH,PER,Perth - Terminal 1,Western Australia,115.967458,-31.937159,2,normalised_exact,2000,4,1728932,1734190,3463122,810998,769624,1580622,2539930,2503814,5043744,46199,10103,56302,89.58,0.31338
PERTH,PER,Perth - Terminal 1,Western Australia,115.967458,-31.937159,2,normalised_exact,2001,4,1662012,1679791,3341803,814035,773344,1587379,2476047,2453135,4929182,41750,9141,50891,96.86,0.32204
PERTH,PER,Perth - Terminal 1,Western Australia,115.967458,-31.937159,2,normalised_exact,2002,4,1668292,1703023,3371315,837755,798667,1636422,2506047,2501690,5007737,36805,8335,45140,110.94,0.32678
PERTH,PER,Perth - Terminal 1,Western Australia,115.967458,-31.937159,2,normalised_exact,2003,4,1934347,1958276,3892623,817616,769006,1586622,2751963,2727282,5479245,40763,8798,49561,110.56,0.28957
PERTH,PER,Perth - Terminal 1,Western Australia,115.967458,-31.937159,2,normalised_exact,2004,4,2216159,2221132,4437291,930693,896696,1827389,3146852,3117828,6264680,44860,9524,54384,115.19,0.2917
PERTH,PER,Perth - Terminal 1,Western Australia,115.967458,-31.937159,2,normalised_exact,2005,4,2375422,2379250,4754672,1022241,984784,2007025,3397663,3364034,6761697,46583,10774,57357,117.89,0.29682
PERTH,PER,Perth - Terminal 1,Western Australia,115.967458,-31.937159,2,normalised_exact,2006,4,2705021,2724849,5429870,1042765,992112,2034877,3747786,3716961,7464747,48941,10300,59241,126.01,0.2726
PERTH,PER,Perth - Terminal 1,Western Australia,115.967458,-31.937159,2,normalised_exact,2007,4,3040097,3065149,6105246,1212943,1160625,2373568,4253040,4225774,8478814,53002,11992,64994,130.46,0.27994
PERTH,PER,Perth - Terminal 1,Western Australia,115.967458,-31.937159,2,normalised_exact,2008,4,3346848,3358332,6705180,1299846,1233176,2533022,4646694,4591508,9238202,60951,13422,74373,124.21,0.27419
PERTH,PER,Perth - Terminal 1,Western Australia,115.967458,-31.937159,2,normalised_exact,2009,4,3415365,3425672,6841037,1411683,1363054,2774737,4827048,4788726,9615774,64355,15879,80234,119.85,0.28856
PERTH,PER,Perth - Terminal 1,Western Australia,115.967458,-31.937159,2,normalised_exact,2010,4,3666157,3653696,7319853,1579445,1554264,3133709,5245602,5207960,10453562,67627,17843,85470,122.31,0.29977
PERTH,PER,Perth - Terminal 1,Western Australia,115.967458,-31.937159,2,normalised_exact,2011,4,4012703,4003329,8016032,1696939,1652529,3349468,5709642,5655858,11365500,70824,19115,89939,126.37,0.2947
PERTH,PER,Perth - Terminal 1,Western Australia,115.967458,-31.937159,2,normalised_exact,2012,4,4500495,4499076,8999571,1831576,1787192,3618768,6332071,6286268,12618339,78121,19920,98041,128.7,0.28679
PERTH,PER,Perth - Terminal 1,Western Australia,115.967458,-31.937159,2,normalised_exact,2013,4,4487326,4494546,8981872,1981237,1938603,3919840,6468563,6433149,12901712,77547,22504,100051,128.95,0.30382
PERTH,PER,Perth - Terminal 1,Western Australia,115.967458,-31.937159,2,normalised_exact,2014,4,4367566,4390953,8758519,2116598,2063809,4180407,6484164,6454762,12938926,75595,23685,99280,130.33,0.32309
PERTH,PER,Perth - Terminal 1,Western Australia,115.967458,-31.937159,2,normalised_exact,2015,4,4200070,4201462,8401532,2116736,2076097,4192833,6316806,6277559,12594365,73696,21708,95404,132.01,0.33291
PERTH,PER,Perth - Terminal 1,Western Australia,115.967458,-31.937159,2,normalised_exact,2016,4,4048286,4077200,8125486,2214255,2164920,4379175,6262541,6242120,12504661,71878,22735,94613,132.17,0.3502
PERTH,PER,Perth - Terminal 1,Western Australia,115.967458,-31.937159,2,normalised_exact,2017,4,3980722,4004343,7985065,2218252,2167215,4385467,6198974,6171558,12370532,69952,22307,92259,134.08,0.35451
PERTH,PER,Perth - Terminal 1,Western Australia,115.967458,-31.937159,2,normalised_exact,2018,4,4057776,4053972,8111748,2198586,2167385,4365971,6256362,6221357,12477719,70093,22772,92865,134.36,0.3499
PERTH,PER,Perth - Terminal 1,Western Australia,115.967458,-31.937159,2,normalised_exact,2019,4,4081844,4068492,8150336,2198754,2164426,4363180,6280598,6232918,12513516,70701,21680,92381,135.46,0.34868
PERTH,PER,Perth - Terminal 1,Western Australia,115.967458,-31.937159,2,normalised_exact,2020,4,1479942,1468036,2947978,523827,455133,978960,2003769,1923169,3926938,34505,7153,41658,94.27,0.24929
PERTH,PER,Perth - Terminal 1,Western Australia,115.967458,-31.937159,2,normalised_exact,2021,4,1937924,1915567,3853491,40897,49754,90651,1978821,1965321,3944142,47476,3793,51269,76.93,0.02298
PERTH,PER,Perth - Terminal 1,Western Australia,115.967458,-31.937159,2,normalised_exact,2022,4,3301689,3238056,6539745,930894,940109,1871003,4232583,4178165,8410748,57883,10211,68094,123.52,0.22245
PERTH,PER,Perth - Terminal 1,Western Australia,115.967458,-31.937159,2,normalised_exact,2023,4,4150662,4127979,8278641,1971249,1914587,3885836,6121911,6042566,12164477,69583,18824,88407,137.6,0.31944
PERTH,PER,Perth - Terminal 1,Western Australia,115.967458,-31.937159,2,normalised_exact,2024,4,4401244,4382027,8783271,2411623,2387403,4799026,6812867,6769430,13582297,75177,25114,100291,135.43,0.35333
PERTH,PER,Perth - Terminal 1,Western Australia,115.967458,-31.937159,2,normalised_exact,2025,4,4606790,4617342,9224132,2727041,2668027,5395068,7333831,7285369,14619200,77371,27545,104916,139.34,0.36904
PORT HEDLAND,PHE,Port Hedland,Western Australia,118.631651,-20.378134,1,normalised_exact,1985,20,84735,86291,171026,1967,2123,4090,86702,88414,175116,6131,136,6267,27.94,0.02336
PORT HEDLAND,PHE,Port Hedland,Western Australia,118.631651,-20.378134,1,normalised_exact,1986,20,85822,87165,172987,2133,2028,4161,87955,89193,177148,5709,104,5813,30.47,0.02349
PORT HEDLAND,PHE,Port Hedland,Western Australia,118.631651,-20.378134,1,normalised_exact,1987,20,80857,81533,162390,2546,2569,5115,83403,84102,167505,5314,104,5418,30.92,0.03054
PORT HEDLAND,PHE,Port Hedland,Western Australia,118.631651,-20.378134,1,normalised_exact,1988,21,74245,75062,149307,2952,2947,5899,77197,78009,155206,4838,106,4944,31.39,0.03801
PORT HEDLAND,PHE,Port Hedland,Western Australia,118.631651,-20.378134,1,normalised_exact,1989,20,52927,52758,105685,2240,2526,4766,55167,55284,110451,3501,102,3603,30.66,0.04315
PORT HEDLAND,PHE,Port Hedland,Western Australia,118.631651,-20.378134,1,normalised_exact,1990,19,65280,66572,131852,2325,2624,4949,67605,69196,136801,3756,104,3860,35.44,0.03618
PORT HEDLAND,PHE,Port Hedland,Western Australia,118.631651,-20.378134,1,normalised_exact,1991,19,63553,64935,128488,2306,2668,4974,65859,67603,133462,3625,104,3729,35.79,0.03727
PORT HEDLAND,PHE,Port Hedland,Western Australia,118.631651,-20.378134,1,normalised_exact,1992,20,60699,62895,123594,2583,2593,5176,63282,65488,128770,3352,106,3458,37.24,0.0402
PORT HEDLAND,PHE,Port Hedland,Western Australia,118.631651,-20.378134,1,normalised_exact,1993,21,67817,68541,136358,2154,2301,4455,69971,70842,140813,3541,106,3647,38.61,0.03164
PORT HEDLAND,PHE,Port Hedland,Western Australia,118.631651,-20.378134,1,normalised_exact,1994,22,74223,75277,149500,1114,1188,2302,75337,76465,151802,3744,66,3810,39.84,0.01516
PORT HEDLAND,PHE,Port Hedland,Western Australia,118.631651,-20.378134,1,normalised_exact,1995,24,73544,73230,146774,541,726,1267,74085,73956,148041,4349,42,4391,33.71,0.00856
PORT HEDLAND,PHE,Port Hedland,Western Australia,118.631651,-20.378134,1,normalised_exact,1996,27,57582,57696,115278,756,780,1536,58338,58476,116814,4915,78,4993,23.4,0.01315
PORT HEDLAND,PHE,Port Hedland,Western Australia,118.631651,-20.378134,1,normalised_exact,1997,27,62068,62396,124464,1531,1678,3209,63599,64074,127673,4177,99,4276,29.86,0.02513
PORT HEDLAND,PHE,Port Hedland,Western Australia,118.631651,-20.378134,1,normalised_exact,1998,28,62355,62845,125200,2252,2146,4398,64607,64991,129598,3882,102,3984,32.53,0.03394
PORT HEDLAND,PHE,Port Hedland,Western Australia,118.631651,-20.378134,1,normalised_exact,1999,35,45658,46145,91803,1493,1476,2969,47151,47621,94772,2414,101,2515,37.68,0.03133
PORT HEDLAND,PHE,Port Hedland,Western Australia,118.631651,-20.378134,1,normalised_exact,2000,40,40361,40671,81032,0,0,0,40361,40671,81032,2530,0,2530,32.03,0.0
PORT HEDLAND,PHE,Port Hedland,Western Australia,118.631651,-20.378134,1,normalised_exact,2001,37,37777,37772,75549,0,0,0,37777,37772,75549,2638,0,2638,28.64,0.0
PORT HEDLAND,PHE,Port Hedland,Western Australia,118.631651,-20.378134,1,normalised_exact,2002,37,35997,36080,72077,0,0,0,35997,36080,72077,2388,0,2388,30.18,0.0
PORT HEDLAND,PHE,Port Hedland,Western Australia,118.631651,-20.378134,1,normalised_exact,2003,35,43025,42920,85945,0,0,0,43025,42920,85945,2359,0,2359,36.43,0.0
PORT HEDLAND,PHE,Port Hedland,Western Australia,118.631651,-20.378134,1,normalised_exact,2004,35,47929,48276,96205,0,0,0,47929,48276,96205,2736,0,2736,35.16,0.0
PORT HEDLAND,PHE,Port Hedland,Western Australia,118.631651,-20.378134,1,normalised_exact,2005,33,53925,54364,108289,0,0,0,53925,54364,108289,2525,0,2525,42.89,0.0
PORT HEDLAND,PHE,Port Hedland,Western Australia,118.631651,-20.378134,1,normalised_exact,2006,34,67810,69471,137281,0,0,0,67810,69471,137281,2061,0,2061,66.61,0.0
PORT HEDLAND,PHE,Port Hedland,Western Australia,118.631651,-20.378134,1,normalised_exact,2007,31,91014,89315,180329,0,0,0,91014,89315,180329,2248,0,2248,80.22,0.0
PORT HEDLAND,PHE,Port Hedland,Western Australia,118.631651,-20.378134,1,normalised_exact,2008,29,102684,103428,206112,0,0,0,102684,103428,206112,2960,0,2960,69.63,0.0
PORT HEDLAND,PHE,Port Hedland,Western Australia,118.631651,-20.378134,1,normalised_exact,2009,25,119438,119068,238506,0,0,0,119438,119068,238506,2699,0,2699,88.37,0.0
PORT HEDLAND,PHE,Port Hedland,Western Australia,118.631651,-20.378134,1,normalised_exact,2010,21,170408,171957,342365,1386,1653,3039,171794,173610,345404,4350,44,4394,78.61,0.0088
PORT HEDLAND,PHE,Port Hedland,Western Australia,118.631651,-20.378134,1,normalised_exact,2011,21,198751,199776,398527,783,703,1486,199534,200479,400013,4988,24,5012,79.81,0.00371
PORT HEDLAND,PHE,Port Hedland,Western Australia,118.631651,-20.378134,1,normalised_exact,2012,19,265667,267496,533163,0,0,0,265667,267496,533163,5895,0,5895,90.44,0.0
PORT HEDLAND,PHE,Port Hedland,Western Australia,118.631651,-20.378134,1,normalised_exact,2013,20,240554,242987,483541,0,0,0,240554,242987,483541,5876,0,5876,82.29,0.0
PORT HEDLAND,PHE,Port Hedland,Western Australia,118.631651,-20.378134,1,normalised_exact,2014,19,257604,258743,516347,0,0,0,257604,258743,516347,5602,0,5602,92.17,0.0
PORT HEDLAND,PHE,Port Hedland,Western Australia,118.631651,-20.378134,1,normalised_exact,2015,21,205870,208655,414525,2492,2821,5313,208362,211476,419838,5267,68,5335,78.7,0.01265
PORT HEDLAND,PHE,Port Hedland,Western Australia,118.631651,-20.378134,1,normalised_exact,2016,23,176390,179113,355503,4297,4224,8521,180687,183337,364024,4887,106,4993,72.91,0.02341
PORT HEDLAND,PHE,Port Hedland,Western Australia,118.631651,-20.378134,1,normalised_exact,2017,25,173027,173931,346958,3620,3719,7339,176647,177650,354297,4565,97,4662,76.0,0.02071
PORT HEDLAND,PHE,Port Hedland,Western Australia,118.631651,-20.378134,1,normalised_exact,2018,25,184548,186765,371313,4215,4259,8474,188763,191024,379787,4529,102,4631,82.01,0.02231
PORT HEDLAND,PHE,Port Hedland,Western Australia,118.631651,-20.378134,1,normalised_exact,2019,24,191707,195466,387173,4453,4438,8891,196160,199904,396064,4743,102,4845,81.75,0.02245
PORT HEDLAND,PHE,Port Hedland,Western Australia,118.631651,-20.378134,1,normalised_exact,2020,20,105107,109200,214307,973,698,1671,106080,109898,215978,2787,20,2807,76.94,0.00774
PORT HEDLAND,PHE,Port Hedland,Western Australia,118.631651,-20.378134,1,normalised_exact,2021,20,177729,183576,361305,0,0,0,177729,183576,361305,4357,0,4357,82.93,0.0
PORT HEDLAND,PHE,Port Hedland,Western Australia,118.631651,-20.378134,1,normalised_exact,2022,21,220033,229457,449490,0,0,0,220033,229457,449490,4160,0,4160,108.05,0.0
PORT HEDLAND,PHE,Port Hedland,Western Australia,118.631651,-20.378134,1,normalised_exact,2023,21,237310,245330,482640,0,0,0,237310,245330,482640,4703,0,4703,102.62,0.0
PORT HEDLAND,PHE,Port Hedland,Western Australia,118.631651,-20.378134,1,normalised_exact,2024,21,237874,243849,481723,0,0,0,237874,243849,481723,5291,0,5291,91.05,0.0
PORT HEDLAND,PHE,Port Hedland,Western Australia,118.631651,-20.378134,1,normalised_exact,2025,21,242554,249738,492292,0,0,0,242554,249738,492292,5399,0,5399,91.18,0.0
PORT LINCOLN,PLO,Port Lincoln,South Australia,135.874556,-34.603336,1,normalised_exact,1985,26,44632,45501,90133,0,0,0,44632,45501,90133,6352,0,6352,14.19,0.0
PORT LINCOLN,PLO,Port Lincoln,South Australia,135.874556,-34.603336,1,normalised_exact,1986,31,41247,41847,83094,0,0,0,41247,41847,83094,9861,0,9861,8.43,0.0
PORT LINCOLN,PLO,Port Lincoln,South Australia,135.874556,-34.603336,1,normalised_exact,1987,36,33946,33769,67715,0,0,0,33946,33769,67715,4992,0,4992,13.56,0.0
PORT LINCOLN,PLO,Port Lincoln,South Australia,135.874556,-34.603336,1,normalised_exact,1988,36,35364,35266,70630,0,0,0,35364,35266,70630,6342,0,6342,11.14,0.0
PORT LINCOLN,PLO,Port Lincoln,South Australia,135.874556,-34.603336,1,normalised_exact,1989,27,36898,37557,74455,0,0,0,36898,37557,74455,6175,0,6175,12.06,0.0
PORT LINCOLN,PLO,Port Lincoln,South Australia,135.874556,-34.603336,1,normalised_exact,1990,33,34643,35267,69910,0,0,0,34643,35267,69910,5638,0,5638,12.4,0.0
PORT LINCOLN,PLO,Port Lincoln,South Australia,135.874556,-34.603336,1,normalised_exact,1991,32,36175,36620,72795,0,0,0,36175,36620,72795,5926,0,5926,12.28,0.0
PORT LINCOLN,PLO,Port Lincoln,South Australia,135.874556,-34.603336,1,normalised_exact,1992,33,38686,39217,77903,0,0,0,38686,39217,77903,5751,0,5751,13.55,0.0
PORT LINCOLN,PLO,Port Lincoln,South Australia,135.874556,-34.603336,1,normalised_exact,1993,31,42306,42487,84793,0,0,0,42306,42487,84793,5637,0,5637,15.04,0.0
PORT LINCOLN,PLO,Port Lincoln,South Australia,135.874556,-34.603336,1,normalised_exact,1994,34,43394,43942,87336,0,0,0,43394,43942,87336,5672,0,5672,15.4,0.0
PORT LINCOLN,PLO,Port Lincoln,South Australia,135.874556,-34.603336,1,normalised_exact,1995,35,43137,43523,86660,0,0,0,43137,43523,86660,5642,0,5642,15.36,0.0
PORT LINCOLN,PLO,Port Lincoln,South Australia,135.874556,-34.603336,1,normalised_exact,1996,35,46211,46844,93055,0,0,0,46211,46844,93055,6629,0,6629,14.04,0.0
PORT LINCOLN,PLO,Port Lincoln,South Australia,135.874556,-34.603336,1,normalised_exact,1997,34,47785,48454,96239,0,0,0,47785,48454,96239,6676,0,6676,14.42,0.0
PORT LINCOLN,PLO,Port Lincoln,South Australia,135.874556,-34.603336,1,normalised_exact,1998,35,48525,49270,97795,0,0,0,48525,49270,97795,6672,0,6672,14.66,0.0
PORT LINCOLN,PLO,Port Lincoln,South Australia,135.874556,-34.603336,1,normalised_exact,1999,34,49880,50720,100600,0,0,0,49880,50720,100600,6167,0,6167,16.31,0.0
PORT LINCOLN,PLO,Port Lincoln,South Australia,135.874556,-34.603336,1,normalised_exact,2000,32,50034,50432,100466,0,0,0,50034,50432,100466,5950,0,5950,16.89,0.0
PORT LINCOLN,PLO,Port Lincoln,South Australia,135.874556,-34.603336,1,normalised_exact,2001,32,46175,46652,92827,0,0,0,46175,46652,92827,5889,0,5889,15.76,0.0
PORT LINCOLN,PLO,Port Lincoln,South Australia,135.874556,-34.603336,1,normalised_exact,2002,31,45540,45495,91035,0,0,0,45540,45495,91035,5930,0,5930,15.35,0.0
PORT LINCOLN,PLO,Port Lincoln,South Australia,135.874556,-34.603336,1,normalised_exact,2003,30,49740,50318,100058,0,0,0,49740,50318,100058,6179,0,6179,16.19,0.0
PORT LINCOLN,PLO,Port Lincoln,South Australia,135.874556,-34.603336,1,normalised_exact,2004,31,60815,61912,122727,0,0,0,60815,61912,122727,6953,0,6953,17.65,0.0
PORT LINCOLN,PLO,Port Lincoln,South Australia,135.874556,-34.603336,1,normalised_exact,2005,31,65235,66383,131618,0,0,0,65235,66383,131618,6135,0,6135,21.45,0.0
PORT LINCOLN,PLO,Port Lincoln,South Australia,135.874556,-34.603336,1,normalised_exact,2006,32,71292,72563,143855,0,0,0,71292,72563,143855,5803,0,5803,24.79,0.0
PORT LINCOLN,PLO,Port Lincoln,South Australia,135.874556,-34.603336,1,normalised_exact,2007,34,70934,71976,142910,0,0,0,70934,71976,142910,5470,0,5470,26.13,0.0
PORT LINCOLN,PLO,Port Lincoln,South Australia,135.874556,-34.603336,1,normalised_exact,2008,36,74570,75256,149826,0,0,0,74570,75256,149826,6041,0,6041,24.8,0.0
PORT LINCOLN,PLO,Port Lincoln,South Australia,135.874556,-34.603336,1,normalised_exact,2009,36,74294,75199,149493,0,0,0,74294,75199,149493,5888,0,5888,25.39,0.0
PORT LINCOLN,PLO,Port Lincoln,South Australia,135.874556,-34.603336,1,normalised_exact,2010,34,95574,96471,192045,0,0,0,95574,96471,192045,7594,0,7594,25.29,0.0
PORT LINCOLN,PLO,Port Lincoln,South Australia,135.874556,-34.603336,1,normalised_exact,2011,35,98160,99334,197494,0,0,0,98160,99334,197494,7223,0,7223,27.34,0.0
PORT LINCOLN,PLO,Port Lincoln,South Australia,135.874556,-34.603336,1,normalised_exact,2012,36,97307,98632,195939,0,0,0,97307,98632,195939,7053,0,7053,27.78,0.0
PORT LINCOLN,PLO,Port Lincoln,South Australia,135.874556,-34.603336,1,normalised_exact,2013,37,94494,95121,189615,0,0,0,94494,95121,189615,7008,0,7008,27.06,0.0
PORT LINCOLN,PLO,Port Lincoln,South Australia,135.874556,-34.603336,1,normalised_exact,2014,38,95081,95734,190815,0,0,0,95081,95734,190815,7050,0,7050,27.07,0.0
PORT LINCOLN,PLO,Port Lincoln,South Australia,135.874556,-34.603336,1,normalised_exact,2015,36,92434,93358,185792,0,0,0,92434,93358,185792,7315,0,7315,25.4,0.0
PORT LINCOLN,PLO,Port Lincoln,South Australia,135.874556,-34.603336,1,normalised_exact,2016,36,89337,89510,178847,0,0,0,89337,89510,178847,7451,0,7451,24.0,0.0
PORT LINCOLN,PLO,Port Lincoln,South Australia,135.874556,-34.603336,1,normalised_exact,2017,39,85446,85976,171422,0,0,0,85446,85976,171422,7430,0,7430,23.07,0.0
PORT LINCOLN,PLO,Port Lincoln,South Australia,135.874556,-34.603336,1,normalised_exact,2018,38,84392,85207,169599,0,0,0,84392,85207,169599,7274,0,7274,23.32,0.0
PORT LINCOLN,PLO,Port Lincoln,South Australia,135.874556,-34.603336,1,normalised_exact,2019,38,85810,86424,172234,0,0,0,85810,86424,172234,7426,0,7426,23.19,0.0
PORT LINCOLN,PLO,Port Lincoln,South Australia,135.874556,-34.603336,1,normalised_exact,2020,32,44079,45102,89181,0,0,0,44079,45102,89181,3364,0,3364,26.51,0.0
PORT LINCOLN,PLO,Port Lincoln,South Australia,135.874556,-34.603336,1,normalised_exact,2021,28,70532,71356,141888,0,0,0,70532,71356,141888,5440,0,5440,26.08,0.0
PORT LINCOLN,PLO,Port Lincoln,South Australia,135.874556,-34.603336,1,normalised_exact,2022,33,84536,85749,170285,0,0,0,84536,85749,170285,6691,0,6691,25.45,0.0
PORT LINCOLN,PLO,Port Lincoln,South Australia,135.874556,-34.603336,1,normalised_exact,2023,37,86606,87168,173774,0,0,0,86606,87168,173774,6558,0,6558,26.5,0.0
PORT LINCOLN,PLO,Port Lincoln,South Australia,135.874556,-34.603336,1,normalised_exact,2024,38,84353,85151,169504,0,0,0,84353,85151,169504,6582,0,6582,25.75,0.0
PORT LINCOLN,PLO,Port Lincoln,South Australia,135.874556,-34.603336,1,normalised_exact,2025,38,83279,84043,167322,0,0,0,83279,84043,167322,5710,0,5710,29.3,0.0
PORT MACQUARIE,PQQ,Port Macquarie,New South Wales,152.867267,-31.431309,1,normalised_exact,1985,38,35646,35321,70967,0,0,0,35646,35321,70967,5670,0,5670,12.52,0.0
PORT MACQUARIE,PQQ,Port Macquarie,New South Wales,152.867267,-31.431309,1,normalised_exact,1986,36,38544,38018,76562,0,0,0,38544,38018,76562,5373,0,5373,14.25,0.0
PORT MACQUARIE,PQQ,Port Macquarie,New South Wales,152.867267,-31.431309,1,normalised_exact,1987,29,44369,43136,87505,0,0,0,44369,43136,87505,6801,0,6801,12.87,0.0
PORT MACQUARIE,PQQ,Port Macquarie,New South Wales,152.867267,-31.431309,1,normalised_exact,1988,39,32316,31403,63719,0,0,0,32316,31403,63719,6748,0,6748,9.44,0.0
PORT MACQUARIE,PQQ,Port Macquarie,New South Wales,152.867267,-31.431309,1,normalised_exact,1989,,21239,20566,41805,0,0,0,21239,20566,41805,6419,0,6419,6.51,0.0
PORT MACQUARIE,PQQ,Port Macquarie,New South Wales,152.867267,-31.431309,1,normalised_exact,1990,,23678,21581,45259,0,0,0,23678,21581,45259,7446,0,7446,6.08,0.0
PORT MACQUARIE,PQQ,Port Macquarie,New South Wales,152.867267,-31.431309,1,normalised_exact,1991,,23711,23864,47575,0,0,0,23711,23864,47575,9453,0,9453,5.03,0.0
PORT MACQUARIE,PQQ,Port Macquarie,New South Wales,152.867267,-31.431309,1,normalised_exact,1992,,24818,24991,49809,0,0,0,24818,24991,49809,5985,0,5985,8.32,0.0
PORT MACQUARIE,PQQ,Port Macquarie,New South Wales,152.867267,-31.431309,1,normalised_exact,1993,36,37037,36242,73279,0,0,0,37037,36242,73279,10452,0,10452,7.01,0.0
PORT MACQUARIE,PQQ,Port Macquarie,New South Wales,152.867267,-31.431309,1,normalised_exact,1994,38,38714,38891,77605,0,0,0,38714,38891,77605,12865,0,12865,6.03,0.0
PORT MACQUARIE,PQQ,Port Macquarie,New South Wales,152.867267,-31.431309,1,normalised_exact,1995,38,38372,38187,76559,0,0,0,38372,38187,76559,9819,0,9819,7.8,0.0
PORT MACQUARIE,PQQ,Port Macquarie,New South Wales,152.867267,-31.431309,1,normalised_exact,1996,39,37644,38163,75807,0,0,0,37644,38163,75807,9933,0,9933,7.63,0.0
PORT MACQUARIE,PQQ,Port Macquarie,New South Wales,152.867267,-31.431309,1,normalised_exact,1997,40,37227,37354,74581,0,0,0,37227,37354,74581,10487,0,10487,7.11,0.0
PORT MACQUARIE,PQQ,Port Macquarie,New South Wales,152.867267,-31.431309,1,normalised_exact,1998,40,36890,36969,73859,0,0,0,36890,36969,73859,10076,0,10076,7.33,0.0
PORT MACQUARIE,PQQ,Port Macquarie,New South Wales,152.867267,-31.431309,1,normalised_exact,1999,39,38374,38541,76915,0,0,0,38374,38541,76915,9931,0,9931,7.74,0.0
PORT MACQUARIE,PQQ,Port Macquarie,New South Wales,152.867267,-31.431309,1,normalised_exact,2000,36,43140,42884,86024,0,0,0,43140,42884,86024,9531,0,9531,9.03,0.0
PORT MACQUARIE,PQQ,Port Macquarie,New South Wales,152.867267,-31.431309,1,normalised_exact,2001,35,39390,39777,79167,0,0,0,39390,39777,79167,7543,0,7543,10.5,0.0
PORT MACQUARIE,PQQ,Port Macquarie,New South Wales,152.867267,-31.431309,1,normalised_exact,2002,35,37960,37927,75887,0,0,0,37960,37927,75887,6159,0,6159,12.32,0.0
PORT MACQUARIE,PQQ,Port Macquarie,New South Wales,152.867267,-31.431309,1,normalised_exact,2003,38,38206,37815,76021,0,0,0,38206,37815,76021,2990,0,2990,25.43,0.0
PORT MACQUARIE,PQQ,Port Macquarie,New South Wales,152.867267,-31.431309,1,normalised_exact,2004,37,43926,43784,87710,0,0,0,43926,43784,87710,3268,0,3268,26.84,0.0
PORT MACQUARIE,PQQ,Port Macquarie,New South Wales,152.867267,-31.431309,1,normalised_exact,2005,34,51877,51967,103844,0,0,0,51877,51967,103844,3939,0,3939,26.36,0.0
PORT MACQUARIE,PQQ,Port Macquarie,New South Wales,152.867267,-31.431309,1,normalised_exact,2006,36,55993,56446,112439,0,0,0,55993,56446,112439,5099,0,5099,22.05,0.0
PORT MACQUARIE,PQQ,Port Macquarie,New South Wales,152.867267,-31.431309,1,normalised_exact,2007,37,60182,61621,121803,0,0,0,60182,61621,121803,5662,0,5662,21.51,0.0
PORT MACQUARIE,PQQ,Port Macquarie,New South Wales,152.867267,-31.431309,1,normalised_exact,2008,34,85081,84878,169959,0,0,0,85081,84878,169959,5737,0,5737,29.63,0.0
PORT MACQUARIE,PQQ,Port Macquarie,New South Wales,152.867267,-31.431309,1,normalised_exact,2009,29,101494,102240,203734,0,0,0,101494,102240,203734,5388,0,5388,37.81,0.0
PORT MACQUARIE,PQQ,Port Macquarie,New South Wales,152.867267,-31.431309,1,normalised_exact,2010,27,110879,111887,222766,0,0,0,110879,111887,222766,5780,0,5780,38.54,0.0
PORT MACQUARIE,PQQ,Port Macquarie,New South Wales,152.867267,-31.431309,1,normalised_exact,2011,31,106976,107311,214287,0,0,0,106976,107311,214287,4748,0,4748,45.13,0.0
PORT MACQUARIE,PQQ,Port Macquarie,New South Wales,152.867267,-31.431309,1,normalised_exact,2012,33,115921,116393,232314,0,0,0,115921,116393,232314,5357,0,5357,43.37,0.0
PORT MACQUARIE,PQQ,Port Macquarie,New South Wales,152.867267,-31.431309,1,normalised_exact,2013,33,113618,114846,228464,0,0,0,113618,114846,228464,5371,0,5371,42.54,0.0
PORT MACQUARIE,PQQ,Port Macquarie,New South Wales,152.867267,-31.431309,1,normalised_exact,2014,32,114918,115533,230451,0,0,0,114918,115533,230451,5932,0,5932,38.85,0.0
PORT MACQUARIE,PQQ,Port Macquarie,New South Wales,152.867267,-31.431309,1,normalised_exact,2015,30,108806,109621,218427,0,0,0,108806,109621,218427,5412,0,5412,40.36,0.0
PORT MACQUARIE,PQQ,Port Macquarie,New South Wales,152.867267,-31.431309,1,normalised_exact,2016,30,112749,113004,225753,0,0,0,112749,113004,225753,5408,0,5408,41.74,0.0
PORT MACQUARIE,PQQ,Port Macquarie,New South Wales,152.867267,-31.431309,1,normalised_exact,2017,30,113464,114380,227844,0,0,0,113464,114380,227844,5291,0,5291,43.06,0.0
PORT MACQUARIE,PQQ,Port Macquarie,New South Wales,152.867267,-31.431309,1,normalised_exact,2018,32,107231,107498,214729,0,0,0,107231,107498,214729,4429,0,4429,48.48,0.0
PORT MACQUARIE,PQQ,Port Macquarie,New South Wales,152.867267,-31.431309,1,normalised_exact,2019,32,108883,109621,218504,0,0,0,108883,109621,218504,4632,0,4632,47.17,0.0
PORT MACQUARIE,PQQ,Port Macquarie,New South Wales,152.867267,-31.431309,1,normalised_exact,2020,35,30884,30733,61617,0,0,0,30884,30733,61617,1969,0,1969,31.29,0.0
PORT MACQUARIE,PQQ,Port Macquarie,New South Wales,152.867267,-31.431309,1,normalised_exact,2021,45,33203,33877,67080,0,0,0,33203,33877,67080,3143,0,3143,21.34,0.0
PORT MACQUARIE,PQQ,Port Macquarie,New South Wales,152.867267,-31.431309,1,normalised_exact,2022,35,81274,82620,163894,0,0,0,81274,82620,163894,5531,0,5531,29.63,0.0
PORT MACQUARIE,PQQ,Port Macquarie,New South Wales,152.867267,-31.431309,1,normalised_exact,2023,33,108632,109170,217802,0,0,0,108632,109170,217802,5880,0,5880,37.04,0.0
PORT MACQUARIE,PQQ,Port Macquarie,New South Wales,152.867267,-31.431309,1,normalised_exact,2024,34,102884,102935,205819,0,0,0,102884,102935,205819,5140,0,5140,40.04,0.0
PORT MACQUARIE,PQQ,Port Macquarie,New South Wales,152.867267,-31.431309,1,normalised_exact,2025,34,96174,96689,192863,0,0,0,96174,96689,192863,4947,0,4947,38.99,0.0
PROSERPINE,PPP,Proserpine,Queensland,148.551861,-20.48919,1,normalised_exact,1985,30,40665,41211,81876,0,0,0,40665,41211,81876,1766,0,1766,46.36,0.0
PROSERPINE,PPP,Proserpine,Queensland,148.551861,-20.48919,1,normalised_exact,1986,33,40712,40161,80873,0,0,0,40712,40161,80873,1993,0,1993,40.58,0.0
PROSERPINE,PPP,Proserpine,Queensland,148.551861,-20.48919,1,normalised_exact,1987,40,30594,30890,61484,0,0,0,30594,30890,61484,2049,0,2049,30.01,0.0
PROSERPINE,PPP,Proserpine,Queensland,148.551861,-20.48919,1,normalised_exact,1988,40,31550,31708,63258,0,0,0,31550,31708,63258,2010,0,2010,31.47,0.0
PROSERPINE,PPP,Proserpine,Queensland,148.551861,-20.48919,1,normalised_exact,1989,,19976,20027,40003,0,0,0,19976,20027,40003,1554,0,1554,25.74,0.0
PROSERPINE,PPP,Proserpine,Queensland,148.551861,-20.48919,1,normalised_exact,1990,,20539,20170,40709,0,0,0,20539,20170,40709,1177,0,1177,34.59,0.0
PROSERPINE,PPP,Proserpine,Queensland,148.551861,-20.48919,1,normalised_exact,1991,41,25143,25667,50810,0,0,0,25143,25667,50810,896,0,896,56.71,0.0
PROSERPINE,PPP,Proserpine,Queensland,148.551861,-20.48919,1,normalised_exact,1992,43,25858,26616,52474,0,0,0,25858,26616,52474,907,0,907,57.85,0.0
PROSERPINE,PPP,Proserpine,Queensland,148.551861,-20.48919,1,normalised_exact,1993,39,32867,33397,66264,0,0,0,32867,33397,66264,1373,0,1373,48.26,0.0
PROSERPINE,PPP,Proserpine,Queensland,148.551861,-20.48919,1,normalised_exact,1994,33,44187,44250,88437,0,0,0,44187,44250,88437,2486,0,2486,35.57,0.0
PROSERPINE,PPP,Proserpine,Queensland,148.551861,-20.48919,1,normalised_exact,1995,34,48544,48447,96991,0,0,0,48544,48447,96991,3034,0,3034,31.97,0.0
PROSERPINE,PPP,Proserpine,Queensland,148.551861,-20.48919,1,normalised_exact,1996,34,47734,48187,95921,0,0,0,47734,48187,95921,2864,0,2864,33.49,0.0
PROSERPINE,PPP,Proserpine,Queensland,148.551861,-20.48919,1,normalised_exact,1997,37,45113,45542,90655,0,0,0,45113,45542,90655,3016,0,3016,30.06,0.0
PROSERPINE,PPP,Proserpine,Queensland,148.551861,-20.48919,1,normalised_exact,1998,37,44720,44922,89642,0,0,0,44720,44922,89642,3024,0,3024,29.64,0.0
PROSERPINE,PPP,Proserpine,Queensland,148.551861,-20.48919,1,normalised_exact,1999,36,45142,45404,90546,0,0,0,45142,45404,90546,3119,0,3119,29.03,0.0
PROSERPINE,PPP,Proserpine,Queensland,148.551861,-20.48919,1,normalised_exact,2000,37,42087,42392,84479,0,0,0,42087,42392,84479,2179,0,2179,38.77,0.0
PROSERPINE,PPP,Proserpine,Queensland,148.551861,-20.48919,1,normalised_exact,2001,43,29301,29735,59036,0,0,0,29301,29735,59036,1024,0,1024,57.65,0.0
PROSERPINE,PPP,Proserpine,Queensland,148.551861,-20.48919,1,normalised_exact,2002,38,33385,33246,66631,0,0,0,33385,33246,66631,1234,0,1234,54.0,0.0
PROSERPINE,PPP,Proserpine,Queensland,148.551861,-20.48919,1,normalised_exact,2003,32,47207,47758,94965,0,0,0,47207,47758,94965,1102,0,1102,86.18,0.0
PROSERPINE,PPP,Proserpine,Queensland,148.551861,-20.48919,1,normalised_exact,2004,23,91830,91616,183446,0,0,0,91830,91616,183446,1534,0,1534,119.59,0.0
PROSERPINE,PPP,Proserpine,Queensland,148.551861,-20.48919,1,normalised_exact,2005,23,118118,119347,237465,0,0,0,118118,119347,237465,2137,0,2137,111.12,0.0
PROSERPINE,PPP,Proserpine,Queensland,148.551861,-20.48919,1,normalised_exact,2006,24,117187,119772,236959,0,0,0,117187,119772,236959,1873,0,1873,126.51,0.0
PROSERPINE,PPP,Proserpine,Queensland,148.551861,-20.48919,1,normalised_exact,2007,24,132543,134217,266760,0,0,0,132543,134217,266760,1865,0,1865,143.03,0.0
PROSERPINE,PPP,Proserpine,Queensland,148.551861,-20.48919,1,normalised_exact,2008,26,122946,123221,246167,0,0,0,122946,123221,246167,1691,0,1691,145.57,0.0
PROSERPINE,PPP,Proserpine,Queensland,148.551861,-20.48919,1,normalised_exact,2009,26,111233,109631,220864,0,0,0,111233,109631,220864,1455,0,1455,151.8,0.0
PROSERPINE,PPP,Proserpine,Queensland,148.551861,-20.48919,1,normalised_exact,2010,29,105478,105038,210516,0,0,0,105478,105038,210516,1448,0,1448,145.38,0.0
PROSERPINE,PPP,Proserpine,Queensland,148.551861,-20.48919,1,normalised_exact,2011,33,101679,103263,204942,0,0,0,101679,103263,204942,1430,0,1430,143.32,0.0
PROSERPINE,PPP,Proserpine,Queensland,148.551861,-20.48919,1,normalised_exact,2012,32,114521,118292,232813,0,0,0,114521,118292,232813,1871,0,1871,124.43,0.0
PROSERPINE,PPP,Proserpine,Queensland,148.551861,-20.48919,1,normalised_exact,2013,30,115471,118931,234402,0,0,0,115471,118931,234402,1911,0,1911,122.66,0.0
PROSERPINE,PPP,Proserpine,Queensland,148.551861,-20.48919,1,normalised_exact,2014,27,130908,133430,264338,0,0,0,130908,133430,264338,2167,0,2167,121.98,0.0
PROSERPINE,PPP,Proserpine,Queensland,148.551861,-20.48919,1,normalised_exact,2015,26,158287,160842,319129,0,0,0,158287,160842,319129,2489,0,2489,128.22,0.0
PROSERPINE,PPP,Proserpine,Queensland,148.551861,-20.48919,1,normalised_exact,2016,25,169649,173189,342838,0,0,0,169649,173189,342838,2322,0,2322,147.65,0.0
PROSERPINE,PPP,Proserpine,Queensland,148.551861,-20.48919,1,normalised_exact,2017,20,212285,213286,425571,0,0,0,212285,213286,425571,2990,0,2990,142.33,0.0
PROSERPINE,PPP,Proserpine,Queensland,148.551861,-20.48919,1,normalised_exact,2018,19,222860,225715,448575,0,0,0,222860,225715,448575,3015,0,3015,148.78,0.0
PROSERPINE,PPP,Proserpine,Queensland,148.551861,-20.48919,1,normalised_exact,2019,22,215556,217858,433414,0,0,0,215556,217858,433414,2945,0,2945,147.17,0.0
PROSERPINE,PPP,Proserpine,Queensland,148.551861,-20.48919,1,normalised_exact,2020,22,102413,103253,205666,0,0,0,102413,103253,205666,1612,0,1612,127.58,0.0
PROSERPINE,PPP,Proserpine,Queensland,148.551861,-20.48919,1,normalised_exact,2021,23,152294,152201,304495,0,0,0,152294,152201,304495,2899,0,2899,105.03,0.0
PROSERPINE,PPP,Proserpine,Queensland,148.551861,-20.48919,1,normalised_exact,2022,20,231989,232551,464540,0,0,0,231989,232551,464540,3700,0,3700,125.55,0.0
PROSERPINE,PPP,Proserpine,Queensland,148.551861,-20.48919,1,normalised_exact,2023,19,253755,256448,510203,0,0,0,253755,256448,510203,4133,0,4133,123.45,0.0
PROSERPINE,PPP,Proserpine,Queensland,148.551861,-20.48919,1,normalised_exact,2024,19,252597,254647,507244,0,0,0,252597,254647,507244,3821,0,3821,132.75,0.0
PROSERPINE,PPP,Proserpine,Queensland,148.551861,-20.48919,1,normalised_exact,2025,19,273807,275887,549694,0,0,0,273807,275887,549694,3879,0,3879,141.71,0.0
ROCKHAMPTON,ROK,Rockhampton,Queensland,150.478213,-23.378049,1,normalised_exact,1985,13,214746,215702,430448,0,0,0,214746,215702,430448,10636,0,10636,40.47,0.0
ROCKHAMPTON,ROK,Rockhampton,Queensland,150.478213,-23.378049,1,normalised_exact,1986,13,218648,218814,437462,0,0,0,218648,218814,437462,11174,0,11174,39.15,0.0
ROCKHAMPTON,ROK,Rockhampton,Queensland,150.478213,-23.378049,1,normalised_exact,1987,14,220660,220899,441559,0,0,0,220660,220899,441559,11023,0,11023,40.06,0.0
ROCKHAMPTON,ROK,Rockhampton,Queensland,150.478213,-23.378049,1,normalised_exact,1988,14,219019,220669,439688,0,0,0,219019,220669,439688,11273,0,11273,39.0,0.0
ROCKHAMPTON,ROK,Rockhampton,Queensland,150.478213,-23.378049,1,normalised_exact,1989,14,135485,135904,271389,0,0,0,135485,135904,271389,10308,0,10308,26.33,0.0
ROCKHAMPTON,ROK,Rockhampton,Queensland,150.478213,-23.378049,1,normalised_exact,1990,14,127115,127258,254373,0,0,0,127115,127258,254373,9224,0,9224,27.58,0.0
ROCKHAMPTON,ROK,Rockhampton,Queensland,150.478213,-23.378049,1,normalised_exact,1991,14,142870,142639,285509,0,0,0,142870,142639,285509,11743,0,11743,24.31,0.0
ROCKHAMPTON,ROK,Rockhampton,Queensland,150.478213,-23.378049,1,normalised_exact,1992,14,154347,154361,308708,0,0,0,154347,154361,308708,12006,0,12006,25.71,0.0
ROCKHAMPTON,ROK,Rockhampton,Queensland,150.478213,-23.378049,1,normalised_exact,1993,14,155385,155646,311031,0,0,0,155385,155646,311031,12192,0,12192,25.51,0.0
ROCKHAMPTON,ROK,Rockhampton,Queensland,150.478213,-23.378049,1,normalised_exact,1994,15,151655,151674,303329,0,0,0,151655,151674,303329,12332,0,12332,24.6,0.0
ROCKHAMPTON,ROK,Rockhampton,Queensland,150.478213,-23.378049,1,normalised_exact,1995,14,153820,154244,308064,0,0,0,153820,154244,308064,13850,0,13850,22.24,0.0
ROCKHAMPTON,ROK,Rockhampton,Queensland,150.478213,-23.378049,1,normalised_exact,1996,16,152171,153077,305248,0,0,0,152171,153077,305248,13692,0,13692,22.29,0.0
ROCKHAMPTON,ROK,Rockhampton,Queensland,150.478213,-23.378049,1,normalised_exact,1997,15,156465,156798,313263,0,0,0,156465,156798,313263,13293,0,13293,23.57,0.0
ROCKHAMPTON,ROK,Rockhampton,Queensland,150.478213,-23.378049,1,normalised_exact,1998,15,150425,150508,300933,0,0,0,150425,150508,300933,12113,0,12113,24.84,0.0
ROCKHAMPTON,ROK,Rockhampton,Queensland,150.478213,-23.378049,1,normalised_exact,1999,17,142050,142074,284124,0,0,0,142050,142074,284124,10771,0,10771,26.38,0.0
ROCKHAMPTON,ROK,Rockhampton,Queensland,150.478213,-23.378049,1,normalised_exact,2000,16,149476,149904,299380,0,0,0,149476,149904,299380,10507,0,10507,28.49,0.0
ROCKHAMPTON,ROK,Rockhampton,Queensland,150.478213,-23.378049,1,normalised_exact,2001,17,124692,125050,249742,0,0,0,124692,125050,249742,9046,0,9046,27.61,0.0
ROCKHAMPTON,ROK,Rockhampton,Queensland,150.478213,-23.378049,1,normalised_exact,2002,18,120041,120330,240371,0,0,0,120041,120330,240371,6768,0,6768,35.52,0.0
ROCKHAMPTON,ROK,Rockhampton,Queensland,150.478213,-23.378049,1,normalised_exact,2003,16,181751,180715,362466,0,0,0,181751,180715,362466,7232,0,7232,50.12,0.0
ROCKHAMPTON,ROK,Rockhampton,Queensland,150.478213,-23.378049,1,normalised_exact,2004,16,237907,236289,474196,0,0,0,237907,236289,474196,9230,0,9230,51.38,0.0
ROCKHAMPTON,ROK,Rockhampton,Queensland,150.478213,-23.378049,1,normalised_exact,2005,17,289440,293059,582499,0,0,0,289440,293059,582499,12028,0,12028,48.43,0.0
ROCKHAMPTON,ROK,Rockhampton,Queensland,150.478213,-23.378049,1,normalised_exact,2006,17,305119,308171,613290,0,0,0,305119,308171,613290,11859,0,11859,51.72,0.0
ROCKHAMPTON,ROK,Rockhampton,Queensland,150.478213,-23.378049,1,normalised_exact,2007,16,330484,331385,661869,0,0,0,330484,331385,661869,11745,0,11745,56.35,0.0
ROCKHAMPTON,ROK,Rockhampton,Queensland,150.478213,-23.378049,1,normalised_exact,2008,16,355101,354790,709891,0,0,0,355101,354790,709891,11799,0,11799,60.17,0.0
ROCKHAMPTON,ROK,Rockhampton,Queensland,150.478213,-23.378049,1,normalised_exact,2009,16,371572,371765,743337,0,0,0,371572,371765,743337,12742,0,12742,58.34,0.0
ROCKHAMPTON,ROK,Rockhampton,Queensland,150.478213,-23.378049,1,normalised_exact,2010,16,387768,389444,777212,0,0,0,387768,389444,777212,14602,0,14602,53.23,0.0
ROCKHAMPTON,ROK,Rockhampton,Queensland,150.478213,-23.378049,1,normalised_exact,2011,17,348996,352031,701027,0,0,0,348996,352031,701027,12603,0,12603,55.62,0.0
ROCKHAMPTON,ROK,Rockhampton,Queensland,150.478213,-23.378049,1,normalised_exact,2012,17,368550,371927,740477,0,0,0,368550,371927,740477,13665,0,13665,54.19,0.0
ROCKHAMPTON,ROK,Rockhampton,Queensland,150.478213,-23.378049,1,normalised_exact,2013,17,347060,349442,696502,0,0,0,347060,349442,696502,13758,0,13758,50.63,0.0
ROCKHAMPTON,ROK,Rockhampton,Queensland,150.478213,-23.378049,1,normalised_exact,2014,17,324195,327216,651411,0,0,0,324195,327216,651411,12503,0,12503,52.1,0.0
ROCKHAMPTON,ROK,Rockhampton,Queensland,150.478213,-23.378049,1,normalised_exact,2015,16,306420,308045,614465,0,0,0,306420,308045,614465,11139,0,11139,55.16,0.0
ROCKHAMPTON,ROK,Rockhampton,Queensland,150.478213,-23.378049,1,normalised_exact,2016,17,291994,292253,584247,0,0,0,291994,292253,584247,10536,0,10536,55.45,0.0
ROCKHAMPTON,ROK,Rockhampton,Queensland,150.478213,-23.378049,1,normalised_exact,2017,17,278460,278054,556514,0,0,0,278460,278054,556514,9832,0,9832,56.6,0.0
ROCKHAMPTON,ROK,Rockhampton,Queensland,150.478213,-23.378049,1,normalised_exact,2018,17,276043,275553,551596,0,0,0,276043,275553,551596,9707,0,9707,56.82,0.0
ROCKHAMPTON,ROK,Rockhampton,Queensland,150.478213,-23.378049,1,normalised_exact,2019,16,285745,285798,571543,0,0,0,285745,285798,571543,9371,0,9371,60.99,0.0
ROCKHAMPTON,ROK,Rockhampton,Queensland,150.478213,-23.378049,1,normalised_exact,2020,17,138395,137376,275771,0,0,0,138395,137376,275771,5529,0,5529,49.88,0.0
ROCKHAMPTON,ROK,Rockhampton,Queensland,150.478213,-23.378049,1,normalised_exact,2021,19,199473,200609,400082,0,0,0,199473,200609,400082,7463,0,7463,53.61,0.0
ROCKHAMPTON,ROK,Rockhampton,Queensland,150.478213,-23.378049,1,normalised_exact,2022,19,241411,243300,484711,0,0,0,241411,243300,484711,7687,0,7687,63.06,0.0
ROCKHAMPTON,ROK,Rockhampton,Queensland,150.478213,-23.378049,1,normalised_exact,2023,17,316445,316338,632783,0,0,0,316445,316338,632783,9933,0,9933,63.71,0.0
ROCKHAMPTON,ROK,Rockhampton,Queensland,150.478213,-23.378049,1,normalised_exact,2024,16,327559,328327,655886,0,0,0,327559,328327,655886,9768,0,9768,67.15,0.0
ROCKHAMPTON,ROK,Rockhampton,Queensland,150.478213,-23.378049,1,normalised_exact,2025,17,320573,322204,642777,0,0,0,320573,322204,642777,9187,0,9187,69.97,0.0
ROMA,RMA,Roma,Queensland,148.779027,-26.543796,1,normalised_exact,1985,,8378,8310,16688,0,0,0,8378,8310,16688,1213,0,1213,13.76,0.0
ROMA,RMA,Roma,Queensland,148.779027,-26.543796,1,normalised_exact,1986,,7785,7712,15497,0,0,0,7785,7712,15497,1044,0,1044,14.84,0.0
ROMA,RMA,Roma,Queensland,148.779027,-26.543796,1,normalised_exact,1987,,1652,1647,3299,0,0,0,1652,1647,3299,534,0,534,6.18,0.0
ROMA,RMA,Roma,Queensland,148.779027,-26.543796,1,normalised_exact,1991,,2150,2357,4507,0,0,0,2150,2357,4507,1126,0,1126,4.0,0.0
ROMA,RMA,Roma,Queensland,148.779027,-26.543796,1,normalised_exact,1992,,3022,3094,6116,0,0,0,3022,3094,6116,1362,0,1362,4.49,0.0
ROMA,RMA,Roma,Queensland,148.779027,-26.543796,1,normalised_exact,1993,,3502,3558,7060,0,0,0,3502,3558,7060,1457,0,1457,4.85,0.0
ROMA,RMA,Roma,Queensland,148.779027,-26.543796,1,normalised_exact,1994,,3802,3884,7686,0,0,0,3802,3884,7686,1516,0,1516,5.07,0.0
ROMA,RMA,Roma,Queensland,148.779027,-26.543796,1,normalised_exact,1995,,4168,4197,8365,0,0,0,4168,4197,8365,1638,0,1638,5.11,0.0
ROMA,RMA,Roma,Queensland,148.779027,-26.543796,1,normalised_exact,1996,,4586,4708,9294,0,0,0,4586,4708,9294,1644,0,1644,5.65,0.0
ROMA,RMA,Roma,Queensland,148.779027,-26.543796,1,normalised_exact,1997,,5056,5065,10121,0,0,0,5056,5065,10121,1736,0,1736,5.83,0.0
ROMA,RMA,Roma,Queensland,148.779027,-26.543796,1,normalised_exact,1998,,5647,5659,11306,0,0,0,5647,5659,11306,1758,0,1758,6.43,0.0
ROMA,RMA,Roma,Queensland,148.779027,-26.543796,1,normalised_exact,1999,,5854,5944,11798,0,0,0,5854,5944,11798,1736,0,1736,6.8,0.0
ROMA,RMA,Roma,Queensland,148.779027,-26.543796,1,normalised_exact,2000,,5889,5753,11642,0,0,0,5889,5753,11642,1711,0,1711,6.8,0.0
ROMA,RMA,Roma,Queensland,148.779027,-26.543796,1,normalised_exact,2001,,5074,5024,10098,0,0,0,5074,5024,10098,1652,0,1652,6.11,0.0
ROMA,RMA,Roma,Queensland,148.779027,-26.543796,1,normalised_exact,2002,,5404,5399,10803,0,0,0,5404,5399,10803,1536,0,1536,7.03,0.0
ROMA,RMA,Roma,Queensland,148.779027,-26.543796,1,normalised_exact,2003,,5148,5070,10218,0,0,0,5148,5070,10218,1433,0,1433,7.13,0.0
ROMA,RMA,Roma,Queensland,148.779027,-26.543796,1,normalised_exact,2004,,6715,6729,13444,0,0,0,6715,6729,13444,1487,0,1487,9.04,0.0
ROMA,RMA,Roma,Queensland,148.779027,-26.543796,1,normalised_exact,2005,,7421,7522,14943,0,0,0,7421,7522,14943,1522,0,1522,9.82,0.0
ROMA,RMA,Roma,Queensland,148.779027,-26.543796,1,normalised_exact,2006,,9459,9535,18994,0,0,0,9459,9535,18994,1556,0,1556,12.21,0.0
ROMA,RMA,Roma,Queensland,148.779027,-26.543796,1,normalised_exact,2007,,12685,12854,25539,0,0,0,12685,12854,25539,1761,0,1761,14.5,0.0
ROMA,RMA,Roma,Queensland,148.779027,-26.543796,1,normalised_exact,2008,,17928,17887,35815,0,0,0,17928,17887,35815,1681,0,1681,21.31,0.0
ROMA,RMA,Roma,Queensland,148.779027,-26.543796,1,normalised_exact,2009,,21899,21746,43645,0,0,0,21899,21746,43645,1988,0,1988,21.95,0.0
ROMA,RMA,Roma,Queensland,148.779027,-26.543796,1,normalised_exact,2010,58,26235,25997,52232,0,0,0,26235,25997,52232,2112,0,2112,24.73,0.0
ROMA,RMA,Roma,Queensland,148.779027,-26.543796,1,normalised_exact,2011,50,36177,41253,77430,0,0,0,36177,41253,77430,3122,0,3122,24.8,0.0
ROMA,RMA,Roma,Queensland,148.779027,-26.543796,1,normalised_exact,2012,43,64831,64679,129510,0,0,0,64831,64679,129510,4011,0,4011,32.29,0.0
ROMA,RMA,Roma,Queensland,148.779027,-26.543796,1,normalised_exact,2013,35,107075,107533,214608,0,0,0,107075,107533,214608,5678,0,5678,37.8,0.0
ROMA,RMA,Roma,Queensland,148.779027,-26.543796,1,normalised_exact,2014,30,118539,121226,239765,0,0,0,118539,121226,239765,6370,0,6370,37.64,0.0
ROMA,RMA,Roma,Queensland,148.779027,-26.543796,1,normalised_exact,2015,43,68267,69886,138153,0,0,0,68267,69886,138153,4502,0,4502,30.69,0.0
ROMA,RMA,Roma,Queensland,148.779027,-26.543796,1,normalised_exact,2016,48,39522,39012,78534,0,0,0,39522,39012,78534,2404,0,2404,32.67,0.0
ROMA,RMA,Roma,Queensland,148.779027,-26.543796,1,normalised_exact,2017,49,38144,37173,75317,0,0,0,38144,37173,75317,2098,0,2098,35.9,0.0
ROMA,RMA,Roma,Queensland,148.779027,-26.543796,1,normalised_exact,2018,50,39277,38832,78109,0,0,0,39277,38832,78109,2116,0,2116,36.91,0.0
ROMA,RMA,Roma,Queensland,148.779027,-26.543796,1,normalised_exact,2019,47,42951,43256,86207,0,0,0,42951,43256,86207,2250,0,2250,38.31,0.0
ROMA,RMA,Roma,Queensland,148.779027,-26.543796,1,normalised_exact,2020,,19278,19065,38343,0,0,0,19278,19065,38343,1142,0,1142,33.58,0.0
ROMA,RMA,Roma,Queensland,148.779027,-26.543796,1,normalised_exact,2021,,24363,24124,48487,0,0,0,24363,24124,48487,1373,0,1373,35.31,0.0
ROMA,RMA,Roma,Queensland,148.779027,-26.543796,1,normalised_exact,2022,,23910,24006,47916,0,0,0,23910,24006,47916,3310,0,3310,14.48,0.0
ROMA,RMA,Roma,Queensland,148.779027,-26.543796,1,normalised_exact,2023,60,28759,28448,57207,0,0,0,28759,28448,57207,3304,0,3304,17.31,0.0
ROMA,RMA,Roma,Queensland,148.779027,-26.543796,1,normalised_exact,2024,60,28194,28556,56750,0,0,0,28194,28556,56750,3123,0,3123,18.17,0.0
ROMA,RMA,Roma,Queensland,148.779027,-26.543796,1,normalised_exact,2025,61,27375,27429,54804,0,0,0,27375,27429,54804,2863,0,2863,19.14,0.0
SUNSHINE COAST,MCY,Sunshine Coast,Queensland,153.088812,-26.605268,1,normalised_exact,1985,27,44186,44789,88975,0,0,0,44186,44789,88975,4250,0,4250,20.94,0.0
SUNSHINE COAST,MCY,Sunshine Coast,Queensland,153.088812,-26.605268,1,normalised_exact,1986,29,44183,44068,88251,0,0,0,44183,44068,88251,4257,0,4257,20.73,0.0
SUNSHINE COAST,MCY,Sunshine Coast,Queensland,153.088812,-26.605268,1,normalised_exact,1987,31,42263,42953,85216,0,0,0,42263,42953,85216,4678,0,4678,18.22,0.0
SUNSHINE COAST,MCY,Sunshine Coast,Queensland,153.088812,-26.605268,1,normalised_exact,1988,29,44621,44353,88974,0,0,0,44621,44353,88974,5778,0,5778,15.4,0.0
SUNSHINE COAST,MCY,Sunshine Coast,Queensland,153.088812,-26.605268,1,normalised_exact,1989,34,27934,29066,57000,0,0,0,27934,29066,57000,3577,0,3577,15.94,0.0
SUNSHINE COAST,MCY,Sunshine Coast,Queensland,153.088812,-26.605268,1,normalised_exact,1990,29,39953,38245,78198,0,0,0,39953,38245,78198,4345,0,4345,18.0,0.0
SUNSHINE COAST,MCY,Sunshine Coast,Queensland,153.088812,-26.605268,1,normalised_exact,1991,25,51196,50827,102023,0,0,0,51196,50827,102023,2959,0,2959,34.48,0.0
SUNSHINE COAST,MCY,Sunshine Coast,Queensland,153.088812,-26.605268,1,normalised_exact,1992,19,79725,78970,158695,0,0,0,79725,78970,158695,2686,0,2686,59.08,0.0
SUNSHINE COAST,MCY,Sunshine Coast,Queensland,153.088812,-26.605268,1,normalised_exact,1993,18,99737,98717,198454,0,0,0,99737,98717,198454,4357,0,4357,45.55,0.0
SUNSHINE COAST,MCY,Sunshine Coast,Queensland,153.088812,-26.605268,1,normalised_exact,1994,18,124716,124998,249714,0,0,0,124716,124998,249714,5426,0,5426,46.02,0.0
SUNSHINE COAST,MCY,Sunshine Coast,Queensland,153.088812,-26.605268,1,normalised_exact,1995,17,146487,145305,291792,0,0,0,146487,145305,291792,7362,0,7362,39.63,0.0
SUNSHINE COAST,MCY,Sunshine Coast,Queensland,153.088812,-26.605268,1,normalised_exact,1996,15,159907,159238,319145,0,0,0,159907,159238,319145,8628,0,8628,36.99,0.0
SUNSHINE COAST,MCY,Sunshine Coast,Queensland,153.088812,-26.605268,1,normalised_exact,1997,18,142675,140681,283356,0,0,0,142675,140681,283356,6161,0,6161,45.99,0.0
SUNSHINE COAST,MCY,Sunshine Coast,Queensland,153.088812,-26.605268,1,normalised_exact,1998,18,141052,138494,279546,0,0,0,141052,138494,279546,6617,0,6617,42.25,0.0
SUNSHINE COAST,MCY,Sunshine Coast,Queensland,153.088812,-26.605268,1,normalised_exact,1999,16,148995,149538,298533,0,0,0,148995,149538,298533,9107,0,9107,32.78,0.0
SUNSHINE COAST,MCY,Sunshine Coast,Queensland,153.088812,-26.605268,1,normalised_exact,2000,18,134344,133958,268302,0,0,0,134344,133958,268302,9989,0,9989,26.86,0.0
SUNSHINE COAST,MCY,Sunshine Coast,Queensland,153.088812,-26.605268,1,normalised_exact,2001,18,115307,115390,230697,0,0,0,115307,115390,230697,7227,0,7227,31.92,0.0
SUNSHINE COAST,MCY,Sunshine Coast,Queensland,153.088812,-26.605268,1,normalised_exact,2002,17,121847,119853,241700,0,0,0,121847,119853,241700,4497,0,4497,53.75,0.0
SUNSHINE COAST,MCY,Sunshine Coast,Queensland,153.088812,-26.605268,1,normalised_exact,2003,15,196537,195596,392133,0,0,0,196537,195596,392133,5397,0,5397,72.66,0.0
SUNSHINE COAST,MCY,Sunshine Coast,Queensland,153.088812,-26.605268,1,normalised_exact,2004,14,257760,258407,516167,0,0,0,257760,258407,516167,6817,0,6817,75.72,0.0
SUNSHINE COAST,MCY,Sunshine Coast,Queensland,153.088812,-26.605268,1,normalised_exact,2005,13,382299,381838,764137,0,0,0,382299,381838,764137,7263,0,7263,105.21,0.0
SUNSHINE COAST,MCY,Sunshine Coast,Queensland,153.088812,-26.605268,1,normalised_exact,2006,14,421910,424813,846723,0,0,0,421910,424813,846723,6079,0,6079,139.29,0.0
SUNSHINE COAST,MCY,Sunshine Coast,Queensland,153.088812,-26.605268,1,normalised_exact,2007,14,435196,432973,868169,0,0,0,435196,432973,868169,6027,0,6027,144.05,0.0
SUNSHINE COAST,MCY,Sunshine Coast,Queensland,153.088812,-26.605268,1,normalised_exact,2008,14,476109,474414,950523,0,0,0,476109,474414,950523,6768,0,6768,140.44,0.0
SUNSHINE COAST,MCY,Sunshine Coast,Queensland,153.088812,-26.605268,1,normalised_exact,2009,15,429738,429269,859007,0,0,0,429738,429269,859007,5850,0,5850,146.84,0.0
SUNSHINE COAST,MCY,Sunshine Coast,Queensland,153.088812,-26.605268,1,normalised_exact,2010,15,431498,432171,863669,0,0,0,431498,432171,863669,6601,0,6601,130.84,0.0
SUNSHINE COAST,MCY,Sunshine Coast,Queensland,153.088812,-26.605268,1,normalised_exact,2011,15,426912,430503,857415,0,0,0,426912,430503,857415,6237,0,6237,137.47,0.0
SUNSHINE COAST,MCY,Sunshine Coast,Queensland,153.088812,-26.605268,1,normalised_exact,2012,16,394371,395291,789662,2864,2849,5713,397235,398140,795375,5395,48,5443,146.13,0.00718
SUNSHINE COAST,MCY,Sunshine Coast,Queensland,153.088812,-26.605268,1,normalised_exact,2013,15,428785,429314,858099,4398,4007,8405,433183,433321,866504,5892,68,5960,145.39,0.0097
SUNSHINE COAST,MCY,Sunshine Coast,Queensland,153.088812,-26.605268,1,normalised_exact,2014,15,430049,432051,862100,5415,4833,10248,435464,436884,872348,5900,84,5984,145.78,0.01175
SUNSHINE COAST,MCY,Sunshine Coast,Queensland,153.088812,-26.605268,1,normalised_exact,2015,14,443439,444667,888106,7056,6542,13598,450495,451209,901704,5933,114,6047,149.12,0.01508
SUNSHINE COAST,MCY,Sunshine Coast,Queensland,153.088812,-26.605268,1,normalised_exact,2016,14,495416,497336,992752,9327,8179,17506,504743,505515,1010258,6978,151,7129,141.71,0.01733
SUNSHINE COAST,MCY,Sunshine Coast,Queensland,153.088812,-26.605268,1,normalised_exact,2017,14,555993,556972,1112965,7445,6274,13719,563438,563246,1126684,7932,110,8042,140.1,0.01218
SUNSHINE COAST,MCY,Sunshine Coast,Queensland,153.088812,-26.605268,1,normalised_exact,2018,14,609711,610891,1220602,7619,6684,14303,617330,617575,1234905,8505,123,8628,143.13,0.01158
SUNSHINE COAST,MCY,Sunshine Coast,Queensland,153.088812,-26.605268,1,normalised_exact,2019,13,635509,634443,1269952,7088,5996,13084,642597,640439,1283036,8808,125,8933,143.63,0.0102
SUNSHINE COAST,MCY,Sunshine Coast,Queensland,153.088812,-26.605268,1,normalised_exact,2020,16,163594,163762,327356,0,0,0,163594,163762,327356,2624,0,2624,124.75,0.0
SUNSHINE COAST,MCY,Sunshine Coast,Queensland,153.088812,-26.605268,1,normalised_exact,2021,14,283809,285055,568864,202,310,512,284011,285365,569376,5845,10,5855,97.25,0.0009
SUNSHINE COAST,MCY,Sunshine Coast,Queensland,153.088812,-26.605268,1,normalised_exact,2022,12,737731,742439,1480170,4025,3877,7902,741756,746316,1488072,11129,56,11185,133.04,0.00531
SUNSHINE COAST,MCY,Sunshine Coast,Queensland,153.088812,-26.605268,1,normalised_exact,2023,10,922876,915978,1838854,6446,6337,12783,929322,922315,1851637,12713,96,12809,144.56,0.0069
SUNSHINE COAST,MCY,Sunshine Coast,Queensland,153.088812,-26.605268,1,normalised_exact,2024,11,840677,841679,1682356,8048,7889,15937,848725,849568,1698293,10971,112,11083,153.23,0.00938
SUNSHINE COAST,MCY,Sunshine Coast,Queensland,153.088812,-26.605268,1,normalised_exact,2025,11,836650,835834,1672484,27537,28370,55907,864187,864204,1728391,10502,406,10908,158.45,0.03235
SYDNEY,SYD,Sydney (Kingsford Smith) - Terminal 1,New South Wales,151.174714,-33.93431,3,normalised_exact,1985,1,3194709,3183325,6378034,1402153,1369967,2772120,4596862,4553292,9150154,115226,20068,135294,67.63,0.30296
SYDNEY,SYD,Sydney (Kingsford Smith) - Terminal 1,New South Wales,151.174714,-33.93431,3,normalised_exact,1986,1,3410103,3403111,6813214,1565404,1520933,3086337,4975507,4924044,9899551,119532,22031,141563,69.93,0.31177
SYDNEY,SYD,Sydney (Kingsford Smith) - Terminal 1,New South Wales,151.174714,-33.93431,3,normalised_exact,1987,1,3652839,3610677,7263516,1804592,1764917,3569509,5457431,5375594,10833025,123156,24874,148030,73.18,0.3295
SYDNEY,SYD,Sydney (Kingsford Smith) - Terminal 1,New South Wales,151.174714,-33.93431,3,normalised_exact,1988,1,4109920,4038008,8147928,2048596,2057864,4106460,6158516,6095872,12254388,132345,27955,160300,76.45,0.3351
SYDNEY,SYD,Sydney (Kingsford Smith) - Terminal 1,New South Wales,151.174714,-33.93431,3,normalised_exact,1989,1,3087975,3042685,6130660,2007167,2019129,4026296,5095142,5061814,10156956,110715,31176,141891,71.58,0.39641
SYDNEY,SYD,Sydney (Kingsford Smith) - Terminal 1,New South Wales,151.174714,-33.93431,3,normalised_exact,1990,1,3803772,3727373,7531145,2109365,2154726,4264091,5913137,5882099,11795236,128597,32512,161109,73.21,0.36151
SYDNEY,SYD,Sydney (Kingsford Smith) - Terminal 1,New South Wales,151.174714,-33.93431,3,normalised_exact,1991,1,4967461,4897902,9865363,2092851,2127421,4220272,7060312,7025323,14085635,141272,31983,173255,81.3,0.29962
SYDNEY,SYD,Sydney (Kingsford Smith) - Terminal 1,New South Wales,151.174714,-33.93431,3,normalised_exact,1992,1,5273781,5178851,10452632,2209085,2296571,4505656,7482866,7475422,14958288,158432,34813,193245,77.41,0.30121
SYDNEY,SYD,Sydney (Kingsford Smith) - Terminal 1,New South Wales,151.174714,-33.93431,3,normalised_exact,1993,1,5605666,5483727,11089393,2349534,2428481,4778015,7955200,7912208,15867408,168226,36230,204456,77.61,0.30112
SYDNEY,SYD,Sydney (Kingsford Smith) - Terminal 1,New South Wales,151.174714,-33.93431,3,normalised_exact,1994,1,6292521,6050575,12343096,2620935,2737559,5358494,8913456,8788134,17701590,177845,35567,213412,82.95,0.30271
SYDNEY,SYD,Sydney (Kingsford Smith) - Terminal 1,New South Wales,151.174714,-33.93431,3,normalised_exact,1995,1,6713009,6500543,13213552,2860569,2977882,5838451,9573578,9478425,19052003,189099,39001,228100,83.52,0.30645
SYDNEY,SYD,Sydney (Kingsford Smith) - Terminal 1,New South Wales,151.174714,-33.93431,3,normalised_exact,1996,1,7066370,6835310,13901680,3164586,3313158,6477744,10230956,10148468,20379424,199685,42183,241868,84.26,0.31786
SYDNEY,SYD,Sydney (Kingsford Smith) - Terminal 1,New South Wales,151.174714,-33.93431,3,normalised_exact,1997,1,7146795,6923339,14070134,3322047,3518649,6840696,10468842,10441988,20910830,201434,44259,245693,85.11,0.32714
SYDNEY,SYD,Sydney (Kingsford Smith) - Terminal 1,New South Wales,151.174714,-33.93431,3,normalised_exact,1998,1,7235965,7039112,14275077,3381651,3551900,6933551,10617616,10591012,21208628,204660,46444,251104,84.46,0.32692
SYDNEY,SYD,Sydney (Kingsford Smith) - Terminal 1,New South Wales,151.174714,-33.93431,3,normalised_exact,1999,1,7529074,7348827,14877901,3641339,3746814,7388153,11170413,11095641,22266054,204104,45920,250024,89.06,0.33181
SYDNEY,SYD,Sydney (Kingsford Smith) - Terminal 1,New South Wales,151.174714,-33.93431,3,normalised_exact,2000,1,8146586,8093724,16240310,4033463,4203760,8237223,12180049,12297484,24477533,219648,49808,269456,90.84,0.33652
SYDNEY,SYD,Sydney (Kingsford Smith) - Terminal 1,New South Wales,151.174714,-33.93431,3,normalised_exact,2001,1,8328562,8234734,16563296,4050012,4178961,8228973,12378574,12413695,24792269,214017,48354,262371,94.49,0.33192
SYDNEY,SYD,Sydney (Kingsford Smith) - Terminal 1,New South Wales,151.174714,-33.93431,3,normalised_exact,2002,1,7644875,7543033,15187908,3942082,4064693,8006775,11586957,11607726,23194683,175068,46458,221526,104.7,0.3452
SYDNEY,SYD,Sydney (Kingsford Smith) - Terminal 1,New South Wales,151.174714,-33.93431,3,normalised_exact,2003,1,8306809,8241513,16548322,3922337,4007504,7929841,12229146,12249017,24478163,180482,49140,229622,106.6,0.32396
SYDNEY,SYD,Sydney (Kingsford Smith) - Terminal 1,New South Wales,151.174714,-33.93431,3,normalised_exact,2004,1,9161108,9085141,18246249,4425862,4525963,8951825,13586970,13611104,27198074,197392,56116,253508,107.29,0.32913
SYDNEY,SYD,Sydney (Kingsford Smith) - Terminal 1,New South Wales,151.174714,-33.93431,3,normalised_exact,2005,1,9517733,9422434,18940167,4734192,4781791,9515983,14251925,14204225,28456150,199041,58703,257744,110.4,0.33441
SYDNEY,SYD,Sydney (Kingsford Smith) - Terminal 1,New South Wales,151.174714,-33.93431,3,normalised_exact,2006,1,10100938,10018062,20119000,4941157,4924813,9865970,15042095,14942875,29984970,202827,58222,261049,114.86,0.32903
SYDNEY,SYD,Sydney (Kingsford Smith) - Terminal 1,New South Wales,151.174714,-33.93431,3,normalised_exact,2007,1,10769730,10699325,21469055,5207278,5170962,10378240,15977008,15870287,31847295,209385,58536,267921,118.87,0.32588
SYDNEY,SYD,Sydney (Kingsford Smith) - Terminal 1,New South Wales,151.174714,-33.93431,3,normalised_exact,2008,1,11173998,11171907,22345905,5325234,5227666,10552900,16499232,16399573,32898805,218596,60236,278832,117.99,0.32077
SYDNEY,SYD,Sydney (Kingsford Smith) - Terminal 1,New South Wales,151.174714,-33.93431,3,normalised_exact,2009,1,11173827,11188945,22362772,5369063,5266207,10635270,16542890,16455152,32998042,208843,59900,268743,122.79,0.3223
SYDNEY,SYD,Sydney (Kingsford Smith) - Terminal 1,New South Wales,151.174714,-33.93431,3,normalised_exact,2010,1,12096207,12098597,24194804,5743999,5711538,11455537,17840206,17810135,35650341,226232,62516,288748,123.47,0.32133
SYDNEY,SYD,Sydney (Kingsford Smith) - Terminal 1,New South Wales,151.174714,-33.93431,3,normalised_exact,2011,1,11966410,11958941,23925351,5895629,5852953,11748582,17862039,17811894,35673933,224325,65001,289326,123.3,0.32933
SYDNEY,SYD,Sydney (Kingsford Smith) - Terminal 1,New South Wales,151.174714,-33.93431,3,normalised_exact,2012,1,12334056,12304821,24638877,6202670,6166523,12369193,18536726,18471344,37008070,233406,67057,300463,123.17,0.33423
SYDNEY,SYD,Sydney (Kingsford Smith) - Terminal 1,New South Wales,151.174714,-33.93431,3,normalised_exact,2013,1,12627848,12588813,25216661,6483721,6450164,12933885,19111569,19038977,38150546,237550,68900,306450,124.49,0.33902
SYDNEY,SYD,Sydney (Kingsford Smith) - Terminal 1,New South Wales,151.174714,-33.93431,3,normalised_exact,2014,1,12733521,12683586,25417107,6652183,6663652,13315835,19385704,19347238,38732942,235508,69547,305055,126.97,0.34379
SYDNEY,SYD,Sydney (Kingsford Smith) - Terminal 1,New South Wales,151.174714,-33.93431,3,normalised_exact,2015,1,12959388,12938231,25897619,6978460,6932768,13911228,19937848,19870999,39808847,242748,68453,311201,127.92,0.34945
SYDNEY,SYD,Sydney (Kingsford Smith) - Terminal 1,New South Wales,151.174714,-33.93431,3,normalised_exact,2016,1,13463437,13442507,26905944,7593690,7518287,15111977,21057127,20960794,42017921,245642,74374,320016,131.3,0.35966
SYDNEY,SYD,Sydney (Kingsford Smith) - Terminal 1,New South Wales,151.174714,-33.93431,3,normalised_exact,2017,1,13662784,13629090,27291874,8057732,7980454,16038186,21720516,21609544,43330060,242348,77925,320273,135.29,0.37014
SYDNEY,SYD,Sydney (Kingsford Smith) - Terminal 1,New South Wales,151.174714,-33.93431,3,normalised_exact,2018,1,13851080,13816193,27667273,8416205,8346280,16762485,22267285,22162473,44429758,239369,81207,320576,138.59,0.37728
SYDNEY,SYD,Sydney (Kingsford Smith) - Terminal 1,New South Wales,151.174714,-33.93431,3,normalised_exact,2019,1,13780056,13758348,27538404,8463522,8426919,16890441,22243578,22185267,44428845,242276,81868,324144,137.07,0.38017
SYDNEY,SYD,Sydney (Kingsford Smith) - Terminal 1,New South Wales,151.174714,-33.93431,3,normalised_exact,2020,1,3757763,3687017,7444780,1921734,1861178,3782912,5679497,5548195,11227692,85862,36113,121975,92.05,0.33693
SYDNEY,SYD,Sydney (Kingsford Smith) - Terminal 1,New South Wales,151.174714,-33.93431,3,normalised_exact,2021,1,3596082,3575677,7171759,320996,408533,729529,3917078,3984210,7901288,97266,27665,124931,63.25,0.09233
SYDNEY,SYD,Sydney (Kingsford Smith) - Terminal 1,New South Wales,151.174714,-33.93431,3,normalised_exact,2022,1,10452080,10420841,20872921,4140270,4043030,8183300,14592350,14463871,29056221,203000,49447,252447,115.1,0.28164
SYDNEY,SYD,Sydney (Kingsford Smith) - Terminal 1,New South Wales,151.174714,-33.93431,3,normalised_exact,2023,1,12054430,12024302,24078732,7397185,7241856,14639041,19451615,19266158,38717773,221177,74590,295767,130.91,0.3781
SYDNEY,SYD,Sydney (Kingsford Smith) - Terminal 1,New South Wales,151.174714,-33.93431,3,normalised_exact,2024,1,12546739,12510153,25056892,8231806,8171835,16403641,20778545,20681988,41460533,217619,80463,298082,139.09,0.39564
SYDNEY,SYD,Sydney (Kingsford Smith) - Terminal 1,New South Wales,151.174714,-33.93431,3,normalised_exact,2025,1,12667253,12641472,25308725,8675942,8581860,17257802,21343195,21223332,42566527,210719,82814,293533,145.01,0.40543
TAMWORTH,TMW,Tamworth,New South Wales,150.848465,-31.084299,1,normalised_exact,1985,23,49434,49382,98816,0,0,0,49434,49382,98816,4671,0,4671,21.16,0.0
TAMWORTH,TMW,Tamworth,New South Wales,150.848465,-31.084299,1,normalised_exact,1986,22,49524,50067,99591,0,0,0,49524,50067,99591,4679,0,4679,21.28,0.0
TAMWORTH,TMW,Tamworth,New South Wales,150.848465,-31.084299,1,normalised_exact,1987,23,60034,59378,119412,0,0,0,60034,59378,119412,5003,0,5003,23.87,0.0
TAMWORTH,TMW,Tamworth,New South Wales,150.848465,-31.084299,1,normalised_exact,1988,23,60994,60979,121973,0,0,0,60994,60979,121973,4650,0,4650,26.23,0.0
TAMWORTH,TMW,Tamworth,New South Wales,150.848465,-31.084299,1,normalised_exact,1989,26,38845,39228,78073,0,0,0,38845,39228,78073,4264,0,4264,18.31,0.0
TAMWORTH,TMW,Tamworth,New South Wales,150.848465,-31.084299,1,normalised_exact,1990,32,36304,35769,72073,0,0,0,36304,35769,72073,4766,0,4766,15.12,0.0
TAMWORTH,TMW,Tamworth,New South Wales,150.848465,-31.084299,1,normalised_exact,1991,26,50085,49666,99751,0,0,0,50085,49666,99751,6679,0,6679,14.94,0.0
TAMWORTH,TMW,Tamworth,New South Wales,150.848465,-31.084299,1,normalised_exact,1992,35,34308,34148,68456,0,0,0,34308,34148,68456,7255,0,7255,9.44,0.0
TAMWORTH,TMW,Tamworth,New South Wales,150.848465,-31.084299,1,normalised_exact,1993,37,36527,36030,72557,0,0,0,36527,36030,72557,8411,0,8411,8.63,0.0
TAMWORTH,TMW,Tamworth,New South Wales,150.848465,-31.084299,1,normalised_exact,1994,37,41235,41318,82553,0,0,0,41235,41318,82553,8260,0,8260,9.99,0.0
TAMWORTH,TMW,Tamworth,New South Wales,150.848465,-31.084299,1,normalised_exact,1995,36,40920,40989,81909,0,0,0,40920,40989,81909,8906,0,8906,9.2,0.0
TAMWORTH,TMW,Tamworth,New South Wales,150.848465,-31.084299,1,normalised_exact,1996,38,40538,40828,81366,0,0,0,40538,40828,81366,8362,0,8362,9.73,0.0
TAMWORTH,TMW,Tamworth,New South Wales,150.848465,-31.084299,1,normalised_exact,1997,38,40913,41112,82025,0,0,0,40913,41112,82025,7685,0,7685,10.67,0.0
TAMWORTH,TMW,Tamworth,New South Wales,150.848465,-31.084299,1,normalised_exact,1998,39,39884,40127,80011,0,0,0,39884,40127,80011,8017,0,8017,9.98,0.0
TAMWORTH,TMW,Tamworth,New South Wales,150.848465,-31.084299,1,normalised_exact,1999,38,41588,41523,83111,0,0,0,41588,41523,83111,8708,0,8708,9.54,0.0
TAMWORTH,TMW,Tamworth,New South Wales,150.848465,-31.084299,1,normalised_exact,2000,35,47939,48304,96243,0,0,0,47939,48304,96243,11502,0,11502,8.37,0.0
TAMWORTH,TMW,Tamworth,New South Wales,150.848465,-31.084299,1,normalised_exact,2001,34,44942,44723,89665,0,0,0,44942,44723,89665,9123,0,9123,9.83,0.0
TAMWORTH,TMW,Tamworth,New South Wales,150.848465,-31.084299,1,normalised_exact,2002,36,36105,36133,72238,0,0,0,36105,36133,72238,5545,0,5545,13.03,0.0
TAMWORTH,TMW,Tamworth,New South Wales,150.848465,-31.084299,1,normalised_exact,2003,40,34877,34944,69821,0,0,0,34877,34944,69821,4059,0,4059,17.2,0.0
TAMWORTH,TMW,Tamworth,New South Wales,150.848465,-31.084299,1,normalised_exact,2004,39,40489,40643,81132,0,0,0,40489,40643,81132,5064,0,5064,16.02,0.0
TAMWORTH,TMW,Tamworth,New South Wales,150.848465,-31.084299,1,normalised_exact,2005,41,45749,44589,90338,0,0,0,45749,44589,90338,5027,0,5027,17.97,0.0
TAMWORTH,TMW,Tamworth,New South Wales,150.848465,-31.084299,1,normalised_exact,2006,41,48036,47347,95383,0,0,0,48036,47347,95383,4826,0,4826,19.76,0.0
TAMWORTH,TMW,Tamworth,New South Wales,150.848465,-31.084299,1,normalised_exact,2007,41,50580,51692,102272,0,0,0,50580,51692,102272,3472,0,3472,29.46,0.0
TAMWORTH,TMW,Tamworth,New South Wales,150.848465,-31.084299,1,normalised_exact,2008,41,56058,55924,111982,0,0,0,56058,55924,111982,3544,0,3544,31.6,0.0
TAMWORTH,TMW,Tamworth,New South Wales,150.848465,-31.084299,1,normalised_exact,2009,38,61485,61797,123282,0,0,0,61485,61797,123282,3455,0,3455,35.68,0.0
TAMWORTH,TMW,Tamworth,New South Wales,150.848465,-31.084299,1,normalised_exact,2010,38,74370,74438,148808,0,0,0,74370,74438,148808,4440,0,4440,33.52,0.0
TAMWORTH,TMW,Tamworth,New South Wales,150.848465,-31.084299,1,normalised_exact,2011,38,77021,76993,154014,0,0,0,77021,76993,154014,4676,0,4676,32.94,0.0
TAMWORTH,TMW,Tamworth,New South Wales,150.848465,-31.084299,1,normalised_exact,2012,38,78866,78931,157797,0,0,0,78866,78931,157797,4574,0,4574,34.5,0.0
TAMWORTH,TMW,Tamworth,New South Wales,150.848465,-31.084299,1,normalised_exact,2013,40,79004,78680,157684,0,0,0,79004,78680,157684,4614,0,4614,34.18,0.0
TAMWORTH,TMW,Tamworth,New South Wales,150.848465,-31.084299,1,normalised_exact,2014,42,77532,76571,154103,0,0,0,77532,76571,154103,3739,0,3739,41.22,0.0
TAMWORTH,TMW,Tamworth,New South Wales,150.848465,-31.084299,1,normalised_exact,2015,40,78506,78037,156543,0,0,0,78506,78037,156543,4054,0,4054,38.61,0.0
TAMWORTH,TMW,Tamworth,New South Wales,150.848465,-31.084299,1,normalised_exact,2016,37,87750,88182,175932,0,0,0,87750,88182,175932,4637,0,4637,37.94,0.0
TAMWORTH,TMW,Tamworth,New South Wales,150.848465,-31.084299,1,normalised_exact,2017,35,98126,97836,195962,0,0,0,98126,97836,195962,5557,0,5557,35.26,0.0
TAMWORTH,TMW,Tamworth,New South Wales,150.848465,-31.084299,1,normalised_exact,2018,36,94824,94578,189402,0,0,0,94824,94578,189402,4978,0,4978,38.05,0.0
TAMWORTH,TMW,Tamworth,New South Wales,150.848465,-31.084299,1,normalised_exact,2019,37,94469,94445,188914,0,0,0,94469,94445,188914,5010,0,5010,37.71,0.0
TAMWORTH,TMW,Tamworth,New South Wales,150.848465,-31.084299,1,normalised_exact,2020,41,27934,26976,54910,0,0,0,27934,26976,54910,1878,0,1878,29.24,0.0
TAMWORTH,TMW,Tamworth,New South Wales,150.848465,-31.084299,1,normalised_exact,2021,46,28935,29003,57938,0,0,0,28935,29003,57938,2003,0,2003,28.93,0.0
TAMWORTH,TMW,Tamworth,New South Wales,150.848465,-31.084299,1,normalised_exact,2022,38,66874,66814,133688,0,0,0,66874,66814,133688,3716,0,3716,35.98,0.0
TAMWORTH,TMW,Tamworth,New South Wales,150.848465,-31.084299,1,normalised_exact,2023,38,84199,83247,167446,0,0,0,84199,83247,167446,3550,0,3550,47.17,0.0
TAMWORTH,TMW,Tamworth,New South Wales,150.848465,-31.084299,1,normalised_exact,2024,39,82585,82061,164646,0,0,0,82585,82061,164646,3483,0,3483,47.27,0.0
TAMWORTH,TMW,Tamworth,New South Wales,150.848465,-31.084299,1,normalised_exact,2025,39,79705,79309,159014,0,0,0,79705,79309,159014,3380,0,3380,47.05,0.0
THURSDAY ISLAND,,,,,,,unmatched,1985,,5981,6204,12185,0,0,0,5981,6204,12185,697,0,697,17.48,0.0
THURSDAY ISLAND,,,,,,,unmatched,1986,,8234,8416,16650,0,0,0,8234,8416,16650,905,0,905,18.4,0.0
THURSDAY ISLAND,,,,,,,unmatched,1987,,8772,9062,17834,0,0,0,8772,9062,17834,1299,0,1299,13.73,0.0
THURSDAY ISLAND,,,,,,,unmatched,1988,,12686,13619,26305,0,0,0,12686,13619,26305,3000,0,3000,8.77,0.0
THURSDAY ISLAND,,,,,,,unmatched,1989,,11472,11975,23447,0,0,0,11472,11975,23447,3102,0,3102,7.56,0.0
THURSDAY ISLAND,,,,,,,unmatched,1990,,8124,8484,16608,0,0,0,8124,8484,16608,1297,0,1297,12.8,0.0
THURSDAY ISLAND,,,,,,,unmatched,1991,,20119,21288,41407,0,0,0,20119,21288,41407,4072,0,4072,10.17,0.0
THURSDAY ISLAND,,,,,,,unmatched,1992,45,25347,26222,51569,0,0,0,25347,26222,51569,5851,0,5851,8.81,0.0
THURSDAY ISLAND,,,,,,,unmatched,1993,,19370,19185,38555,0,0,0,19370,19185,38555,3499,0,3499,11.02,0.0
THURSDAY ISLAND,,,,,,,unmatched,1994,,17279,17376,34655,0,0,0,17279,17376,34655,2212,0,2212,15.67,0.0
THURSDAY ISLAND,,,,,,,unmatched,1995,,16983,17210,34193,0,0,0,16983,17210,34193,1869,0,1869,18.29,0.0
THURSDAY ISLAND,,,,,,,unmatched,1996,,18087,18404,36491,0,0,0,18087,18404,36491,2314,0,2314,15.77,0.0
THURSDAY ISLAND,,,,,,,unmatched,1997,,20855,21142,41997,0,0,0,20855,21142,41997,1866,0,1866,22.51,0.0
THURSDAY ISLAND,,,,,,,unmatched,1998,,22133,21967,44100,0,0,0,22133,21967,44100,1893,0,1893,23.3,0.0
THURSDAY ISLAND,,,,,,,unmatched,1999,,22943,23407,46350,0,0,0,22943,23407,46350,2600,0,2600,17.83,0.0
THURSDAY ISLAND,,,,,,,unmatched,2000,,23239,23613,46852,0,0,0,23239,23613,46852,2234,0,2234,20.97,0.0
THURSDAY ISLAND,,,,,,,unmatched,2001,,22197,22432,44629,0,0,0,22197,22432,44629,1758,0,1758,25.39,0.0
THURSDAY ISLAND,,,,,,,unmatched,2002,,22370,22443,44813,0,0,0,22370,22443,44813,1789,0,1789,25.05,0.0
THURSDAY ISLAND,,,,,,,unmatched,2003,,22840,22776,45616,0,0,0,22840,22776,45616,1786,0,1786,25.54,0.0
THURSDAY ISLAND,,,,,,,unmatched,2004,,23666,23929,47595,0,0,0,23666,23929,47595,1778,0,1778,26.77,0.0
THURSDAY ISLAND,,,,,,,unmatched,2005,,24181,24335,48516,0,0,0,24181,24335,48516,1746,0,1746,27.79,0.0
THURSDAY ISLAND,,,,,,,unmatched,2006,54,26376,26312,52688,0,0,0,26376,26312,52688,1735,0,1735,30.37,0.0
THURSDAY ISLAND,,,,,,,unmatched,2007,54,30016,30097,60113,0,0,0,30016,30097,60113,1874,0,1874,32.08,0.0
THURSDAY ISLAND,,,,,,,unmatched,2008,51,32961,32977,65938,0,0,0,32961,32977,65938,1754,0,1754,37.59,0.0
THURSDAY ISLAND,,,,,,,unmatched,2009,51,30768,29848,60616,0,0,0,30768,29848,60616,1747,0,1747,34.7,0.0
THURSDAY ISLAND,,,,,,,unmatched,2010,52,31156,30341,61497,0,0,0,31156,30341,61497,1685,0,1685,36.5,0.0
THURSDAY ISLAND,,,,,,,unmatched,2011,47,41785,42420,84205,0,0,0,41785,42420,84205,4676,0,4676,18.01,0.0
THURSDAY ISLAND,,,,,,,unmatched,2012,47,47222,47416,94638,0,0,0,47222,47416,94638,7057,0,7057,13.41,0.0
THURSDAY ISLAND,,,,,,,unmatched,2013,47,45804,46469,92273,0,0,0,45804,46469,92273,6847,0,6847,13.48,0.0
THURSDAY ISLAND,,,,,,,unmatched,2014,47,42664,43611,86275,0,0,0,42664,43611,86275,5974,0,5974,14.44,0.0
THURSDAY ISLAND,,,,,,,unmatched,2015,46,44776,45552,90328,0,0,0,44776,45552,90328,6059,0,6059,14.91,0.0
THURSDAY ISLAND,,,,,,,unmatched,2016,46,48137,48424,96561,0,0,0,48137,48424,96561,6716,0,6716,14.38,0.0
THURSDAY ISLAND,,,,,,,unmatched,2017,46,48483,50102,98585,0,0,0,48483,50102,98585,6901,0,6901,14.29,0.0
THURSDAY ISLAND,,,,,,,unmatched,2018,46,49734,51009,100743,0,0,0,49734,51009,100743,6977,0,6977,14.44,0.0
THURSDAY ISLAND,,,,,,,unmatched,2019,46,48141,48855,96996,0,0,0,48141,48855,96996,6005,0,6005,16.15,0.0
THURSDAY ISLAND,,,,,,,unmatched,2020,38,30286,29558,59844,0,0,0,30286,29558,59844,3544,0,3544,16.89,0.0
THURSDAY ISLAND,,,,,,,unmatched,2021,33,46860,46441,93301,0,0,0,46860,46441,93301,6121,0,6121,15.24,0.0
THURSDAY ISLAND,,,,,,,unmatched,2022,45,47616,48341,95957,0,0,0,47616,48341,95957,5744,0,5744,16.71,0.0
THURSDAY ISLAND,,,,,,,unmatched,2023,44,52593,54372,106965,0,0,0,52593,54372,106965,6680,0,6680,16.01,0.0
THURSDAY ISLAND,,,,,,,unmatched,2024,43,58098,59090,117188,0,0,0,58098,59090,117188,9094,0,9094,12.89,0.0
THURSDAY ISLAND,,,,,,,unmatched,2025,43,58203,58759,116962,0,0,0,58203,58759,116962,8345,0,8345,14.02,0.0
TOOWOOMBA WELLCAMP,,,,,,,unmatched,2014,,3102,2935,6037,0,0,0,3102,2935,6037,120,0,120,50.31,0.0
TOOWOOMBA WELLCAMP,,,,,,,unmatched,2015,55,31573,30477,62050,0,0,0,31573,30477,62050,2085,0,2085,29.76,0.0
TOOWOOMBA WELLCAMP,,,,,,,unmatched,2016,45,56951,55248,112199,0,0,0,56951,55248,112199,3217,8,3225,34.79,0.0
TOOWOOMBA WELLCAMP,,,,,,,unmatched,2017,42,72355,70611,142966,0,0,0,72355,70611,142966,3887,76,3963,36.08,0.0
TOOWOOMBA WELLCAMP,,,,,,,unmatched,2018,43,64829,62813,127642,0,0,0,64829,62813,127642,3461,96,3557,35.88,0.0
TOOWOOMBA WELLCAMP,,,,,,,unmatched,2019,43,56574,53783,110357,0,0,0,56574,53783,110357,3085,100,3185,34.65,0.0
TOOWOOMBA WELLCAMP,,,,,,,unmatched,2020,,14483,13836,28319,0,0,0,14483,13836,28319,1537,182,1719,16.47,0.0
TOOWOOMBA WELLCAMP,,,,,,,unmatched,2021,,9065,9586,18651,0,0,0,9065,9586,18651,1440,223,1663,11.22,0.0
TOOWOOMBA WELLCAMP,,,,,,,unmatched,2022,,18503,18439,36942,0,0,0,18503,18439,36942,1792,68,1860,19.86,0.0
TOOWOOMBA WELLCAMP,,,,,,,unmatched,2023,56,32994,32278,65272,0,0,0,32994,32278,65272,1732,102,1834,35.59,0.0
TOOWOOMBA WELLCAMP,,,,,,,unmatched,2024,,24593,24686,49279,0,0,0,24593,24686,49279,1486,104,1590,30.99,0.0
TOOWOOMBA WELLCAMP,,,,,,,unmatched,2025,,17136,16832,33968,0,0,0,17136,16832,33968,1314,40,1354,25.09,0.0
TOWNSVILLE,TSV,Townsville,Queensland,146.770627,-19.256245,1,normalised_exact,1985,6,481632,483559,965191,12982,12556,25538,494614,496115,990729,17601,209,17810,55.63,0.02578
TOWNSVILLE,TSV,Townsville,Queensland,146.770627,-19.256245,1,normalised_exact,1986,7,494745,496179,990924,15171,14474,29645,509916,510653,1020569,17036,306,17342,58.85,0.02905
TOWNSVILLE,TSV,Townsville,Queensland,146.770627,-19.256245,1,normalised_exact,1987,8,487307,490377,977684,12283,11946,24229,499590,502323,1001913,16627,275,16902,59.28,0.02418
TOWNSVILLE,TSV,Townsville,Queensland,146.770627,-19.256245,1,normalised_exact,1988,9,480680,481929,962609,11423,10551,21974,492103,492480,984583,16575,372,16947,58.1,0.02232
TOWNSVILLE,TSV,Townsville,Queensland,146.770627,-19.256245,1,normalised_exact,1989,9,290206,289459,579665,9739,10053,19792,299945,299512,599457,13448,509,13957,42.95,0.03302
TOWNSVILLE,TSV,Townsville,Queensland,146.770627,-19.256245,1,normalised_exact,1990,11,257202,257854,515056,8960,9145,18105,266162,266999,533161,11324,322,11646,45.78,0.03396
TOWNSVILLE,TSV,Townsville,Queensland,146.770627,-19.256245,1,normalised_exact,1991,12,244424,248015,492439,1621,1259,2880,246045,249274,495319,14867,88,14955,33.12,0.00581
TOWNSVILLE,TSV,Townsville,Queensland,146.770627,-19.256245,1,normalised_exact,1992,12,259360,260265,519625,362,543,905,259722,260808,520530,14168,36,14204,36.65,0.00174
TOWNSVILLE,TSV,Townsville,Queensland,146.770627,-19.256245,1,normalised_exact,1993,12,255905,257410,513315,2435,2671,5106,258340,260081,518421,14264,208,14472,35.82,0.00985
TOWNSVILLE,TSV,Townsville,Queensland,146.770627,-19.256245,1,normalised_exact,1994,12,272322,275543,547865,1737,2294,4031,274059,277837,551896,15592,116,15708,35.13,0.0073
TOWNSVILLE,TSV,Townsville,Queensland,146.770627,-19.256245,1,normalised_exact,1995,12,293924,297353,591277,0,0,0,293924,297353,591277,16562,0,16562,35.7,0.0
TOWNSVILLE,TSV,Townsville,Queensland,146.770627,-19.256245,1,normalised_exact,1996,12,300676,304370,605046,0,0,0,300676,304370,605046,17624,0,17624,34.33,0.0
TOWNSVILLE,TSV,Townsville,Queensland,146.770627,-19.256245,1,normalised_exact,1997,12,306312,307773,614085,106,134,240,306418,307907,614325,17930,104,18034,34.06,0.00039
TOWNSVILLE,TSV,Townsville,Queensland,146.770627,-19.256245,1,normalised_exact,1998,12,317408,319204,636612,247,169,416,317655,319373,637028,17393,44,17437,36.53,0.00065
TOWNSVILLE,TSV,Townsville,Queensland,146.770627,-19.256245,1,normalised_exact,1999,12,333352,334706,668058,125,117,242,333477,334823,668300,17535,25,17560,38.06,0.00036
TOWNSVILLE,TSV,Townsville,Queensland,146.770627,-19.256245,1,normalised_exact,2000,12,345337,346151,691488,0,0,0,345337,346151,691488,18771,0,18771,36.84,0.0
TOWNSVILLE,TSV,Townsville,Queensland,146.770627,-19.256245,1,normalised_exact,2001,11,368415,368227,736642,68,79,147,368483,368306,736789,15831,34,15865,46.44,0.0002
TOWNSVILLE,TSV,Townsville,Queensland,146.770627,-19.256245,1,normalised_exact,2002,11,363042,365782,728824,0,0,0,363042,365782,728824,13571,0,13571,53.7,0.0
TOWNSVILLE,TSV,Townsville,Queensland,146.770627,-19.256245,1,normalised_exact,2003,11,416640,422759,839399,0,0,0,416640,422759,839399,16401,0,16401,51.18,0.0
TOWNSVILLE,TSV,Townsville,Queensland,146.770627,-19.256245,1,normalised_exact,2004,11,499874,503018,1002892,0,0,0,499874,503018,1002892,18129,0,18129,55.32,0.0
TOWNSVILLE,TSV,Townsville,Queensland,146.770627,-19.256245,1,normalised_exact,2005,11,548206,548623,1096829,0,0,0,548206,548623,1096829,22137,0,22137,49.55,0.0
TOWNSVILLE,TSV,Townsville,Queensland,146.770627,-19.256245,1,normalised_exact,2006,11,621735,624585,1246320,0,0,0,621735,624585,1246320,21682,6,21688,57.47,0.0
TOWNSVILLE,TSV,Townsville,Queensland,146.770627,-19.256245,1,normalised_exact,2007,11,654597,655559,1310156,0,0,0,654597,655559,1310156,20344,0,20344,64.4,0.0
TOWNSVILLE,TSV,Townsville,Queensland,146.770627,-19.256245,1,normalised_exact,2008,11,707037,704718,1411755,0,0,0,707037,704718,1411755,20254,0,20254,69.7,0.0
TOWNSVILLE,TSV,Townsville,Queensland,146.770627,-19.256245,1,normalised_exact,2009,11,744138,738092,1482230,0,0,0,744138,738092,1482230,23537,0,23537,62.97,0.0
TOWNSVILLE,TSV,Townsville,Queensland,146.770627,-19.256245,1,normalised_exact,2010,11,793836,794914,1588750,432,882,1314,794268,795796,1590064,28249,15,28264,56.26,0.00083
TOWNSVILLE,TSV,Townsville,Queensland,146.770627,-19.256245,1,normalised_exact,2011,11,802745,804546,1607291,5046,4546,9592,807791,809092,1616883,28541,104,28645,56.45,0.00593
TOWNSVILLE,TSV,Townsville,Queensland,146.770627,-19.256245,1,normalised_exact,2012,11,803208,806530,1609738,0,0,0,803208,806530,1609738,27679,0,27679,58.16,0.0
TOWNSVILLE,TSV,Townsville,Queensland,146.770627,-19.256245,1,normalised_exact,2013,11,778079,778500,1556579,0,0,0,778079,778500,1556579,27231,0,27231,57.16,0.0
TOWNSVILLE,TSV,Townsville,Queensland,146.770627,-19.256245,1,normalised_exact,2014,11,748303,749538,1497841,0,0,0,748303,749538,1497841,25741,0,25741,58.19,0.0
TOWNSVILLE,TSV,Townsville,Queensland,146.770627,-19.256245,1,normalised_exact,2015,11,749762,750349,1500111,4845,6278,11123,754607,756627,1511234,25044,89,25133,60.13,0.00736
TOWNSVILLE,TSV,Townsville,Queensland,146.770627,-19.256245,1,normalised_exact,2016,11,744116,743884,1488000,20409,21070,41479,764525,764954,1529479,25294,307,25601,59.74,0.02712
TOWNSVILLE,TSV,Townsville,Queensland,146.770627,-19.256245,1,normalised_exact,2017,11,768506,772984,1541490,23978,24557,48535,792484,797541,1590025,25305,458,25763,61.72,0.03052
TOWNSVILLE,TSV,Townsville,Queensland,146.770627,-19.256245,1,normalised_exact,2018,11,795366,798745,1594111,8287,7900,16187,803653,806645,1610298,24246,224,24470,65.81,0.01005
TOWNSVILLE,TSV,Townsville,Queensland,146.770627,-19.256245,1,normalised_exact,2019,11,802304,804970,1607274,0,0,0,802304,804970,1607274,23997,0,23997,66.98,0.0
TOWNSVILLE,TSV,Townsville,Queensland,146.770627,-19.256245,1,normalised_exact,2020,10,381828,375214,757042,0,0,0,381828,375214,757042,15037,0,15037,50.35,0.0
TOWNSVILLE,TSV,Townsville,Queensland,146.770627,-19.256245,1,normalised_exact,2021,10,535608,538390,1073998,0,0,0,535608,538390,1073998,19489,0,19489,55.11,0.0
TOWNSVILLE,TSV,Townsville,Queensland,146.770627,-19.256245,1,normalised_exact,2022,11,749760,755548,1505308,0,0,0,749760,755548,1505308,23247,0,23247,64.75,0.0
TOWNSVILLE,TSV,Townsville,Queensland,146.770627,-19.256245,1,normalised_exact,2023,12,834320,835764,1670084,0,0,0,834320,835764,1670084,24614,0,24614,67.85,0.0
TOWNSVILLE,TSV,Townsville,Queensland,146.770627,-19.256245,1,normalised_exact,2024,12,822340,824276,1646616,0,0,0,822340,824276,1646616,23878,0,23878,68.96,0.0
TOWNSVILLE,TSV,Townsville,Queensland,146.770627,-19.256245,1,normalised_exact,2025,12,821707,824937,1646644,0,0,0,821707,824937,1646644,23457,0,23457,70.2,0.0
WAGGA WAGGA,WGA,Wagga Wagga,New South Wales,147.461988,-35.159135,1,normalised_exact,1985,29,41881,42152,84033,0,0,0,41881,42152,84033,5935,0,5935,14.16,0.0
WAGGA WAGGA,WGA,Wagga Wagga,New South Wales,147.461988,-35.159135,1,normalised_exact,1986,28,43953,44551,88504,0,0,0,43953,44551,88504,5925,0,5925,14.94,0.0
WAGGA WAGGA,WGA,Wagga Wagga,New South Wales,147.461988,-35.159135,1,normalised_exact,1987,30,43368,43408,86776,0,0,0,43368,43408,86776,5950,0,5950,14.58,0.0
WAGGA WAGGA,WGA,Wagga Wagga,New South Wales,147.461988,-35.159135,1,normalised_exact,1988,27,45889,45256,91145,0,0,0,45889,45256,91145,6063,0,6063,15.03,0.0
WAGGA WAGGA,WGA,Wagga Wagga,New South Wales,147.461988,-35.159135,1,normalised_exact,1989,28,37336,36379,73715,0,0,0,37336,36379,73715,5529,0,5529,13.33,0.0
WAGGA WAGGA,WGA,Wagga Wagga,New South Wales,147.461988,-35.159135,1,normalised_exact,1990,23,48082,47466,95548,0,0,0,48082,47466,95548,5295,0,5295,18.04,0.0
WAGGA WAGGA,WGA,Wagga Wagga,New South Wales,147.461988,-35.159135,1,normalised_exact,1991,24,53630,52234,105864,0,0,0,53630,52234,105864,6309,0,6309,16.78,0.0
WAGGA WAGGA,WGA,Wagga Wagga,New South Wales,147.461988,-35.159135,1,normalised_exact,1992,22,60925,60602,121527,0,0,0,60925,60602,121527,9071,0,9071,13.4,0.0
WAGGA WAGGA,WGA,Wagga Wagga,New South Wales,147.461988,-35.159135,1,normalised_exact,1993,24,60968,61502,122470,0,0,0,60968,61502,122470,9384,0,9384,13.05,0.0
WAGGA WAGGA,WGA,Wagga Wagga,New South Wales,147.461988,-35.159135,1,normalised_exact,1994,27,57993,58524,116517,0,0,0,57993,58524,116517,6866,0,6866,16.97,0.0
WAGGA WAGGA,WGA,Wagga Wagga,New South Wales,147.461988,-35.159135,1,normalised_exact,1995,29,58314,58244,116558,0,0,0,58314,58244,116558,7173,0,7173,16.25,0.0
WAGGA WAGGA,WGA,Wagga Wagga,New South Wales,147.461988,-35.159135,1,normalised_exact,1996,25,64284,64252,128536,0,0,0,64284,64252,128536,8012,0,8012,16.04,0.0
WAGGA WAGGA,WGA,Wagga Wagga,New South Wales,147.461988,-35.159135,1,normalised_exact,1997,25,67280,67526,134806,0,0,0,67280,67526,134806,7799,0,7799,17.29,0.0
WAGGA WAGGA,WGA,Wagga Wagga,New South Wales,147.461988,-35.159135,1,normalised_exact,1998,27,65238,65144,130382,0,0,0,65238,65144,130382,7434,0,7434,17.54,0.0
WAGGA WAGGA,WGA,Wagga Wagga,New South Wales,147.461988,-35.159135,1,normalised_exact,1999,28,64675,65234,129909,0,0,0,64675,65234,129909,7911,0,7911,16.42,0.0
WAGGA WAGGA,WGA,Wagga Wagga,New South Wales,147.461988,-35.159135,1,normalised_exact,2000,28,65811,65766,131577,0,0,0,65811,65766,131577,7906,0,7906,16.64,0.0
WAGGA WAGGA,WGA,Wagga Wagga,New South Wales,147.461988,-35.159135,1,normalised_exact,2001,26,60297,60653,120950,0,0,0,60297,60653,120950,7966,0,7966,15.18,0.0
WAGGA WAGGA,WGA,Wagga Wagga,New South Wales,147.461988,-35.159135,1,normalised_exact,2002,26,52865,53438,106303,0,0,0,52865,53438,106303,6346,0,6346,16.75,0.0
WAGGA WAGGA,WGA,Wagga Wagga,New South Wales,147.461988,-35.159135,1,normalised_exact,2003,26,58391,59434,117825,0,0,0,58391,59434,117825,6670,0,6670,17.66,0.0
WAGGA WAGGA,WGA,Wagga Wagga,New South Wales,147.461988,-35.159135,1,normalised_exact,2004,26,73445,74539,147984,0,0,0,73445,74539,147984,6717,0,6717,22.03,0.0
WAGGA WAGGA,WGA,Wagga Wagga,New South Wales,147.461988,-35.159135,1,normalised_exact,2005,27,81255,82319,163574,0,0,0,81255,82319,163574,7122,0,7122,22.97,0.0
WAGGA WAGGA,WGA,Wagga Wagga,New South Wales,147.461988,-35.159135,1,normalised_exact,2006,27,92463,93641,186104,0,0,0,92463,93641,186104,7821,0,7821,23.8,0.0
WAGGA WAGGA,WGA,Wagga Wagga,New South Wales,147.461988,-35.159135,1,normalised_exact,2007,27,107672,109975,217647,0,0,0,107672,109975,217647,8205,0,8205,26.53,0.0
WAGGA WAGGA,WGA,Wagga Wagga,New South Wales,147.461988,-35.159135,1,normalised_exact,2008,27,109128,110728,219856,0,0,0,109128,110728,219856,7624,0,7624,28.84,0.0
WAGGA WAGGA,WGA,Wagga Wagga,New South Wales,147.461988,-35.159135,1,normalised_exact,2009,28,103134,104153,207287,0,0,0,103134,104153,207287,7638,0,7638,27.14,0.0
WAGGA WAGGA,WGA,Wagga Wagga,New South Wales,147.461988,-35.159135,1,normalised_exact,2010,28,107349,108330,215679,0,0,0,107349,108330,215679,7350,0,7350,29.34,0.0
WAGGA WAGGA,WGA,Wagga Wagga,New South Wales,147.461988,-35.159135,1,normalised_exact,2011,32,103249,103878,207127,0,0,0,103249,103878,207127,7128,0,7128,29.06,0.0
WAGGA WAGGA,WGA,Wagga Wagga,New South Wales,147.461988,-35.159135,1,normalised_exact,2012,35,103870,104603,208473,0,0,0,103870,104603,208473,6839,0,6839,30.48,0.0
WAGGA WAGGA,WGA,Wagga Wagga,New South Wales,147.461988,-35.159135,1,normalised_exact,2013,36,103801,104824,208625,0,0,0,103801,104824,208625,7029,0,7029,29.68,0.0
WAGGA WAGGA,WGA,Wagga Wagga,New South Wales,147.461988,-35.159135,1,normalised_exact,2014,35,104858,106176,211034,0,0,0,104858,106176,211034,7081,0,7081,29.8,0.0
WAGGA WAGGA,WGA,Wagga Wagga,New South Wales,147.461988,-35.159135,1,normalised_exact,2015,33,104277,105602,209879,0,0,0,104277,105602,209879,7119,0,7119,29.48,0.0
WAGGA WAGGA,WGA,Wagga Wagga,New South Wales,147.461988,-35.159135,1,normalised_exact,2016,32,106601,107799,214400,0,0,0,106601,107799,214400,7176,0,7176,29.88,0.0
WAGGA WAGGA,WGA,Wagga Wagga,New South Wales,147.461988,-35.159135,1,normalised_exact,2017,33,112046,112320,224366,0,0,0,112046,112320,224366,7656,0,7656,29.31,0.0
WAGGA WAGGA,WGA,Wagga Wagga,New South Wales,147.461988,-35.159135,1,normalised_exact,2018,31,107635,108385,216020,0,0,0,107635,108385,216020,7039,0,7039,30.69,0.0
WAGGA WAGGA,WGA,Wagga Wagga,New South Wales,147.461988,-35.159135,1,normalised_exact,2019,33,103353,104064,207417,0,0,0,103353,104064,207417,6796,0,6796,30.52,0.0
WAGGA WAGGA,WGA,Wagga Wagga,New South Wales,147.461988,-35.159135,1,normalised_exact,2020,37,30447,30746,61193,0,0,0,30447,30746,61193,2576,0,2576,23.76,0.0
WAGGA WAGGA,WGA,Wagga Wagga,New South Wales,147.461988,-35.159135,1,normalised_exact,2021,44,33555,34573,68128,0,0,0,33555,34573,68128,2867,0,2867,23.76,0.0
WAGGA WAGGA,WGA,Wagga Wagga,New South Wales,147.461988,-35.159135,1,normalised_exact,2022,32,85847,87003,172850,0,0,0,85847,87003,172850,5763,0,5763,29.99,0.0
WAGGA WAGGA,WGA,Wagga Wagga,New South Wales,147.461988,-35.159135,1,normalised_exact,2023,34,98462,98505,196967,0,0,0,98462,98505,196967,6202,0,6202,31.76,0.0
WAGGA WAGGA,WGA,Wagga Wagga,New South Wales,147.461988,-35.159135,1,normalised_exact,2024,33,103847,103637,207484,0,0,0,103847,103637,207484,6019,0,6019,34.47,0.0
WAGGA WAGGA,WGA,Wagga Wagga,New South Wales,147.461988,-35.159135,1,normalised_exact,2025,31,110340,110729,221069,0,0,0,110340,110729,221069,5825,0,5825,37.95,0.0
WEIPA,WEI,Weipa,Queensland,141.924093,-12.6807,1,normalised_exact,1985,,17151,17216,34367,0,0,0,17151,17216,34367,1748,0,1748,19.66,0.0
WEIPA,WEI,Weipa,Queensland,141.924093,-12.6807,1,normalised_exact,1986,,21974,21921,43895,0,0,0,21974,21921,43895,2150,0,2150,20.42,0.0
WEIPA,WEI,Weipa,Queensland,141.924093,-12.6807,1,normalised_exact,1987,,19322,19425,38747,0,0,0,19322,19425,38747,2040,0,2040,18.99,0.0
WEIPA,WEI,Weipa,Queensland,141.924093,-12.6807,1,normalised_exact,1988,,20940,21184,42124,0,0,0,20940,21184,42124,1984,0,1984,21.23,0.0
WEIPA,WEI,Weipa,Queensland,141.924093,-12.6807,1,normalised_exact,1989,,15266,15156,30422,0,0,0,15266,15156,30422,1356,0,1356,22.44,0.0
WEIPA,WEI,Weipa,Queensland,141.924093,-12.6807,1,normalised_exact,1990,,7528,8385,15913,0,0,0,7528,8385,15913,1309,0,1309,12.16,0.0
WEIPA,WEI,Weipa,Queensland,141.924093,-12.6807,1,normalised_exact,1991,,12527,12939,25466,0,0,0,12527,12939,25466,1374,0,1374,18.53,0.0
WEIPA,WEI,Weipa,Queensland,141.924093,-12.6807,1,normalised_exact,1992,,11390,11745,23135,0,0,0,11390,11745,23135,1103,0,1103,20.97,0.0
WEIPA,WEI,Weipa,Queensland,141.924093,-12.6807,1,normalised_exact,1993,,11572,11732,23304,0,0,0,11572,11732,23304,784,0,784,29.72,0.0
WEIPA,WEI,Weipa,Queensland,141.924093,-12.6807,1,normalised_exact,1994,,13226,13483,26709,0,0,0,13226,13483,26709,735,0,735,36.34,0.0
WEIPA,WEI,Weipa,Queensland,141.924093,-12.6807,1,normalised_exact,1995,,14820,14965,29785,0,0,0,14820,14965,29785,754,0,754,39.5,0.0
WEIPA,WEI,Weipa,Queensland,141.924093,-12.6807,1,normalised_exact,1996,,15671,16221,31892,0,0,0,15671,16221,31892,735,0,735,43.39,0.0
WEIPA,WEI,Weipa,Queensland,141.924093,-12.6807,1,normalised_exact,1997,,14709,15094,29803,0,0,0,14709,15094,29803,938,0,938,31.77,0.0
WEIPA,WEI,Weipa,Queensland,141.924093,-12.6807,1,normalised_exact,1998,,17081,17323,34404,0,0,0,17081,17323,34404,936,0,936,36.76,0.0
WEIPA,WEI,Weipa,Queensland,141.924093,-12.6807,1,normalised_exact,1999,,15512,15675,31187,0,0,0,15512,15675,31187,924,0,924,33.75,0.0
WEIPA,WEI,Weipa,Queensland,141.924093,-12.6807,1,normalised_exact,2000,,14882,14935,29817,0,0,0,14882,14935,29817,862,0,862,34.59,0.0
WEIPA,WEI,Weipa,Queensland,141.924093,-12.6807,1,normalised_exact,2001,,13989,13992,27981,0,0,0,13989,13992,27981,732,0,732,38.23,0.0
WEIPA,WEI,Weipa,Queensland,141.924093,-12.6807,1,normalised_exact,2002,,15004,15379,30383,0,0,0,15004,15379,30383,925,0,925,32.85,0.0
WEIPA,WEI,Weipa,Queensland,141.924093,-12.6807,1,normalised_exact,2003,,16606,16760,33366,0,0,0,16606,16760,33366,990,0,990,33.7,0.0
WEIPA,WEI,Weipa,Queensland,141.924093,-12.6807,1,normalised_exact,2004,,22032,22423,44455,0,0,0,22032,22423,44455,1247,0,1247,35.65,0.0
WEIPA,WEI,Weipa,Queensland,141.924093,-12.6807,1,normalised_exact,2005,,20738,21250,41988,0,0,0,20738,21250,41988,1224,0,1224,34.3,0.0
WEIPA,WEI,Weipa,Queensland,141.924093,-12.6807,1,normalised_exact,2006,,23530,23749,47279,0,0,0,23530,23749,47279,1382,0,1382,34.21,0.0
WEIPA,WEI,Weipa,Queensland,141.924093,-12.6807,1,normalised_exact,2007,,24363,24754,49117,0,0,0,24363,24754,49117,1642,0,1642,29.91,0.0
WEIPA,WEI,Weipa,Queensland,141.924093,-12.6807,1,normalised_exact,2008,54,30113,30320,60433,0,0,0,30113,30320,60433,1781,0,1781,33.93,0.0
WEIPA,WEI,Weipa,Queensland,141.924093,-12.6807,1,normalised_exact,2009,53,28278,28824,57102,0,0,0,28278,28824,57102,1472,0,1472,38.79,0.0
WEIPA,WEI,Weipa,Queensland,141.924093,-12.6807,1,normalised_exact,2010,56,26833,26996,53829,0,0,0,26833,26996,53829,1042,0,1042,51.66,0.0
WEIPA,WEI,Weipa,Queensland,141.924093,-12.6807,1,normalised_exact,2011,55,32374,33021,65395,0,0,0,32374,33021,65395,1406,0,1406,46.51,0.0
WEIPA,WEI,Weipa,Queensland,141.924093,-12.6807,1,normalised_exact,2012,53,34865,35730,70595,0,0,0,34865,35730,70595,1718,0,1718,41.09,0.0
WEIPA,WEI,Weipa,Queensland,141.924093,-12.6807,1,normalised_exact,2013,52,34492,35438,69930,0,0,0,34492,35438,69930,1750,0,1750,39.96,0.0
WEIPA,WEI,Weipa,Queensland,141.924093,-12.6807,1,normalised_exact,2014,52,33286,33485,66771,0,0,0,33286,33485,66771,1687,0,1687,39.58,0.0
WEIPA,WEI,Weipa,Queensland,141.924093,-12.6807,1,normalised_exact,2015,51,33157,33299,66456,0,0,0,33157,33299,66456,2104,0,2104,31.59,0.0
WEIPA,WEI,Weipa,Queensland,141.924093,-12.6807,1,normalised_exact,2016,51,34494,34297,68791,0,0,0,34494,34297,68791,2222,0,2222,30.96,0.0
WEIPA,WEI,Weipa,Queensland,141.924093,-12.6807,1,normalised_exact,2017,50,37796,37290,75086,0,0,0,37796,37290,75086,1983,0,1983,37.86,0.0
WEIPA,WEI,Weipa,Queensland,141.924093,-12.6807,1,normalised_exact,2018,49,40239,40168,80407,0,0,0,40239,40168,80407,1758,0,1758,45.74,0.0
WEIPA,WEI,Weipa,Queensland,141.924093,-12.6807,1,normalised_exact,2019,56,36111,36070,72181,0,0,0,36111,36070,72181,1552,0,1552,46.51,0.0
WEIPA,WEI,Weipa,Queensland,141.924093,-12.6807,1,normalised_exact,2020,,20192,21259,41451,0,0,0,20192,21259,41451,1027,0,1027,40.36,0.0
WEIPA,WEI,Weipa,Queensland,141.924093,-12.6807,1,normalised_exact,2021,37,37634,38165,75799,0,0,0,37634,38165,75799,1669,0,1669,45.42,0.0
WEIPA,WEI,Weipa,Queensland,141.924093,-12.6807,1,normalised_exact,2022,49,42407,41965,84372,0,0,0,42407,41965,84372,1632,0,1632,51.7,0.0
WEIPA,WEI,Weipa,Queensland,141.924093,-12.6807,1,normalised_exact,2023,50,44152,43005,87157,0,0,0,44152,43005,87157,1705,0,1705,51.12,0.0
WEIPA,WEI,Weipa,Queensland,141.924093,-12.6807,1,normalised_exact,2024,50,46150,46287,92437,0,0,0,46150,46287,92437,1792,0,1792,51.58,0.0
WEIPA,WEI,Weipa,Queensland,141.924093,-12.6807,1,normalised_exact,2025,50,49855,49985,99840,0,0,0,49855,49985,99840,1786,0,1786,55.9,0.0
WHYALLA,WYA,Whyalla,South Australia,137.521832,-33.052365,1,normalised_exact,1985,44,25603,26139,51742,0,0,0,25603,26139,51742,3675,0,3675,14.08,0.0
WHYALLA,WYA,Whyalla,South Australia,137.521832,-33.052365,1,normalised_exact,1986,,24485,24303,48788,0,0,0,24485,24303,48788,5325,0,5325,9.16,0.0
WHYALLA,WYA,Whyalla,South Australia,137.521832,-33.052365,1,normalised_exact,1987,,19258,19036,38294,0,0,0,19258,19036,38294,3722,0,3722,10.29,0.0
WHYALLA,WYA,Whyalla,South Australia,137.521832,-33.052365,1,normalised_exact,1988,,19420,18444,37864,0,0,0,19420,18444,37864,3190,0,3190,11.87,0.0
WHYALLA,WYA,Whyalla,South Australia,137.521832,-33.052365,1,normalised_exact,1989,,20597,19910,40507,0,0,0,20597,19910,40507,2949,0,2949,13.74,0.0
WHYALLA,WYA,Whyalla,South Australia,137.521832,-33.052365,1,normalised_exact,1990,,21713,21221,42934,0,0,0,21713,21221,42934,3206,0,3206,13.39,0.0
WHYALLA,WYA,Whyalla,South Australia,137.521832,-33.052365,1,normalised_exact,1991,,24418,24230,48648,0,0,0,24418,24230,48648,4406,0,4406,11.04,0.0
WHYALLA,WYA,Whyalla,South Australia,137.521832,-33.052365,1,normalised_exact,1992,,22853,22897,45750,0,0,0,22853,22897,45750,4106,0,4106,11.14,0.0
WHYALLA,WYA,Whyalla,South Australia,137.521832,-33.052365,1,normalised_exact,1993,,22718,22743,45461,0,0,0,22718,22743,45461,4459,0,4459,10.2,0.0
WHYALLA,WYA,Whyalla,South Australia,137.521832,-33.052365,1,normalised_exact,1994,,24458,24590,49048,0,0,0,24458,24590,49048,4465,0,4465,10.98,0.0
WHYALLA,WYA,Whyalla,South Australia,137.521832,-33.052365,1,normalised_exact,1995,48,25766,25837,51603,0,0,0,25766,25837,51603,4759,0,4759,10.84,0.0
WHYALLA,WYA,Whyalla,South Australia,137.521832,-33.052365,1,normalised_exact,1996,46,25528,25572,51100,0,0,0,25528,25572,51100,4750,0,4750,10.76,0.0
WHYALLA,WYA,Whyalla,South Australia,137.521832,-33.052365,1,normalised_exact,1997,46,24992,25160,50152,0,0,0,24992,25160,50152,4738,0,4738,10.59,0.0
WHYALLA,WYA,Whyalla,South Australia,137.521832,-33.052365,1,normalised_exact,1998,46,25252,25466,50718,0,0,0,25252,25466,50718,4756,0,4756,10.66,0.0
WHYALLA,WYA,Whyalla,South Australia,137.521832,-33.052365,1,normalised_exact,1999,,24144,24541,48685,0,0,0,24144,24541,48685,4692,0,4692,10.38,0.0
WHYALLA,WYA,Whyalla,South Australia,137.521832,-33.052365,1,normalised_exact,2000,,21670,22017,43687,0,0,0,21670,22017,43687,4362,0,4362,10.02,0.0
WHYALLA,WYA,Whyalla,South Australia,137.521832,-33.052365,1,normalised_exact,2001,,20269,20757,41026,0,0,0,20269,20757,41026,4793,0,4793,8.56,0.0
WHYALLA,WYA,Whyalla,South Australia,137.521832,-33.052365,1,normalised_exact,2002,,17773,18251,36024,0,0,0,17773,18251,36024,4594,0,4594,7.84,0.0
WHYALLA,WYA,Whyalla,South Australia,137.521832,-33.052365,1,normalised_exact,2003,,19605,19981,39586,0,0,0,19605,19981,39586,4171,0,4171,9.49,0.0
WHYALLA,WYA,Whyalla,South Australia,137.521832,-33.052365,1,normalised_exact,2004,49,24985,25396,50381,0,0,0,24985,25396,50381,3980,0,3980,12.66,0.0
WHYALLA,WYA,Whyalla,South Australia,137.521832,-33.052365,1,normalised_exact,2005,49,29263,29601,58864,0,0,0,29263,29601,58864,4225,0,4225,13.93,0.0
WHYALLA,WYA,Whyalla,South Australia,137.521832,-33.052365,1,normalised_exact,2006,47,34695,35254,69949,0,0,0,34695,35254,69949,4778,0,4778,14.64,0.0
WHYALLA,WYA,Whyalla,South Australia,137.521832,-33.052365,1,normalised_exact,2007,47,39454,39712,79166,0,0,0,39454,39712,79166,4445,0,4445,17.81,0.0
WHYALLA,WYA,Whyalla,South Australia,137.521832,-33.052365,1,normalised_exact,2008,48,38054,38704,76758,0,0,0,38054,38704,76758,3298,0,3298,23.27,0.0
WHYALLA,WYA,Whyalla,South Australia,137.521832,-33.052365,1,normalised_exact,2009,50,30712,31282,61994,0,0,0,30712,31282,61994,2734,0,2734,22.68,0.0
WHYALLA,WYA,Whyalla,South Australia,137.521832,-33.052365,1,normalised_exact,2010,49,32058,32538,64596,0,0,0,32058,32538,64596,2861,0,2861,22.58,0.0
WHYALLA,WYA,Whyalla,South Australia,137.521832,-33.052365,1,normalised_exact,2011,53,33718,34362,68080,0,0,0,33718,34362,68080,2852,0,2852,23.87,0.0
WHYALLA,WYA,Whyalla,South Australia,137.521832,-33.052365,1,normalised_exact,2012,52,36163,37030,73193,0,0,0,36163,37030,73193,3048,0,3048,24.01,0.0
WHYALLA,WYA,Whyalla,South Australia,137.521832,-33.052365,1,normalised_exact,2013,54,33090,33738,66828,0,0,0,33090,33738,66828,3018,0,3018,22.14,0.0
WHYALLA,WYA,Whyalla,South Australia,137.521832,-33.052365,1,normalised_exact,2014,55,30094,30653,60747,0,0,0,30094,30653,60747,2934,0,2934,20.7,0.0
WHYALLA,WYA,Whyalla,South Australia,137.521832,-33.052365,1,normalised_exact,2015,50,33062,33817,66879,0,0,0,33062,33817,66879,3760,0,3760,17.79,0.0
WHYALLA,WYA,Whyalla,South Australia,137.521832,-33.052365,1,normalised_exact,2016,54,30910,31717,62627,0,0,0,30910,31717,62627,3956,0,3956,15.83,0.0
WHYALLA,WYA,Whyalla,South Australia,137.521832,-33.052365,1,normalised_exact,2017,54,31993,32590,64583,0,0,0,31993,32590,64583,3742,0,3742,17.26,0.0
WHYALLA,WYA,Whyalla,South Australia,137.521832,-33.052365,1,normalised_exact,2018,52,37523,38437,75960,0,0,0,37523,38437,75960,3685,0,3685,20.61,0.0
WHYALLA,WYA,Whyalla,South Australia,137.521832,-33.052365,1,normalised_exact,2019,52,38871,39916,78787,0,0,0,38871,39916,78787,4129,0,4129,19.08,0.0
WHYALLA,WYA,Whyalla,South Australia,137.521832,-33.052365,1,normalised_exact,2020,,13984,14202,28186,0,0,0,13984,14202,28186,1594,0,1594,17.68,0.0
WHYALLA,WYA,Whyalla,South Australia,137.521832,-33.052365,1,normalised_exact,2021,,23739,24132,47871,0,0,0,23739,24132,47871,2266,0,2266,21.13,0.0
WHYALLA,WYA,Whyalla,South Australia,137.521832,-33.052365,1,normalised_exact,2022,57,27314,27581,54895,0,0,0,27314,27581,54895,2632,0,2632,20.86,0.0
WHYALLA,WYA,Whyalla,South Australia,137.521832,-33.052365,1,normalised_exact,2023,62,26094,26357,52451,0,0,0,26094,26357,52451,1964,0,1964,26.71,0.0
WHYALLA,WYA,Whyalla,South Australia,137.521832,-33.052365,1,normalised_exact,2024,,21819,21937,43756,0,0,0,21819,21937,43756,1512,0,1512,28.94,0.0
WHYALLA,WYA,Whyalla,South Australia,137.521832,-33.052365,1,normalised_exact,2025,,22663,23092,45755,0,0,0,22663,23092,45755,1416,0,1416,32.31,0.0
WOLLONGONG,,,,,,,unmatched,1985,,704,635,1339,0,0,0,704,635,1339,400,0,400,3.35,0.0
WOLLONGONG,,,,,,,unmatched,1986,,536,548,1084,0,0,0,536,548,1084,363,0,363,2.99,0.0
WOLLONGONG,,,,,,,unmatched,1987,,381,361,742,0,0,0,381,361,742,310,0,310,2.39,0.0
WOLLONGONG,,,,,,,unmatched,1994,,150,150,300,0,0,0,150,150,300,96,0,96,3.12,0.0
WOLLONGONG,,,,,,,unmatched,1997,,205,205,410,0,0,0,205,205,410,160,0,160,2.56,0.0
WOLLONGONG,,,,,,,unmatched,1998,,1341,1341,2682,0,0,0,1341,1341,2682,1102,0,1102,2.43,0.0
WOLLONGONG,,,,,,,unmatched,1999,,2298,2298,4596,0,0,0,2298,2298,4596,1970,0,1970,2.33,0.0
WOLLONGONG,,,,,,,unmatched,2000,,1683,1801,3484,0,0,0,1683,1801,3484,1034,0,1034,3.37,0.0
WOLLONGONG,,,,,,,unmatched,2001,,68,97,165,0,0,0,68,97,165,41,0,41,4.02,0.0
WOLLONGONG,,,,,,,unmatched,2005,,4961,4543,9504,0,0,0,4961,4543,9504,419,0,419,22.68,0.0
WOLLONGONG,,,,,,,unmatched,2006,,7986,7583,15569,0,0,0,7986,7583,15569,708,0,708,21.99,0.0
WOLLONGONG,,,,,,,unmatched,2007,,8266,8359,16625,0,0,0,8266,8359,16625,699,0,699,23.78,0.0
WOLLONGONG,,,,,,,unmatched,2008,,4508,4443,8951,0,0,0,4508,4443,8951,380,0,380,23.56,0.0
WOLLONGONG,,,,,,,unmatched,2017,,2917,2922,5839,0,0,0,2917,2922,5839,292,0,292,20.0,0.0
WOLLONGONG,,,,,,,unmatched,2018,,7935,8070,16005,0,0,0,7935,8070,16005,835,0,835,19.17,0.0
WOLLONGONG,,,,,,,unmatched,2019,,8667,13681,22348,0,0,0,8667,13681,22348,1482,0,1482,15.08,0.0
WOLLONGONG,,,,,,,unmatched,2020,,4259,4209,8468,0,0,0,4259,4209,8468,562,0,562,15.07,0.0
WOLLONGONG,,,,,,,unmatched,2021,,4092,3962,8054,0,0,0,4092,3962,8054,623,0,623,12.93,0.0
WOLLONGONG,,,,,,,unmatched,2022,,9766,9763,19529,0,0,0,9766,9763,19529,940,0,940,20.78,0.0
WOLLONGONG,,,,,,,unmatched,2023,,11296,11262,22558,0,0,0,11296,11262,22558,1242,0,1242,18.16,0.0
WOLLONGONG,,,,,,,unmatched,2024,,8866,8988,17854,0,0,0,8866,8988,17854,1018,0,1018,17.54,0.0
WOLLONGONG,,,,,,,unmatched,2025,,8006,7997,16003,0,0,0,8006,7997,16003,1061,0,1061,15.08,0.0
